name,category,detailed categories,address,city,county,zip,phone,email,website,facebook,instagram,hours,months,products,snap,organic,lat,lng,sources
100x Farm,Farms & Ranches,On-Farm / Ranch Sales,1618 3rd Avenue,Longmont,Boulder,80501,(303) 746-5675,,https://www.modernfarmsteads.com/,https://www.facebook.com/mfarmsteads,https://www.instagram.com/100xfarm/,,,"Flowers, Fruit, Herbs, Vegetables",,,40.167034,-105.119934,Colorado Proud member directory
2BeeKPers,Farms & Ranches,On-Farm / Ranch Sales,,Elizabeth,Elbert,80107,(303) 738-0464,,https://www.2beekpers.com/,https://www.facebook.com/2BeeKPers/,https://www.instagram.com/2beekpers/,,,"Bee Keeping, Honey, Honey & Honey Products",,,39.360266,-104.596915,Colorado Proud member directory
2nd Ave Farms LLC,Farms & Ranches,On-Farm / Ranch Sales,214 2nd Avenue,La Salle,Weld,80645,(970) 939-6445,,,https://www.facebook.com/profile.php?id=100092236218142&mibextid=LQQJ4d,https://instagram.com/2nd.avenue.farms?igshid=OGQ5ZDc2ODk2ZA==,,,Crops & Agricultural Products,,,40.351598,-104.703905,Colorado Proud member directory
"4B Ranch Livestock, LLC",Farms & Ranches,On-Farm / Ranch Sales,"35198 County Road 19, Fort Morgan CO 80701",FORT MORGAN,Morgan,80701,(970) 380-4433,4branchlivestock@gmail.com,https://4branchlivestock.com,https://www.facebook.com/4BRanchLivestock,,Mon: 10am to 5pm; Tue: 10am to 5pm; Wed: 10am to 5pm; Thu: 10am to 5pm; Fri: 10am to 5pm; Sat: 10am to 5pm,"November, December, October, September, August, July, June, May, April, March, February, January","Baked Goods, Eggs",,,40.512138,-103.790135,Colorado Proud Farm Fresh Directory; Colorado Proud member directory
"4D Ranch, LLC",Farms & Ranches; Farm Stands; Shops & Grocers,On-Farm / Ranch Sales; Roadside Market; Food Maker,15220 Demmler Road,Colorado Springs,El Paso,80928,(719) 332-4711,,,,,,,"Baked Goods, Baking Mixes & Supplies, Bread, Cakes, Cookies, Crafts, Dried Fruit, Eggs, Jam, Jam, Jelly & Preserves, Muffins, Nut & Seed Products, Pickles & Pickled Products, Popcorn & Popcorn Products, Services - Food & Agricultural, Spice Blends, Spices & Seasoning",,,38.610236,-104.446399,Colorado Proud member directory
4M Ranch LLC,Farms & Ranches,On-Farm / Ranch Sales,48271 Hwy 74,Meeker,Rio Blanco,81641,(970) 665-8744,,,,,,,Beef,,,40.037473,-107.91313,Colorado Proud member directory
5 Bar Angus Ranch,Farms & Ranches,On-Farm / Ranch Sales,83654 U.S. 40,Craig,Moffat,81625,(970) 629-2468,,https://www.5barangus.com,https://www.facebook.com/5BarAngus,https://www.instagram.com/5barangus/?hl=en,,,Beef,,,40.512814,-107.491997,Colorado Proud member directory
5 Rings Seasoning Co,Shops & Grocers,Grocery Store,1270 Grand,Norwood,San Miguel,81423,(281) 508-5355,,,,,,,Spices & Seasoning,,,38.130546,-108.292304,Colorado Proud member directory
"5280 Mushrooms, LLC",Shops & Grocers,Food Maker,12351 Quince Street,Thornton,Adams,80602,(303) 931-7265,,https://5280mushroomsandmicrogreens.com,https://www.facebook.com/5280mushroomsandmicrogreens/,,,,"Microgreens, Mushrooms",,,39.920104,-104.902431,Colorado Proud member directory
63rd St. Farm,CSA & Farm Shares,CSA Farm,3796 N 63rd St,Boulder,Boulder,80301,(720) 938-3059,63rdstfarm@gmail.com,http://www.63rdstfarm.com/,https://www.facebook.com/pages/63rd-Street-Farm/335289626511934,,,"June, July, August, September, October, November",,,,40.086201,-105.206452,USDA local food directories
7 Anubis Farms,Farms & Ranches,On-Farm / Ranch Sales,23991 County Road 40,Akron,Washington,80720,(970) 630-1330,7anubisent@gmail.com,https://www.7anubisfarms.com/,,,,,"Apples, Artichokes, Asparagus, Baked Goods, Basil, Beans, Beets, Blueberries, Bluegill, Bok Choy, Broccoli, Cabbage, Carrots, Cauliflower, Chard, Cherries, Chicken, Chicken (Prepared), Chicks, Chives, Cilantro, Collards, Corn, Crops & Agricultural Products, Cucumbers, Dill, Duck, Eggplant, Eggs, Fennel, Fruit, Garlic, Gourds (Edible)",,,40.149371,-103.247172,USDA local food directories; Colorado Proud member directory
7 Rivers Farmers Market,Farmers' Markets,Farmers' Market,2500 Main Avenue,Durango,La Plata,81301,(970) 844-0800,,,https://www.facebook.com/7riversfarmersmarket,https://www.instagram.com/7riversfarmersmarket,,,"Bagels, Baked Goods, Barbecue, Basil, Beef, Cheese, Chicken, Cilantro, Dill, Jam, Jam, Jelly & Preserves, Kale, Lettuce, Pickles & Pickled Products, Prepared Food, Soups & Stews, Turkey, Turnips, Winter Squash, Yogurt, Zucchini",,,37.274999,-107.878392,Colorado Proud member directory
7th Street Community Cafe,Restaurants & Caterers,Restaurant,2232 North 7th Street,Grand Junction,Mesa,81501,(970) 243-8827,,https://www.communitycafegj.com/,,https://www.instagram.com/communitycafegj,,,"Baked Goods, Baked Goods Manufacturing, Bread, Dried Fruit, Fruit Processing, Ice Cream, Jam, Jam, Jelly & Preserves, Prepared Food, Prepared Food Manufacturing, Salads, Sandwiches / Subs / Hoagies",,,39.087729,-108.560091,Colorado Proud member directory
A Kitchen Mouse,Shops & Grocers,Bakery,P.O. Box 741082,Arvada,Jefferson,80006,(720) 588-0583,,https://www.akitchenmouse.com,https://www.facebook.com/AKitchenMouse,https://www.instagram.com/a_kitchen_mouse,,,"Baked Goods, Bread, Cakes, Cookies, Muffins",,,39.85,-105.08,Colorado Proud member directory
A Pinch of Lavender LLC,Farms & Ranches,On-Farm / Ranch Sales,3616 G Road,Palisade,Mesa,81526,(480) 580-5773,,https://NielsenVillage.com,https://facebook.com/apinchoflavender,https://instagram.com/apinchoflavender,,,"Baking Mixes & Supplies, Essential Oils, Herbs, Lavender, Spice Blends, Spices & Seasoning, Sugars, Value-Added Non-Food Products",,,39.106467,-108.382102,Colorado Proud member directory
A Wren's Nest Farm,Farms & Ranches,On-Farm / Ranch Sales,402 S Neilson Ave,Pueblo,Pueblo,81001,(719) 214-6686,palhadef@gmail.com,,https://www.facebook.com/AWrensNestFarm,,,,,,,38.263941,-104.55794,USDA local food directories
A&J Ranch,Farms & Ranches,On-Farm / Ranch Sales,,,,,,,,,,,,,,,,,Colorado Proud member directory
ABC Farm,Agritourism,Agritourism,18598 Wcr 8,brighton,Adams,80603,,,,,,,,,,,39.994815,-104.63763,USDA local food directories
ABF Farms,Farms & Ranches; Farm Stands,On-Farm / Ranch Sales; Roadside Market; Meat Producer & Packer,31 East State Highway 56,Berthoud,Weld,80513,(970) 290-2150,,https://abfarms.co,https://www.facebook.com/abffarmstwinpeakscreamery,https://www.instagram.com/abffarms/?fbclid=IwY2xjawPWITVleHRuA2FlbQIxMQBicmlkETFoTVBESlo1NTB1TGJKWUZ0c3J0YwZhcHBfaWQBMAABHrp2TwCFT9JltQDVswnp3NnJDOQkmBCeS6HI1XEqvhegiYUPUMTgxeL8AFi__aem_Z5DVHwvH8_2npi-8iKdJWQ,,,"Alfalfa, Beef, Cheese, Cheese Confections / Snacks, Dairy Product Manufacturing, Eggs, Hay & Forage, Honey, Livestock - Beef Cattle, Milk & Dairy Products",,,40.305641,-105.054396,Colorado Proud member directory
Abundant Life Organic Farms,Farm Stands,Roadside Market,31733 HIGHWAY 92,HOTCHKISS,Delta,81419,(970) 985-8842,,,https://www.facebook.com/abundantlifeorganicfarmsco,https://www.instagram.com/abundantlifeorganicfarms/,,"May, June, July, August, September, October, November","Apricots, Beets, Bell Peppers, Cantaloupe, Carrots, Chile Peppers, Cucumbers, Garlic, Green Beans, Herbs, Honeydew, Lettuce, Onions, Peaches, Pears, Zucchini, Watermelon, Turnips, Tomatoes, Sweet Corn, Strawberries, Squash, Spinach, Raspberries, Potatoes, Plums, Peas, Yak cuts, Jams, Honey, Pickles",,Yes,38.800431,-107.767904,Colorado Proud Farm Fresh Directory
Adam's Apple Orchard & Country Store,Agritourism; Farms & Ranches,Agritourism; On-Farm / Ranch Sales,42135 Weld County Road 43,Ault,Weld,80610,,masonvilleorchards@email.com,https://adamsapplecolorado.com/,,,,,,,,40.625203,-104.658081,USDA local food directories
Adams Apple Country Store,Agritourism,Agritourism,42135 Co Rd 43,Ault,Weld,80610,,,http://adamsapplecolorado.com/,,,,,,,,40.612473,-104.660864,USDA local food directories
Adams Natural Meats,Farms & Ranches,Meat Producer & Packer,33850 U.S. 40,Evergreen,Jefferson,80439,(303) 674-3123,,,,,,,Buffalo,,,39.716628,-105.386758,Colorado Proud member directory
Adobe House Farm,CSA & Farm Shares,CSA Farm,910 Co Rd 252,Durango,La Plata,81301,(970) 317-0309,linley@adobehousefarm.com,http://www.adobehousefarm.com/,https://www.facebook.com/adobehouse.farm,,,"June, July, August, September, October",,,,37.384487,-107.836058,USDA local food directories
Ahavah Farm,CSA & Farm Shares,CSA Farm,7545 Log Rd,Peyton,El Paso,80831,(719) 233-7828,,http://www.ahavahfarm.com,,,,,,,,38.940276,-104.423397,USDA local food directories
Alamosa Farmers' Market,Farmers' Markets,Farmers' Market,Corner of 6th and Ross,Alamosa,Alamosa,81101,(719) 849-1083,alamosafarmersmarket@gmail.com,https://www.alamosafarmersmarket.org/,https://www.facebook.com/alamosafarmersmarket,https://instagram.com/alamosa_farmers_market,Sat: 8 am - 1:30 pm,"July, August, September, October","Apples, Apricots, Beets, Bell Peppers, Broccoli, Cabbage, Cantaloupe, Cauliflower, Carrots, Cherries, Chile Peppers, Chile - Roasted, Cucumbers, Eggplant, Garlic, Green Beans, Herbs, Kale, Lettuce, Mushrooms, Onions, Peaches, Pears, Peas, Pinto Beans, Plums, Potatoes, Pumpkins, Radishes, Raspberries, Rhubarb, Spinach, Squash, Sweet Corn, Tomatoes, Turnips, Watermelon, Zucchini, Buffalo, Jerky, Lamb, Baked Goods, Cheese, Eggs, Honey, Jams, Jellies, Handcrafted Gifts",Yes,,37.467116,-105.870132,Colorado Proud Farm Fresh Directory; Colorado Proud farmers market map; Colorado Farmers Market Association; USDA local food directories; Colorado Proud member directory
"AlcheMeats, LLC",Shops & Grocers,Grocery Store,16890 E Alameda Pkwy,Aurora,Arapahoe,80017,(712) 251-5490,,https://shopalchemeats.com,https://www.facebook.com/share/14RfmmqpUv/?mibextid=JRoKGi,https://www.instagram.com/alchemeatsllc/profilecard/?igsh=MTY2cHBubHdlam9vNQ==,,,"Spice Blends, Spices & Seasoning",,,39.705695,-104.791926,Colorado Proud member directory
Alida's Fruits,Farm Stands,Roadside Market,3402 C 1/2 Road,Palisade,Mesa,81526,(970) 434-8769,,https://alidasfruits.com/,https://www.facebook.com/AlidasFruits,,,,"Apples, Candy & Confections, Jam, Jam, Jelly & Preserves, Peaches",,,39.056124,-108.421531,Colorado Proud member directory
Alpen Dough,Shops & Grocers,Food Maker,"77 Red Barn, Edwards, CO 81632, USA",Edwards,Eagle,81632,(970) 390-1764,,,,,,,Baked Goods,,,39.641954,-106.58016,Colorado Proud member directory
Alpine Valley Mushrooms,Farms & Ranches,On-Farm / Ranch Sales,319 San Juan Avenue,Saguache,Saguache,81149,(719) 207-3827,,,https://www.facebook.com/alpinevalleymushrooms?mibextid=LQQJ4d,https://instagram.com/alpinevalleymushrooms?igshid=NTc4MTIwNjQ2YQ==,,,Mushrooms,,Yes,38.08641,-106.136452,Colorado Proud member directory
"Altius Farms, Inc.",Farms & Ranches,On-Farm / Ranch Sales,2500/200 Lawrence Street,Denver,Denver,80205,(303) 961-2022,,https://www.altiusfarms.com,https://www.facebook.com/altiusfarms/,https://www.instagram.com/altiusfarms/,,,"Flowers, Herbs, Lettuce",,,39.756877,-104.985021,Colorado Proud member directory
Anavera Farm,Farms & Ranches,On-Farm / Ranch Sales,23966 County Road 13,La Jara,Conejos,81140,(713) 992-8622,,,https://www.facebook.com/profile.php?id=61593928703392,,,,,,,37.341586,-106.01981,Colorado Proud member directory
Ancestral Skincare Co,Farms & Ranches,On-Farm / Ranch Sales,2655 South Eastover Street,Bennett,Arapahoe,80102,(209) 202-8472,,https://ancestralskincare.co,,https://instagram.com/ancestralskincare.co?igshid=OGQ5ZDc2ODk2ZA==,,,Value-Added Non-Food Products,,,39.666359,-104.430499,Colorado Proud member directory
Anderson Farms,U-Pick; Agritourism; Farms & Ranches,U-Pick; Agritourism; On-Farm / Ranch Sales,6728 County Rd 3 1/4,Erie,Weld,80516,(303) 828-5210,info@andersonfarms.com,https://andersonfarms.com/,https://www.facebook.com/AndersonfarmsCO,https://andersonfarmsco,Mon: Varies; Wed: Varies; Thu: Varies; Fri: Varies; Sat: Varies; Sun: Varies,"August, September, October","Pumpkins, Squash, Baked Goods, Honey, Jellies, Jams, Pickles, Popcorn, Cider, Handcrafted Gifts, Sunflowers, Wildflowers",,,40.098501,-105.031773,Colorado Proud Farm Fresh Directory; USDA local food directories; Colorado Proud member directory
Anderson's Patchwork Pumpkins,Agritourism,Agritourism,415 Highway 14,Ault,Weld,80610,(970) 227-4661,,,,,,,,,,40.582577,-104.72718,USDA local food directories
Angels Bakehouse,Shops & Grocers,Food Maker,,,,,(719) 601-7578,,,https://www.facebook.com/angelbakes2024,https://www.instagram.com/angelsbakehouse_/,,,Cookies,Yes,,,,Colorado Proud member directory
Antelope Creek Ranch Wagyu,Farms & Ranches,On-Farm / Ranch Sales,Online Sales Only,Wiggins,Morgan,80654,(720) 318-9921,antelopecreekranch@yahoo.com,https://www.antelopecreekranchwagyu.com,https://www.facebook.com/antelopecreekranchwagyu,https://www.instagram.com/antelopecreekranchwagyu,,"December, November, October, September, August, July, June, May, April, February, March, January","Beef, Jerky, Sausage, Skin Care Wagyu Beef Tallow",,,40.167884,-104.056428,Colorado Proud Farm Fresh Directory; Colorado Proud member directory
Anthony's Pizza & Pasta,Restaurants & Caterers,Restaurant,300 Josephine St,Denver,Denver,80206,(720) 932-1800,,https://iloveanthonys.com/,https://www.facebook.com/AnthonysPizzaandPasta/,https://www.instagram.com/anthonyspizzaandpasta/?hl=en,,,Pizza,,,39.721214,-104.957943,Colorado Proud member directory
Aqua Duck Farms L.L.C.,Shops & Grocers,Bakery,11868 West Aqueduct Drive,Littleton,Jefferson,80127,(412) 973-7966,,https://aquaduckfarms.com,https://www.facebook.com/aquaduckbakery/,,,,"Bagels, Baked Goods, Baking Mixes & Supplies, Bread, Cakes, Chocolate & Cocoa Products, Cookies, Dairy Alternative Products, Doughnuts, Doughs & Crusts, Eggs, Local Delivery, Muffins, Seasonal Events & Activities",,,39.61716,-105.132131,Colorado Proud member directory
Aragon Farms LLC,Farms & Ranches; Shops & Grocers,On-Farm / Ranch Sales; Food Maker,13600 HWY 392,Greeley,Weld,80631,(970) 631-2056,,https://aragonfarmsco.com,,,,,"Beef, Bread, Eggs",,,40.480623,-104.808842,Colorado Proud member directory
ArborScape Inc,Shops & Grocers,Food Maker,3295 S Zuni St,Sheridan,Arapahoe,80110,(303) 806-8733,,https://www.arborscapeservices.com/,https://www.facebook.com/ArborscapeTree,https://www.instagram.com/arborscape_inc/,,,"Crops & Agricultural Products, Firewood, Nursery & Horticulture Products, Value-Added Non-Food Products",,,39.656988,-105.016229,Colorado Proud member directory
Arkansas Valley Christian Mission,Food Assistance,Food Bank,"122 Cottonwood Ave, Buena Vista, CO 81211",,Chaffee,,(719) 395-9321,ark.christian.mission@gmail.com,https://www.avcmbv.org/,,,"Tue, Wed, Fri: 11:00am - 2:00pm",,"Groceries, client pantry",,,38.839845,-106.133041,Chaffee Provides
Arriola Sunshine Farm,Farms & Ranches,On-Farm / Ranch Sales,17702 Road 23,Dolores,Montezuma,81323,(970) 739-2445,ekstramas@gmail.com,https://arriolasunshinefarm.com,https://www.facebook.com/churrosheeparriolasunshinefarm,https://www.instagram.com/sunshinefarmchurros/,Sat: 9AM-4PM,"January, February, March, April, May, June, July, August, September, October, November, December","Lamb, Handcrafted Gifts, Navajo Churro Breeding Stock, Wool, Sheepskin Pelts,",,,37.465866,-108.627701,Colorado Proud Farm Fresh Directory; Colorado Proud member directory
Arrowpoint Cattle Company,Farms & Ranches,On-Farm / Ranch Sales,21900 County Road 196,Nathrop,Chaffee,81236,(303) 618-3135,arrowpointcc@aol.com,https://www.arrowpointcattle.com,,https://www.instagram.com/arrowpointprovisions/,,,"Grass-fed Highland beef, pork, dog treats, soaps, salves, candles, tanned hides, breeding stock",,,38.730347,-106.07423,Chaffee Provides
Arvada Farmers Market,Farmers' Markets,Farmers' Market,57th & Old Wadsworth,Arvada,Jefferson,80002,(720) 675-8757,arvadafarmersmarket@gmail.com,https://www.arvadafarmersmarket.com,https://facebook.com/arvadafarmersmarket,,,,,,,39.80015,-105.08145,USDA local food directories
Arvada Five Parks Farmers Market,Farmers' Markets,Farmers' Market,13810 W. 85th Dr,Arvada,Jefferson,80005,(303) 456-7624,lfdsloans@outlook.com*lfdsloans@lemeridianfds.com,https://arvadafiveparksfarmersmarket.blogspot.com/,https://www.facebook.com/pages/Arvada-Five-Parks-Farmers-Market/469569033116556,,,,,,,39.849168,-105.155468,USDA local food directories
Aspen Baking Company,Shops & Grocers,Bakery,8035 East 40th Ave,Denver,Denver,80207,(303) 333-6025,,https://aspenbaking.com,https://www.facebook.com/aspen.baking/,https://www.instagram.com/aspenbakingcompany/,,,Baked Goods,,,39.773301,-104.89536,Colorado Proud member directory
Aspen Grove Farmers Market,Farmers' Markets,Farmers' Market,7301 S Santa Fe Dr #150,Littleton,Arapahoe,80120,(720) 515-0431,abmarketcolorado@gmail.com,https://www.AspenGroveFarmersMarket.com,https://www.facebook.com/AspenGroveFarmersMarket/,https://instagram.com/AspenGroveFarmersMarket,Fri: 10-2,"June, July, August, September","Apples, Apricots, Asparagus, Beets, Bell Peppers, Broccoli, Cabbage, Carrots, Cauliflower, Celery, Cherries, Chile - Roasted, Cucumbers, Garlic, Green Beans, Herbs, Kale, Leeks, Lettuce, Microgreens, Mushrooms, Onions, Peaches, Pears, Plums, Spinach, Squash, Strawberries, Tomatoes, Turnips, Zucchini, Beef, Baked Goods, Honey, Jams, Jellies, Handcrafted Gifts",,,39.58632,-105.023655,Colorado Proud Farm Fresh Directory; Colorado Proud farmers market map; USDA local food directories
Aspen Lodge Resort & Spa,Agritourism,Agritourism,6120 highway 7,Estes Park,Larimer,80517,(970) 586-8133,,http://www.aspenlodge.net,http://www.facebook.com/aspenlodgeresortandspa,,,,,,,40.290611,-105.542698,USDA local food directories
Aspen Moon Farm,CSA & Farm Shares; Farm Stands; Garden Centers; Farms & Ranches,CSA Farm; Roadside Market; Garden Center / Greenhouse; On-Farm / Ranch Sales,7940 Hygiene Rd,Longmont,Boulder,80503,,info@aspenmoonfarm.com,https://www.aspenmoonfarm.com/,https://www.facebook.com/AspenMoonFarm/,https://www.instagram.com/aspenmoonfarm/,Tue: 10 am - 6 pm (check website spring/fall); Wed: 10 am - 6 pm (check website spring/fall); Thu: 10 am - 6 pm (check website spring/fall); Fri: 10 am - 5 pm (check website spring/fall),"April, May, June, July, August, September, October, November, December","Apples, Beets, Bell Peppers, Broccoli, Cabbage, Carrots, Cauliflower, Celery, Cherries, Apricots, Chile Peppers, Cucumbers, Eggplant, Garlic, Grapes, Green Beans, Herbs, Kale, Leeks, Lettuce, Mushrooms, Nectarines, Onions, Peaches, Pears, Peas, Pinto Beans, Plums, Potatoes, Pumpkins, Radishes, Raspberries, Rhubarb, Spinach, Squash, Sweet Corn, Tomatoes, Turnips, Watermelon, Zucchini, Honey, Baked Goods, Pasta, Coffee, Nut butters",,Yes,40.188042,-105.167777,Colorado Proud Farm Fresh Directory; USDA local food directories; Colorado Proud member directory
Aspen Saturday Market,Farmers' Markets,Farmers' Market,"Downtown Aspen: between S. Hunter St, E. Hopkins Ave & E. Hyman Ave, Aspen, CO 81611",Aspen,Pitkin,81611,(970) 429-2093,aspensaturdaymarket@gmail.com,https://aspen.gov/180/Aspen-Saturday-Market,https://www.facebook.com/AspenSaturdayMarket/,https://www.instagram.com/aspensaturdaymarket/,Sat: 8:30am - 2:00pm (Jun 6 - Sep 4); Sat: 9:00am - 2:00pm (Sep 5 - Oct 3),"June, July, August, September, October","Only Colorado made, grown and produced items (no brokers): produce, fruits, vegetables, bread, meats, jams, artisan products, sculptures, paintings, plus a food court and petting zoo",,,39.18934,-106.81714,USDA local food directories
Attimo Wine,Wineries,Winery,2246 Larimer Street,Denver,Denver,80205,(720) 287-4988,,https://www.attimowine.com/,https://www.facebook.com/attimowine,https://www.instagram.com/attimowine/,,,"Blends & Generic Wines, Prepared Food, Red Wine, White Wine",,,39.755226,-104.989155,Colorado Proud member directory
Aurora South Farmers Market II,Farmers' Markets,Farmers' Market,15324 E Hampden Cir,Aurora,Arapahoe,80013,(303) 361-6169,,,,,,,,,,39.650976,-104.809367,USDA local food directories
Autumn's Harvest Granola,Shops & Grocers,Food Maker,1805/Unit 5 Bounty Drive,Windsor,Weld,80550,(240) 483-7998,,https://autumnsharvestgranola.com,https://facebook.com/autumnsharvestgranola,https://www.instagram.com/autumnsharvestgranola,,,Baked Goods,Yes,,40.440706,-104.940067,Colorado Proud member directory
Avant Vineyards,Farms & Ranches; Wineries,On-Farm / Ranch Sales; Winery,3480 East Road,Palisade,Mesa,81526,(970) 216-9908,,https://avantvineyards.com,https://avantvineyards.com,,,,"Attractions & Activities, Bird Watching, Events, Grapes, Local Delivery, Peaches, Red Wine, Sparkling Wine, White Wine, Wine",,,39.07861,-108.410427,Colorado Proud member directory
Azteca Gourmet Tamales,Shops & Grocers; Restaurants & Caterers,Grocery Store; Caterer,2378 Academy Place,Colorado Springs,El Paso,80909,(719) 602-9086,,,,,,,"Frozen Food Manufacturing, Prepared Food, Prepared Food Manufacturing, Soups & Stews",,,38.867159,-104.755878,Colorado Proud member directory
Azula home bakery,Shops & Grocers,Bakery,786 S Juniper Ct,Milliken,Weld,80543,(970) 691-8754,,,,https://instagram.com/azulahomebakery,,,,,,40.323927,-104.871633,Colorado Proud member directory
B sweet cupcakes,Shops & Grocers,Bakery,425 e. 4th street,Loveland,Larimer,80537,(970) 430-7073,,https://bsweetcupcakes.com,https://@BSweetCupcakes,https://@b.swwet.cupcakes,,,Baked Goods,,,40.395679,-105.071232,Colorado Proud member directory
Back Gate Farm,CSA & Farm Shares; Farms & Ranches,CSA Farm; On-Farm / Ranch Sales,1505 North College Ave.,Fort Collins,Larimer,80524,(970) 846-4113,backgatefarm@gmail.com,https://backgatefarm.com,,,Thu: 4pm-6pm,"January, February, March, April, May, June, July, August, September, October, November, December","Beets, Cabbage, Carrots, Chile Peppers, Cucumbers, Eggplant, Garlic, Green Beans, Herbs, Kale, Lettuce, Microgreens, Onions, Pumpkins, Radishes, Spinach, Squash, Tomatoes, Turnips, Zucchini",Yes,,40.607874,-105.076614,Colorado Proud Farm Fresh Directory
Back Home Butchery,Farms & Ranches,Meat Producer & Packer,3989 Ulster St.,Denver,Denver,80207,(225) 810-8035,,https://backhomebutchery.com/,https://www.facebook.com/profile.php?id=61579854485999,https://www.instagram.com/backhomebutchery/,,,"Animal & Pet Food, Beef, Chicken, Cured Meat Products, Dog Treats, Meat, Poultry & Game Processing, Pork",,,39.772622,-104.894379,Colorado Proud member directory
Backcountry Pantry llc,Shops & Grocers,Food Maker,7805 County Road DD,La Jara,Conejos,81140,(303) 660-9336,,,,,,,"Grain & Cereal Products, Prepared Food, Smoothies, Snack Food Products",,,37.371703,-106.076495,Colorado Proud member directory
Backpack Up Plan,Shops & Grocers,Food Maker,9703 S Carr Way,Littleton,Jefferson,80127,,,https://backpackupplan.com,,,,,Prepared Food Manufacturing,,,39.539364,-105.093074,Colorado Proud member directory
Backyard Market in Black Forest - Holiday,Farmers' Markets,Farmers' Market,13710 Black Forest Road,Colorado Springs,El Paso,80908,(719) 747-2586,manager@bfbackyardfarmersmarket.com,https://thebackyardmarkets.com,https://www.facebook.com/BackyardMarketinBF/,https://www.instagram.com/backyardmarketinbf/,Sat: 10:00am - 3:00pm,December,"Over 45 local food and artisan vendors selling holiday gifts; food trucks, Campfire Coffee, WisCo Cheese fried curds, s'mores, and knife sharpening services",,,39.029861,-104.70169,USDA local food directories
Backyard Market in Black Forest - Winter,Farmers' Markets,Farmers' Market,"13710 Black Forest Road, Colorado Springs, CO 80908 (Edith Wolford Elementary School)",Colorado Springs,El Paso,80908,(719) 747-2586,manager@bfbackyardfarmersmarket.com,https://www.thebackyardmarkets.com/holiday-markets,https://www.facebook.com/BackyardMarketinBF/,https://www.instagram.com/backyardmarketinbf/,Sat: 10:00am - 3:00pm,"November, December","50+ local food and artisan vendors, food trucks, holiday gifts",,,39.013991,-104.69826,USDA local food directories
Badger Creek Ranch,Farms & Ranches,On-Farm / Ranch Sales,5795 County Road 2,Cañon City,Fremont,81212,(719) 837-2962,info@badgercreekranch.com,https://www.badgercreekranch.com/,https://facebook.com/badgercreekranch,https://instagram.com/badgercreekranch,,,"Grass-fed beef, eggs",,,38.676143,-105.81811,Chaffee Provides
BakeOff LLC,Shops & Grocers,Bakery,12273 Race St,Northglenn,Adams,80241,(346) 613-0608,,https://bakeoff.store,https://www.facebook.com/bakeoff.denver,https://www.instagram.com/bakeoff.denver,,,Cookies,,,39.918319,-104.964295,Colorado Proud member directory
Baklava Unlimited,Shops & Grocers,Bakery,4920 Pearl Street,Boulder,Boulder,80301,(386) 288-5690,,https://www.baklavaunlimited.com/,,,,,Baked Goods Manufacturing,,,40.025392,-105.237763,Colorado Proud member directory
Baklava Unlimited,Shops & Grocers,Bakery,1850 Industrial Circle,Longmont,Boulder,80501,(402) 659-5934,,https://www.baklavaunlimited.com/,https://www.facebook.com/people/Baklava-Unlimited-LLC/100064304785264/,,,,Baked Goods Manufacturing,,,40.148093,-105.125804,Colorado Proud member directory
Balcony Botanicals,Farms & Ranches,On-Farm / Ranch Sales,37248 Stucker Mesa Road,Hotchkiss,Delta,81419,(970) 439-0490,,https://balconybotanicals.com,https://www.facebook.com/BalconyBotanicals/,https://www.instagram.com/balcony_botanicals,,,"Essential Oils, Flowers, Value-Added Non-Food Products",,,38.88318,-107.667842,Colorado Proud member directory
Balistreri Vineyards,Wineries,Winery,1946 E 66th Ave,Denver,Adams,80229,(303) 287-5156,,https://balistreriwine.com/,https://www.facebook.com/BalistreriVineyards/,https://www.instagram.com/balistreriwine/,,,Wine,,,39.815914,-104.964909,Colorado Proud member directory
Ballinger Farm Crazy Maze,Agritourism,Agritourism,2805 Renfro rd,Jefferson City,Jefferson,37760,,Damaha250@aol.com,,,,,,,,,,,USDA local food directories
Bamber Ranch,Farms & Ranches,Meat Producer & Packer,344 Alton Way,Denver,Denver,80230,(303) 385-7349,,https://www.bamberranch.com,https://bamberranch.com,https://bamberranch.com,,,Beef,,,39.720563,-104.876817,Colorado Proud member directory
Banyan Breads,Shops & Grocers,Bakery,110 E 1st Street,Salida,Chaffee,81201,,,https://banyanbreads.com/,,https://www.instagram.com/banyan_breads/,"Shop open mornings; preorder pickup Thu, Fri, Sun",,"Country sourdough, maple whole wheat, sourdough bagels, baguette, whole-grain German rye, babka",,,38.536237,-105.991583,Farmers market vendor lists
Barn to Basket,Shops & Grocers,Grocery Store,,,,,(719) 440-7181,,https://www.barntobasket.com,https://www.facebook.com/barntobasket,https://www.instagram.com/barn.to.basket,,,"Animal & Pet Food, Baked Goods, Beef, Chicken, Eggs, Honey & Honey Products, Meat, Poultry & Game, Pork",,,,,Colorado Proud member directory
Bartels Farm Pumpkin Patch,Agritourism,Agritourism,,Fort Collins,Larimer,80524,(970) 493-3853,shawn@thebartelsfarm.com,,,,,,,,,40.639345,-105.012398,USDA local food directories
Bartels Land & Livestock,U-Pick; Farm Stands; Farms & Ranches,U-Pick; Roadside Market; On-Farm / Ranch Sales,3424 E Douglas Rd,Ft. Collins,Larimer,80524,(970) 420-5440,llavud@live.com,https://Thebartelspumpkinpatch.com,https://www.facebook.com/pages/The-Bartels-Pumpkin-Patch/137755902661,,,"July, August, September, October","Beets, Bell Peppers, Broccoli, Cabbage, Cantaloupe, Carrots, Celery, Chile - Roasted, Chile Peppers, Cucumbers, Eggplant, Garlic, Green Beans, Herbs, Kale, Pumpkins, Spinach, Strawberries, Sweet Corn, Tomatoes, Zucchini, Watermelon, Straw bales, Baked Goods, Honey, Jams, Pickles",,,40.639147,-105.013418,Colorado Proud Farm Fresh Directory; USDA local food directories
Bartels Land and Livestock; U-pick and Pumpkin Patch,Agritourism,Agritourism,East County Road 54,Fort Collins,Larimer,80524,(970) 493-3853,llavud@frii.com,,https://www.facebook.com/the-bartels-pumpkin-patch-137755902661/,,,,,,,40.639546,-105.069336,USDA local food directories
Basalt Sunday Market,Farmers' Markets,Farmers' Market,101 Midland Avenue,Basalt,Eagle,81621,(970) 279-2319,sundaymarket@basalt.net,https://www.basalt.net/606/Basalt-Sunday-Market,https://www.facebook.com/BasaltSundayMarket/,,Sun: 10:00am - 2:00pm,"June, July, August, September",,,,39.368957,-107.03473,USDA local food directories
Baseggio Pumpkin Patch and Corn Maze,Agritourism,Agritourism,695 cr 20.5,Atwood,Logan,80722,(970) 580-3024,,,https://www.facebook.com/baseggiofamilypumpkinpatchandcornmaze/,,,,,,,40.573337,-103.259648,USDA local food directories
Battle Creek Ranch LLC,Farms & Ranches,On-Farm / Ranch Sales,P.O. Box 741149,Arvada,Jefferson,80006,(720) 879-7097,,,,,,,Beef,,,39.85,-105.08,Colorado Proud member directory
Bear Creek Cattle Co,Farms & Ranches,On-Farm / Ranch Sales,2645 Yankee Creek Road,Evergreen,Clear Creek,80439,(303) 674-0422,,https://BearCreekCattleRanch.com,https://www.facebook.com/profile.php?id=100065472219965,,,,Beef,,,39.600794,-105.469853,Colorado Proud member directory
Because I Love You Dog Treats,Shops & Grocers,Grocery Store; Bakery,726 Willow Oak Street,Brighton,Adams,80601,(619) 674-7882,,,,,,,Dog Treats,,,39.996743,-104.74352,Colorado Proud member directory
Becker's Produce,Farms & Ranches,On-Farm / Ranch Sales,CR 18,Merino,,80741,,,,,,,,,,,,,USDA local food directories
Bee Family Centennial Farm Museum,Agritourism,Agritourism,4320 E County Rd 58,Fort Collins,Larimer,80524,,info@beefamilyfarm.com,https://www.beefamilyfarm.com/,https://www.facebook.com/beefamilyfarm,,,,,,,40.669159,-104.995774,USDA local food directories
Bee Squared Apiaries,Agritourism; Farms & Ranches,Agritourism; On-Farm / Ranch Sales,1617 White Water Ct,Berthoud,Larimer,80513,(970) 744-1821,jamie@bethsbees.com,https://bethsbees.com/,https://www.facebook.com/beesquaredapiaries/,https://instagram.com/beesquaredapiaries,Mon: 9 a.m. - 4 p.m.; Tue: 9 a.m. - 4 p.m; Wed: 9 a.m. - 4 p.m; Thu: 9 a.m. - 4 p.m; Fri: 9 a.m. - 4 p.m,"January, February, March, April, May, June, July, August, September, October, November, December",Honey,,,40.279647,-105.102856,Colorado Proud Farm Fresh Directory; Colorado Proud member directory
BEEF BARN,Shops & Grocers,Grocery Store,245 N Interocean,Holyoke,Phillips,80734,(970) 854-2333,,https://www.visionangus.com,https://www.facebook.com/BeefBarnColorado/,,,,"Beef, Bread, Flour, Honey & Honey Products, Pickles & Pickled Products, Wheat",,,40.587509,-102.302042,Colorado Proud member directory
Beewildered,Farms & Ranches,On-Farm / Ranch Sales,20511 East 45th Avenue,Denver,Denver,80249,(720) 397-8924,,,,,,,"Bee Keeping, Body Care Products, Honey, Honey & Honey Products",,,39.779682,-104.748425,Colorado Proud member directory
Beeyond the Hive,Farms & Ranches,On-Farm / Ranch Sales,PO Box 490,Elizabeth,Elbert,80107,(970) 405-0709,,https://www.beeyondthehive.com,https://www.facebook.com/beeyondthehive,https://www.instagram.com/beeyondthehive/,,,Honey & Honey Products,,,39.360266,-104.596915,Colorado Proud member directory
"Beezy’s Granola, LLC",Shops & Grocers,Food Maker,809 W Mulberry St,Louisville,Boulder,80027,(720) 232-6968,,http://www.beezysgranola.com,,https://www.instagram.com/beezys_granola,,,Grain & Cereal Products,,,39.972172,-105.157395,Colorado Proud member directory
Belafonte Farm,CSA & Farm Shares,CSA Farm,1807 W Vine Dr,Fort Collins,Larimer,80521,,,http://belafontefarm.com/,,,,,,,,40.596425,-105.111293,USDA local food directories
Belle's Backyard LLC,Farm Stands; Shops & Grocers,Roadside Market; Food Maker,3027 Morab Court,FORT COLLINS,Larimer,80525,(970) 430-6068,,https://bellesbackyardco.carrd.co/,https://www.facebook.com/profile.php?id=61585551876266,https://www.instagram.com/bellesbackyard_co/,,,"Baked Goods, Flowers, Jam, Jam, Jelly & Preserves, Nursery & Horticulture Products, Spices & Seasoning, Tea, Vegetables",,,40.546212,-105.030205,Colorado Proud member directory
Belleza Pura Farm &Ranch,Farms & Ranches; Agritourism; Shops & Grocers,On-Farm / Ranch Sales; Agritourism; Food Maker,1352 County Road 250,Silt,Garfield,81652,(970) 433-4968,,,https://www.facebook.com/Bellezapurafarm/,https://www.instagram.com/bellezapurafarm,,,"Apricots, Baked Goods, Bee Keeping, Body Care Products, Coffee, Coffee Beans, Crafts, Events, Honey, Honey & Honey Products, Local Delivery, Radishes, School Tours, Snack Food Products, Tea, Vegetables",,,39.578493,-107.648607,Colorado Proud member directory
Belli Fiori Lavender,Farms & Ranches,On-Farm / Ranch Sales,782 24 Road,Grand Junction,Mesa,81505,(970) 462-9223,,https://bellifiorilavender.com,https://bellifiorilavender.com,https://bellifiorilavender.com,,,Lavender,,,39.118515,-108.607399,Colorado Proud member directory
Bennett Community Market,Farmers' Markets,Farmers' Market,401 S. 1st St.,Bennett,Adams,80102,(303) 502-6946,Bennettcommarket@gmail.com,,https://www.facebook.com/Bennett-Community-Market-1592527727628410/,,"Saturdays (alternating), 9 a.m. - 2 p.m.","May, June, July, August, September","Seasonal organic vegetables, fruit, frozen meats (beef, buffalo, lamb, pork, yak, poultry - USDA-inspected retail packages), dry goods, artisan crafts, cheese, eggs, honey, pickles, popcorn, baked goods",,,39.758281,-104.433232,USDA local food directories
Bennett Rock Ranch,Farms & Ranches,On-Farm / Ranch Sales,16717 County Road 102,Nunn,,80648,(303) 598-8690,,https://www.bennettrockranch.com,http://www.facebook.com/BennettRockRanch,,,,"Cured Meat Products, Pork",,,,,Colorado Proud member directory
Bennett Summer Pop-up Market,Farmers' Markets,Farmers' Market,200 W Marketplace Dr,"Bennett,",Adams,80102,(505) 490-5141,admin@agfoodlab.org,,,https://instagram.com/agfoodlab,Sat: 9 am - 12 pm,"July, August, September","Apples, Beets, Bell Peppers, Broccoli, Cabbage, Carrots, Chile Peppers, Cucumbers, Green Beans, Herbs, Kale, Lettuce, Microgreens, Okra, Onions, Peaches, Pears, Pinto Beans, Potatoes, Pumpkins, Radishes, Spinach, Squash, Sweet Corn, Tomatoes, Zucchini, Beef, Lamb, Pork, Jams, Jellies, Pickles, Baked Goods, Eggs",Yes,,39.741681,-104.436624,Colorado Proud Farm Fresh Directory; Colorado Proud farmers market map
Berg Harvest LLC dba Berg Harvest Mercantile,Restaurants & Caterers; Farms & Ranches,Restaurant; On-Farm / Ranch Sales,73 Samuel Wade Road,Paonia,Delta,81428,(970) 527-6372,bergharvestllc@gmail.com,https://bergharvest.com,https://facebook.com/BergHarvest,https://instagram.com/berg.harvest,Tue: 11:00am - 7:00pm; Wed: 11:00am - 7:00pm; Thu: 11:00am - 7:00pm; Fri: 11:00am - 8:00pm; Sat: 11:00am - 8:00pm,"May, June, July, August, September, October",,,,38.868363,-107.601547,Colorado Proud Farm Fresh Directory
"Berry Patch Farms, LLC",U-Pick; CSA & Farm Shares; Agritourism; Farms & Ranches,U-Pick; CSA Farm; Agritourism; On-Farm / Ranch Sales,13785 POTOMAC ST,Brighton,Adams,80601,(303) 659-5050,bpf@qwestoffice.net,https://berrypatchfarms.com,https://facebook.com/BerryPatchFarms,https://instagram.com/berrypatchfarms,Tue: 8am-1pm;  4-7pm  ( check website for seasonal updates or call 303-659-5050); Thu: 8am-1pm (check website for seasonal updates or call  303-659-5050); Sat: 8am-4pm (check website for seasonal updates or call 303-659-5050),"January, February, March, April, May, June, July, August, September, October, November, December","Apples, Beets, Bell Peppers, Cabbage, Cantaloupe, Carrots, Celery, Cherries, Chile Peppers, Chile - Roasted, Cucumbers, Eggplant, Garlic, Green Beans, Herbs, Honeydew, Kale, Leeks, Lettuce, Microgreens, Nectarines, Okra, Onions, Peaches, Pears, Peas, Plums, Potatoes, Pumpkins, Raspberries, Rhubarb, Spinach, Squash, Strawberries, Sweet Corn, Tomatoes, Turnips, Watermelon, Zucchini, All produce is Certified Organic, Beef, Eggs, Baked Goods, Honey, Cider",,Yes,39.946666,-104.828164,Colorado Proud Farm Fresh Directory; USDA local food directories; Colorado Proud member directory
Bershenyi Beef,Farms & Ranches,On-Farm / Ranch Sales; Meat Producer & Packer,1347 White Ave,Grand Junction,Mesa,81501,(970) 355-5527,,https://bershenyibeef.com,https://www.facebook.com/share/6UWo5UUno6pYHvis/?mibextid=LQQJ4d,https://www.instagram.com/bershenyibeef?igsh=aHhiaXVoemJtYnZi,,,"Livestock - Beef Cattle, Meat, Poultry & Game",,,39.068989,-108.549615,Colorado Proud member directory
Berthoud Farmers' Market,Farmers' Markets,Farmers' Market,1201 Lake Ave.,Berthoud,Larimer,80513,,manager@berthoudmainstreet.org,,,,,,,,,40.307937,-105.095447,USDA local food directories
Bessemer Bread Co. LLC,Shops & Grocers,Bakery,933 Elm Street,Pueblo,Pueblo,81004,(719) 299-0715,,https://www.hotplate.com/bessemerbreadco,https://www.facebook.com/share/1Ci4bSeSnQ/?mibextid=wwXIfr,https://www.instagram.com/bessemerbreadco/,,,Bread,,,38.250253,-104.613025,Colorado Proud member directory
"Bet On Me, LLC",Restaurants & Caterers,Caterer,810 Vallejo Street,Denver,Denver,80204,(720) 227-8209,,https://www.30forthkitchen.com/,https://www.facebook.com/share/1DyJV7dSWf/?mibextid=wwXIfr,https://www.instagram.com/thirty_forth_kitchen?igsh=MWM4Mm95amswZmY1eg%3D%3D&utm_source=qr,,,Condiments & Sauces,,,39.729628,-105.012559,Colorado Proud member directory
"Beth's Bobbins and Buns, LLC",Shops & Grocers,Food Maker,105 Par Dr,Milliken,Weld,80543,(720) 816-1011,,,https://www.facebook.com/BethsBobbinsAndBuns/,,,,Baked Goods,,,40.355654,-104.871891,Colorado Proud member directory
"Big B's Delicious Orchards U-pick, Cafe & Tasting Room",Agritourism,Agritourism,39126 Co-133,Hotchkiss,Delta,81419,(970) 527-1110,info@bigbs.com,https://www.bigbs.com/u-pick,,,,,,,,38.8604,-107.62616,USDA local food directories
Big Nugget Farm,Farms & Ranches,On-Farm / Ranch Sales,,,,,(720) 663-0889,,http://www.bignuggetfarm.com,,,,,,,,,,Colorado Proud member directory
Bills' Pumpkin Patch,Agritourism,Agritourism,52110 Amber Rd,Delta,Montrose,81416,(970) 874-5629,,,,,,,,,,38.664084,-108.11243,USDA local food directories
Billy Goat Hop Farm,Agritourism; Farms & Ranches; Shops & Grocers,Agritourism; On-Farm / Ranch Sales; Food Maker,67181 Trout Rd.,Montrose,Montrose,81403,(812) 664-8597,billygoathopfarm@gmail.com,https://www.billygoathopfarm.com/visit,https://www.facebook.com/billygoathopfarm,https://www.instagram.com/billygoathopfarm/,Mon: By appointment for tours / Campground 24 hrs; Tue: By appointment for tours / Campground 24 hrs; Wed: By appointment for tours / Campground 24 hrs; Thu: By appointment for tours / Campground 24 hrs; Fri: Fridays on the Farm 4pm - 9pm / By appointment for tours / Campground 24 hrs; Sat: By appointment for tours / Campground 24 hrs; Sun: By appointment for tours / Campground 24 hrs,"April, May, June, July, August, September, October, November, March","Hops, Several different styles of beer, along with hop water",,,38.39409,-107.828649,Colorado Proud Farm Fresh Directory; Colorado Proud member directory
Bingo Burger,Restaurants & Caterers,Restaurant,101 Central Plaza,Pueblo,Pueblo,81003,(719) 544-6780,,https://www.bingoburger.com/,https://www.facebook.com/bingoburger,https://www.instagram.com/bingoburgerpueblo/,,,Hamburgers,,,38.268095,-104.609803,Colorado Proud member directory
Biscotti Hound Dog Biscuit Bakery,Shops & Grocers,Bakery,4128 HOOKER ST,DENVER,Denver,80211,(303) 877-2704,,https://biscottihound.com/,,,,,Dog Treats,,,39.773579,-105.028543,Colorado Proud member directory
Black Bear Orchards,Farms & Ranches,On-Farm / Ranch Sales,3824 Highline Canal Road,Palisade,Mesa,81526,(970) 464-9460,,http://www.blackbearorchards.com,,,,,"Cherries, Peaches",,Yes,39.116421,-108.343465,Colorado Proud member directory
Black Canyon Hydroponics,Farms & Ranches,On-Farm / Ranch Sales,1850 Launa Drive,Montrose,Montrose,81401,,scott@blackcanyonhydroponics.com,,,,,,,,,38.496334,-107.897567,USDA local food directories
Black Cat Organic Farm,Farm Stands,Roadside Market,4975 Jay Road,Boulder,Boulder,80301,(303) 717-6836,,https://blackcatboulder.com/,https://www.facebook.com/Blackcatboulder/,https://www.instagram.com/blackcatboulder/?hl=en,,,Vegetables,,Yes,40.051385,-105.236074,Colorado Proud member directory
Black Forest Brownies,Shops & Grocers,Bakery,14310 Windy Pine Drive,Elbert,El Paso,80106,(719) 930-8539,,https://www.blackforestbrownies.com,https://www.facebook.com/blackforestbrownies,https://www.instagram.com/black_forest_brownies/,,,Baked Goods,,,39.03952,-104.588446,Colorado Proud member directory
Black Forest Farmers Market,Farmers' Markets,Farmers' Market,"6845 Shoup Rd, Black Forest, CO 80908",Black Forest,El Paso,80908,(719) 747-2586,,https://www.thebackyardmarkets.com/black-forest-market,https://www.facebook.com/backyardfarmshop,https://www.instagram.com/backyardfarmshop,Saturday 9am-1pm,"May, June, July, August, September, October","Over 70 producers-only vendors selling Colorado-grown produce, baked goods, prepared foods, coffee, honey, flowers, crafts, and artisanal products; each vendor makes, bakes, grows, or raises what they sell",Yes,,38.98935,-104.699419,USDA local food directories
Black Fox Provisions,Shops & Grocers,Grocery Store,27780 CO-74,Evergreen,Jefferson,80439,(303) 351-1058,,http://www.blackfoxprovisions.co,https://www.facebook.com/profile.php?id=61553147657564,https://www.instagram.com/blackfoxprovisions,,,"Bagels, Baked Goods, Beverage Products, Coffee, Dog Treats, Eggs, Fruit",,,39.634099,-105.315279,Colorado Proud member directory
Black Mountain Bison,Farms & Ranches,On-Farm / Ranch Sales; Meat Producer & Packer,26493 WCR  15,JOHNSTOWN,Weld,80534,(970) 528-1800,sales@blackmountainbison.com,https://blackmountainbison.com/,https://www.facebook.com/blackmountainbison,https://www.instagram.com/blackmountainbison/,,"January, February, March, April, May, June, July, August, September, October, November, December",Buffalo,,,40.38516,-104.926833,Colorado Proud Farm Fresh Directory; Colorado Proud member directory
Blaine's Farm Store,U-Pick; Farm Stands; Farms & Ranches,U-Pick; Roadside Market; On-Farm / Ranch Sales,3419 Front St.,Clifton,Mesa,81520,(970) 628-1237,sales@blainesfarmstore.com,https://blainesfarmstore.com,https://blainesfarmstore.com,https://blainesfarmstore.com,Mon: 9 am - 6 pm; Tue: 9 am - 6 pm; Wed: 9 am - 6 pm; Thu: 9 am - 6 pm; Fri: 9 am - 6 pm; Sat: 9 am - 6 pm; Sun: 9 am - 6 pm,"January, February, March, April, May, June, July, August, September, October, November, December","Apples, Apricots, Asparagus, Beets, Bell Peppers, Broccoli, Cantaloupe, Carrots, Celery, Cherries, Chile Peppers, Chile - Roasted, Cucumbers, Eggplant, Garlic, Grapes, Green Beans, Herbs, Honeydew, Kale, Lettuce, Leeks, Microgreens, Mushrooms, Okra, Onions, Peaches, Pears, Peas, Pinto Beans, Plums, Potatoes, Pumpkins, Radishes, Raspberries, Rhubarb, Spinach, Squash, Strawberries, Sweet Corn, Tomatoes, Turnips, Watermelon, Zucchini, Beef, Buffalo, Jerky, Pork, Sausage, Elk, Baked Goods, Cheese, Eggs, Honey, Jams, Jellies, Pickles, Popcorn, Cider, Juices, Handcrafted Gifts",Yes,,39.094821,-108.418464,Colorado Proud Farm Fresh Directory; Colorado Proud member directory
Blam Superfoods,Farms & Ranches,On-Farm / Ranch Sales,11370 Iola st,Commerce city,Adams,80640,(720) 394-3925,,https://blamsuperfoods.com,,,,,,,,39.902736,-104.862678,Colorado Proud member directory
Blendings at The Hillside Vineyard,Wineries,Winery,3924 Bingham Hill Road,Fort Collins,Larimer,80521,(720) 442-3257,,https://thehillsidevineyard.com/,https://www.facebook.com/thehillsidevineyard,https://www.instagram.com/thehillsidevineyard,,,Wine,,,40.619764,-105.148967,Colorado Proud member directory
Blessing's Neighborhood Market,Shops & Grocers,Grocery Store,,,,,(424) 468-8558,,,,,,,,,,,,Colorado Proud member directory
BLISSTIX,Farms & Ranches,Meat Producer & Packer,865 Amber Ct,Windsor,Weld,80550,(910) 746-8988,,https://www.blisstixbeefsticks.com,,https://www.instagram.com/blisstixco/,,,Beef,,,40.470456,-104.889943,Colorado Proud member directory
Blooma Farms,Farms & Ranches,On-Farm / Ranch Sales,7290 Kipling Street,Arvada,Jefferson,80005,(303) 424-8536,,https://bloomafarms.com/,,,,,"Basil, Flowers, Herbs, Sage, Thyme, Tomatoes, Vegetables",,,39.829265,-105.108583,Colorado Proud member directory
Blossom Bakery LLC,Shops & Grocers,Bakery,382 Poppy View Lane,Erie,Weld,80516,(609) 709-2994,,https://www.instagram.com/blossombakerycolorado/?igshid=OGQ5ZDc2ODk2ZA%3D%3D,,https://www.instagram.com/blossombakerycolorado/?igshid=OGQ5ZDc2ODk2ZA%3D%3D,,,"Bagels, Baked Goods, Baking Mixes & Supplies, Bread, Cakes, Doughnuts, Honey & Honey Products, Jam, Jelly & Preserves",,,40.03793,-105.029967,Colorado Proud member directory
Blossom.Baking,Shops & Grocers,Bakery,9233 Chieftan Drive,Colorado Springs,El Paso,80925,(719) 424-9555,,,https://www.facebook.com/blossbaking,https://www.instagram.com/blossom.baking,,,"Cakes, Cookies, Doughnuts",,,38.76819,-104.65548,Colorado Proud member directory
Blue Barrel Farm,CSA & Farm Shares,CSA Farm,40907 County Road15,Fort Collins,,80524,(970) 692-3642,,https://www.bluebarrel.farm/,,,,,,,,,,USDA local food directories
Blue Range Ranch,Farms & Ranches,On-Farm / Ranch Sales; Meat Producer & Packer,52501 County Road U,Saguache,Saguache,81149,(719) 655-2003,brrbeef@gmail.com,https://www.bluerangeranch.com/,,https://www.instagram.com/blue_range_ranch/,,,"100% grass-fed beef: bundles, whole/half/quarter shares, individual cuts, jerky, sausage",,,37.965978,-106.057892,Farmers market vendor lists
Blue Ribbon Processing,Farms & Ranches,Meat Producer & Packer,208 East Santa Fe Avenue,Fowler,Otero,81039,(719) 263-4293,,https://www.blueribbonprocessing.com,https://www.facebook.com/blueribbonprocessing,https://www.instagram.com/blueribbon.processing/,,,"Beef, Pork",,,38.131416,-104.021338,Colorado Proud member directory
Blue Ridge Farm LLC,Farms & Ranches,On-Farm / Ranch Sales,11500 County Road 110,Kiowa,Elbert,80117,(303) 947-7670,,https://www.BlueRidgeFarmBeef.com,https://www.facebook.com//BlueRidgeFarmLLC,https://www.instagram.com//blueridgefarmbeef,,,Beef,,,39.255979,-104.449242,Colorado Proud member directory
"Blue Shed Urban Gardens, LLC",Farms & Ranches; Farm Stands; Shops & Grocers,On-Farm / Ranch Sales; Roadside Market; Food Maker,1064 South High Street,Denver,Denver,80209,(303) 324-9336,,,https://www.facebook.com/pages/category/Urban-Farm/Blue-Shed-Urban-Gardens-102381061961901/,https://www.instagram.com/blue.shed.urbangardens/?hl=en,,,"Amaranth, Baked Goods, Basil, Beans, Beets, Blackberries, Carrots, Chard, Collards, Dill, Flowers, Greens, Herbs, Hot Peppers (Chili Peppers), Jam, Kale, Lavender, Muffins, Nursery & Horticulture Products, Okra, Onions, Parsley, Pumpkins, Radishes, Rhubarb, Scallions, Seasonal Events & Activities, Simple Syrup, Spinach, Tomatillos, Tomatoes, Vegetables, Winter Squash, Zucchini",,,39.697157,-104.964965,Colorado Proud member directory
"Blue Sky Farm, LLC",Farms & Ranches,On-Farm / Ranch Sales,33901 Colorado 257,Windsor,Weld,80550,(970) 222-7147,,https://www.blueskyfarmcolorado.com,,,,,"Alfalfa, Beef, Hay & Forage",,,40.493056,-104.909295,Colorado Proud member directory
BlueTrane Heritage Farm,CSA & Farm Shares; Farms & Ranches,CSA Farm; On-Farm / Ranch Sales,16530 County Road 102,Elbert,Elbert,80106,(303) 552-6538,info@bluetranegroup.com,https://www.bluetranegroup.com,https://www.facebook.com/BlueTraneHeritageFarm/,https://instagram.com/BlueTraneHeritageFarm,,"January, February, March, April, May, June, July, August, September, October, November, December","Beets, Bell Peppers, Broccoli, Cabbage, Cantaloupe, Carrots, Cauliflower, Celery, Chile Peppers, Cucumbers, Garlic, Green Beans, Herbs, Kale, Lettuce, Microgreens, Onions, Potatoes, Pumpkins, Radishes, Rhubarb, Spinach, Squash, Sweet Corn, Tomatoes, Turnips, Zucchini, Asian Greens, Swiss Chard, Melons, Rutabagas, Parsnips, Eggs, Baked Goods, Jams, duck eggs, chicken eggs",,,39.219885,-104.355576,Colorado Proud Farm Fresh Directory; USDA local food directories; Colorado Proud member directory
Bly Ranch,Shops & Grocers,Bakery,170 Corral S,Westcliffe,Custer,81252,(720) 334-4343,,https://www.facebook.com/profile.php?id=100054273907775,https://www.facebook.com/profile.php?id=100054273907775,,,,"Beef, Chicken, Eggs, Jam",,,38.134722,-105.465835,Colorado Proud member directory
Bodtker Family Farm,Farms & Ranches,On-Farm / Ranch Sales,4570 Private Road 188,Elizabeth,Elbert,80107,(707) 787-8109,,,,,,,"Eggs, Honey, Milk, Milk & Dairy Processing, Milk & Dairy Products, Pork",,,39.54449,-104.572133,Colorado Proud member directory
Bollinger Breads,Shops & Grocers,Bakery,7232 Foothill Street,Frederick,Weld,80504,(303) 523-9821,,https://form.jotform.com/240795735744165,https://www.facebook.com/profile.php?id=61557433272083,https://www.instagram.com/bollingerbreads/,,,"Baked Goods, Bread",,,40.105309,-104.949558,Colorado Proud member directory
Bolton's Orchards,Farms & Ranches; Agritourism,On-Farm / Ranch Sales; Agritourism,2257 L Road,Grand Junction,Mesa,81505,(970) 241-9398,fortbolton@aol.com,https://boltonorchards.co/,https://www.facebook.com/pages/Boltons-Orchards-and-Farm-Market/342817158274,,,,,,,39.176872,-108.63187,USDA local food directories
Bonacquisti Wine Company,Wineries,Winery,4640/Unit I North Pecos Street,Denver,Denver,80211,(303) 477-9463,,https://www.bonacquistiwine.com/,https://www.facebook.com/denverwine,https://www.instagram.com/bonacquistiwine/,,,"Other Wine Products, Red Wine, White Wine",,,39.780851,-105.005821,Colorado Proud member directory
Bonavida Growers,CSA & Farm Shares,CSA Farm,10729 Airport Rd,Longmont,Boulder,80503,(303) 449-6735,,,,,,,,,,40.169145,-105.154664,USDA local food directories
Bonverts Farm,Farms & Ranches; CSA & Farm Shares,On-Farm / Ranch Sales; CSA Farm,4690 Joliet Street,Denver,Denver,80239,(720) 549-5877,,https://www.bonverts.com,https://www.facebook.com/Bonverts/,,,,"Chard, Flowers, Herbs, Kale, Lettuce, Radishes, Turnips",,,39.781747,-104.860238,USDA local food directories; Colorado Proud member directory
Bookcliff Vineyards,Wineries,Winery,1501/17 17 Lee Hill Drive,Boulder,Boulder,80304,(303) 499-7301,,https://www.bookcliffvineyards.com,https://www.facebook.com/BookCliffVineyards,https://www.instagram.com/bookcliff_vineyards/,,,Wine,,,40.062037,-105.27811,Colorado Proud member directory
Books on Main,Agritourism; Shops & Grocers,Agritourism; Bakery,302 Main Street,Fort Morgan,Morgan,80701,(970) 370-2094,,https://thebooksonmain.com/,https://www.facebook.com/thebooksonmain,https://www.instagram.com/thebooksonmain/,,,"Baked Goods, Beverage Products, Bread, Candy & Confections, Christmas Events & Activities, Coffee, Coffee Beans, Coffee Break Service, Cookies, Crafts, Doughnuts, Events, Fall Events & Activities, Grain & Cereal Products, Halloween Events & Activities, Off-Premise Catering, Seasonal Events & Activities, Tea, Thanksgiving Events & Activities, Winter Events & Activities",,,40.250156,-103.801144,Colorado Proud member directory
Bootheel 7 Ranch,Farms & Ranches,On-Farm / Ranch Sales,11510 Greenbriar Lane,Parker,Douglas,80138,(303) 803-3294,,https://www.bootheel7ranch.com,https://www.facebook.com/bootheel7ranch,https://www.instagram.com/bootheel7ranch/,,,"Beef, Pork",,,39.506404,-104.747787,Colorado Proud member directory
Bougie Tailz,Shops & Grocers,Bakery; Food Maker,943 Larkspur Lane,Louisville,Boulder,80027,(303) 859-7971,,https://www.bougietailz.com,https://www.facebook.com/bougietailz,https://www.instagram.com/bougietailz,,,Animal & Pet Food,,,39.974325,-105.163481,Colorado Proud member directory
"Boulder Couny Fair, Livestock Show & Rodeo",Agritourism,Agritourism,,Ste 200,Boulder,80501,,,https://www.bouldercountyfair.org,,,,,,,,40.153643,-105.127627,USDA local food directories
Boulder Family Farms,Farms & Ranches,On-Farm / Ranch Sales,1005 Cherryvale Rd,Boulder,Boulder,80303,,boulderfamilyfarms@email.com,,,,,,,,,40.005185,-105.212582,USDA local food directories
Boulder Farmers Market,Farmers' Markets,Farmers' Market,13th St & Canyon Blvd Unit D,Boulder,Boulder,80302,(720) 612-8185,hello@bcfm.org,https://bcfm.org/markets/boulder-farmers-market/,https://www.facebook.com/BoulderFarmersMarket,https://www.instagram.com/boulderfarmersmarket/,Wed: 3:30 - 7:30 p.m.; Sat: 8:00 a.m. - 2:00 p.m.,"April, May, June, July, August, September, October, November","Apples, Asparagus, Apricots, Beets, Bell Peppers, Broccoli, Cabbage, Cantaloupe, Carrots, Cauliflower, Celery, Cherries, Chile Peppers, Chile - Roasted, Cucumbers, Eggplant, Garlic, Green Beans, Herbs, Honeydew, Kale, Leeks, Lettuce, Microgreens, Mushrooms, Nectarines, Okra, Onions, Peaches, Pears, Peas, Pinto Beans, Plums, Potatoes, Pumpkins, Radishes, Raspberries, Rhubarb, Spinach, Squash, Strawberries, Sweet Corn, Tomatoes, Turnips, Watermelon, Zucchini, Beef, Buffalo, Jerky, Lamb, Pork, Poultry, Sausage, Baked Goods, Cheese, Eggs, Honey, Jams, Pickles, Popcorn",Yes,,40.016196,-105.278018,Colorado Proud Farm Fresh Directory; Colorado Proud farmers market map; Colorado Farmers Market Association; USDA local food directories
Boulder Valley Honey,CSA & Farm Shares; Farm Stands; Farms & Ranches,CSA Farm; Roadside Market; On-Farm / Ranch Sales,7103 Valmont Road,Boulder,Boulder,80301,(303) 990-3998,Chris@BoulderValleyHoney.com,https://BoulderValleyHoney.com,https://Facebook.com/BoulderValleyHoney,https://Instagram.com/BoulderValleyHoney,,"January, February, March, April, June, May, July, August, September, October, November, December","Honey, Local Honeybees, Queens, Beeswax, Nucs, Beehive Equipment from CO timber, Beekeeping and Health Consultation",Yes,,40.034637,-105.186172,Colorado Proud Farm Fresh Directory; Colorado Proud member directory
Boulder Valley School District,Shops & Grocers,Food Maker,6500 Arapahoe Road,Boulder,Boulder,80303,(720) 561-5042,,https://food.bvsd.org,https://www.facebook.com/schoolfoodproject,https://www.instagram.com/schoolfoodproject/,,,Value-Added Food Products,,,40.01295,-105.20111,Colorado Proud member directory
Boulter's 5280 Urban Market,Farmers' Markets,Farmers' Market,560 Castle Pines Pkwy,Castle Pines,Douglas,80108,(720) 885-8618,matthew@boultersfarmersmarkets.com*matthew@boulters5280urbanmarket.com,https://boulters5280urbanmarket.com/,https://www.facebook.com/Boulters5280UrbanMarket/,,,,,,,39.471872,-104.894948,USDA local food directories
Bountiful Meats & Processing,Farms & Ranches,Meat Producer & Packer,14859 CR T,La Jara,Conejos,81140,(719) 580-2098,,https://www.bountifulmeats.com,https://www.facebook.com/bountifulmeats,,,,"Meat, Poultry & Game Processing",,,37.275008,-105.960301,Colorado Proud member directory
Bread In The Box LLC,Shops & Grocers,Bakery,4950 e 41st Ave,Denver,Denver,80216,(720) 900-9567,,https://breadinthebox.com/,https://m.facebook.com/Breadinthebox/reviews/,https://www.instagram.com/breadinthebox_/,,,"Bagels, Baked Goods, Baked Goods Manufacturing, Bakery Supplies & Equipment, Baking Mixes & Supplies, Beverage Manufacturing, Beverage Products, Cakes, Candy & Confectionery Manufacturing, Candy & Confections, Chocolate & Cocoa Products, Chocolate Manufacturing, Co-Packing, Cookies, Dried Fruit, Frozen Dairy Desserts, Frozen Food Manufacturing, Frozen Food Plans, Grain & Cereal Products, Ice Cream, Jam, Jam, Jelly & Preserves, Juice, Non-Alcoholic Beverages & Products, Prepared Food, Prepared Food Manufacturing, Production & Manufacturing, Sandwiches / Subs / Hoagies, Snack Food Products, Soft Drinks, Soups & Stews, Tortillas",Yes,,39.773699,-104.929896,Colorado Proud member directory
Bread Truck Bakery,Shops & Grocers,Bakery,,Fort Collins,Larimer,80524,(815) 508-1908,,,,,,,,,,40.58526,-105.084423,Colorado Proud member directory
Breckenridge Farmers Market,Farmers' Markets,Farmers' Market,112 Washington Ave,Breckenridge,Summit,80424,,,https://breckenridgefarmersmarket.com/,,https://www.instagram.com/breckenridgefarmersmarket/,Thu: 4:00pm - 7:00pm (Jun 18 - Sep 24),,"Seasonal produce, dairy, baked goods, prepared foods, mushrooms, herbs, Colorado beef, jams, artisan goods",,,39.480615,-106.047335,Farmers market vendor lists
Breckenridge Sunday Market,Farmers' Markets,Farmers' Market,505 S Main Street Main Street Station,Breckenridge,Summit,80424,(970) 471-9029,info@rockymtnevents.com,https://rockymountainevents.com/,https://www.facebook.com/breckenridgesundaymarket/,https://instagram.com/brecksundaymarket,Sun: 10:00am - 3:00pm,"June, July, August, September","Apples, Apricots, Asparagus, Beets, Bell Peppers, Broccoli, Brussels Sprouts, Cabbage, Cantaloupe, Carrots, Cauliflower, Cherries, Chile Peppers, Chile - Roasted, Cucumbers, Green Beans, Herbs, Kale, Lettuce, Nectarines, Onions, Peaches, Peas, Plums, Potatoes, Spinach, Squash, Tomatoes, Zucchini, Beef, Buffalo, Jerky, Sausage, Baked Goods, Cheese, Eggs, Honey, Jams, Pickles, Jellies, Popcorn, Juices, Handcrafted Gifts",,,39.476794,-106.044895,Colorado Proud Farm Fresh Directory; Colorado Proud farmers market map; Colorado Proud member directory
Briargate Farmers' Market,Farmers' Markets,Farmers' Market,"7610 North Union Blvd, Colorado Springs, CO 80920",Colorado Springs,El Paso,80920,(719) 351-0012,corderamarket@yahoo.com,https://www.springsfarmersmarkets.com/northern-springs,https://www.facebook.com/springsfm,,Wed: 9:00am - 2:00pm,"May, June, July, August, September","Fresh produce, dairy products, homemade bread, seasonal Palisade peaches, handmade jewelry, crafted wood items, Pampered Chef, microgreens, mushrooms, dog treats, locally ground coffee, and more (about 35 vendors)",,,38.94334,-104.775347,USDA local food directories
Bristlecone Bakeshop,Shops & Grocers,Bakery,15 S. Main St,Alma,Park,80420,(908) 451-5727,maggie@bristleconebakeshop.com,https://www.bristleconebakeshop.com/,,https://www.instagram.com/bristlecone_bakeshop/,Wed–Sat 7am–2pm; Sun 7am–12pm,,"Sourdough loaves, sweet and savory pastries, breakfast sandwiches, cookies, cold sandwiches",,,39.283437,-106.062459,Farmers market vendor lists
Broadway Farmers' Market,Farmers' Markets,Farmers' Market,23 Lincoln St.,Denver,Denver,80203,(303) 242-1032,,,,,,,,,,39.717045,-104.986249,USDA local food directories
Brody’s Fluffy Butt Hut,Shops & Grocers,Food Maker,,,,,(720) 260-0039,,https://www.brodysfluffybutthut.com,,,,,"Baking Mixes & Supplies, Eggs",,,,,Colorado Proud member directory
Broken Gringo LLC,Shops & Grocers,Food Maker,17020/927 Carlson Drive,Parker,Douglas,80134,(720) 500-4143,,https://brokengringo.com,,,,,"Condiment & Sauce Manufacturing, Condiments & Sauces, Spice Blends, Spices & Seasoning",,,39.544932,-104.790291,Colorado Proud member directory
Broomfield Farmers' Market,Farmers' Markets,Farmers' Market,1700 W. 10th Ave.,Broomfield,Broomfield,80020,(303) 466-2667,market@holycomforterchurch.net,,https://www.facebook.com/pages/Broomfield-Farmers-Market-at-Holy-Comforter/205491972824879,,,,,,,39.928852,-105.089183,USDA local food directories
Brown Grain & Livestock,Farms & Ranches,On-Farm / Ranch Sales,County Road 88,Pierce,Weld,80650,(970) 689-9410,,,,,,,"Beef, Wheat",,,40.625749,-104.753881,Colorado Proud member directory
Brunson Meat Co.,Farms & Ranches; Shops & Grocers,Meat Producer & Packer; On-Farm / Ranch Sales; Food Maker,3700 W. 47th Avenue,Denver,Denver,80211,(720) 422-8387,,https://brunsonmeats.com/,,https://www.instagram.com/chefjustinbrunson/,,,Beef,,,39.781902,-105.035882,Colorado Proud member directory
Buck and Bloom Cheese Co,Farms & Ranches; Agritourism,On-Farm / Ranch Sales; Agritourism,31700 US Highway 24 North,Buena Vista,Chaffee,81211,(720) 382-4782,buckandbloomcheese@gmail.com,https://www.buckandbloomcheese.com/,https://www.facebook.com/people/Buck-Bloom-Cheese-Co/61578967916917/,https://www.instagram.com/buckandbloomcheese/,,,"Artisan goat and cow cheeses (chèvre, fromage blanc, goat feta, bloomy rinds, pepperjack, cave-aged), eggs",Yes,,38.878099,-106.162631,Farmers market vendor lists; Colorado Proud member directory
Buck Up Buttercup Ranch,Farms & Ranches,On-Farm / Ranch Sales,10220 State Highway 9,Canon City,Fremont,81212,(720) 765-2699,,https://buckupbuttercupranch.com,http://facebook.com/profile.php?id=61550199031467,,,,"Beef, Eggs, Livestock - Beef Cattle",,,38.604312,-105.43399,Colorado Proud member directory
Buckel Family Wine,Wineries,Winery,1018/b Colorado 135,Gunnison,Gunnison,81230,(970) 349-2071,,https://buckelfamilywine.com,https://www.facebook.com/BuckelFamilyWine/,https://www.instagram.com/buckelfamilywine/,,,"Red Wine, White Wine, Wine",,,38.559186,-106.926476,Colorado Proud member directory
Buckhead Meat & Seafood,Farms & Ranches,Meat Producer & Packer,16304 E 32 Ave Suite 38,Aurora,Adams,80011,(303) 298-0997,,https://www.buckheadmeat.com/denver/,,,,,"Beef, Chicken, Flounder, Goat, Grouper, Pork, Processing, Salmon, Sea Bass, Seafood & Aquaculture, Tuna, Veal",,,39.761613,-104.798034,Colorado Proud member directory
Buddha And The Bees,Farms & Ranches; Shops & Grocers,On-Farm / Ranch Sales; Food Maker,6 Princeton Circle,Longmont,Boulder,80503,(720) 487-6147,,https://buddhaandthebees.net,https://facebook.com/buddhaandthebees,https://instagram.com/buddhaandthebees,,,"Bee Keeping, Honey, Honey & Honey Products",,,40.181754,-105.142319,Colorado Proud member directory
Buena Vista Farmers' Market,Farmers' Markets,Farmers' Market,"Turner Farm & Apple Orchard, 829 W Main St",Buena Vista,Chaffee,81211,(719) 297-5430,buenavistaheritage@msn.com,https://www.buenavistaheritage.org/,,,Sun: 9:00am - 1:00pm (May 31 - Oct 25),"May, June, July, August, September, October","Locally grown produce, jewelry, breakfast/prepared food, pottery, art, crafts",,,38.839044,-106.141712,USDA local food directories
Bugling Elk Vineyard and Winery,Wineries,Winery,1215 Apple Lane,Penrose,Fremont,81240,(171) 949-4523,,,https://www.facebook.com/buglingelkvineyard/,,,,"Red Wine, White Wine",,,38.444217,-104.993322,Colorado Proud member directory
Bully Boy Baking,Shops & Grocers,Bakery,1895 Quebec Street,Denver,Denver,80220,(313) 443-8927,,,,https://www.instagram.com/bullyboybaking/,,,Baked Goods Manufacturing,,,39.746033,-104.903936,Colorado Proud member directory
Bunkhouse Custom Meats,Farms & Ranches,On-Farm / Ranch Sales; Meat Producer & Packer,203 South Labelle Avenue,Bristol,Prowers,81047,(719) 691-4419,,https://www.getbunkhousebeef.com,https://www.facebook.com/profile.php?id=100089944623513,https://www.instagram.com/bunkhousecustoms/,,,"Beef, Livestock - Beef Cattle, Pork",,,38.122232,-102.311579,Colorado Proud member directory
Burley Bees,Farms & Ranches,On-Farm / Ranch Sales,1381 Illinois Avenue,Cañon City,Fremont,81212,(719) 330-1546,burleybees719@gmail.com,https://www.burleybeeshoney.com,https://www.facebook.com,https://www.instagram.com/burley_bees,,"January, February, April, March, May, June, July, August, September, October, November, December","Bee Keeping, Honey & Honey Products",,,38.48084,-105.24826,Colorado Proud Farm Fresh Directory; Colorado Proud member directory
Busy Bee Farm,Farms & Ranches; CSA & Farm Shares,On-Farm / Ranch Sales; CSA Farm,960 Independence Drive,Larkspur,Douglas,80118,(303) 657-5360,steven_lechner@msn.com,,https://www.facebook.com/busybeefarm.online/,,,"January, February, March, April, May, June, July, August, September, October, November, December","Bee Keeping, Body Care Products, Educational Seminars, Honey, Honey & Honey Products, Rhubarb",,,39.251057,-104.904324,USDA local food directories; Colorado Proud member directory
Busy Green Bee,Shops & Grocers,Bakery,,Westcliffe,Custer,81252,(303) 968-5317,,,https://www.facebook.com/BusyGreenBeeBakery,https://www.instagram.com/busygreenbeebakery/,,,"Bagels, Baked Goods, Bread, Cakes, Cookies, Flour",,,38.134722,-105.465835,Colorado Proud member directory
Buttah Bakehouse,Shops & Grocers,Bakery,10844 Deer Meadow Circle,Colorado Springs,El Paso,80925,(401) 580-7987,,,,https://www.instagram.com/buttahbakehouse/,,,Baked Goods,,,38.739501,-104.639038,Colorado Proud member directory
C & R Farms LLC,Farms & Ranches,On-Farm / Ranch Sales,3620 F Road,Palisade,Mesa,81526,(970) 986-0321,megan@candrfarms.com,https://candrfarms.com,,,,"July, August, September","Apples, Apricots, Cherries, Pears, Peaches, Nectarines, Plums",,,39.092247,-108.380439,Colorado Proud Farm Fresh Directory
Cabri Creamery,Farms & Ranches,On-Farm / Ranch Sales,11664 N. County Rd 7,Wellington,Larimer,80549,(303) 913-5537,,https://www.cabricreamery.com/,,https://www.instagram.com/cabri.creamery/,,,,Yes,,40.754901,-105.000886,Colorado Proud member directory
Camelot farms,Agritourism,Agritourism,15911 black bridge road,Paonia,Delta,81428,,toniharmony@yahoo.com,,,,,,,,,38.882899,-107.589472,USDA local food directories
"Camille's Yum Bites, LLC",Shops & Grocers,Bakery,6827 S. Ivy St,Centennial,Arapahoe,80112,(720) 819-7371,,,,,,,Baked Goods,,,39.592741,-104.920723,Colorado Proud member directory
Canine Candy Biscuits,Shops & Grocers,Food Maker,617 S Gilpin Ave,Loveland,Larimer,80537,(785) 221-1624,,https://www.caninecandybiscuits.com,https://www.facebook.com/caninecandybiscuits,https://www.instagram.com/caninecandybiscuits,,,"Animal & Pet Food, Animal & Pet Food Manufacturing",,,40.385862,-105.110707,Colorado Proud member directory
Cannolo Family Farms,Farms & Ranches,On-Farm / Ranch Sales,7400 E Crestline Cir,Greenwood Village,Arapahoe,80111,(303) 880-3986,,https://cannolofarms.com/,,https://www.instagram.com/cannolofarms/,,,Mushrooms,Yes,,39.61869,-104.902112,Colorado Proud member directory
Cantwell Farms LLC,Farms & Ranches,On-Farm / Ranch Sales,,Keenesburg,Weld,80643,(970) 324-3414,,,,,,,"Alfalfa, Barley, Corn, Sorghum, Wheat",,,40.108316,-104.519959,Colorado Proud member directory
Carbondale Farmers' Market,Farmers' Markets,Farmers' Market,"4th & Main St.,",Carbondale,Garfield,81623,(970) 510-0079,info.carbondalefarmersmarket@gmail.com,http://www.carbondalefarmersmarket.com/,,,,,,,,39.40055,-107.21127,USDA local food directories
Carboy Winery,Wineries,Winery,6885 South Santa Fe Drive,Littleton,Arapahoe,80120,(303) 589-6848,,https://www.carboywinery.com/,https://www.facebook.com/carboywinery/,https://www.instagram.com/carboywinery/,,,"Red Wine, Sparkling Wine, White Wine, Wine",,,39.592228,-105.022822,Colorado Proud member directory
Caring & Sharing – Sanctuary Soup Kitchen,Food Assistance,Food Bank,220 W 4th St,,Chaffee,,(719) 539-3686,salidacs@gmail.com,,,,,,,,,38.534744,-105.995384,Chaffee Provides
Carniceria Chihuahua,Shops & Grocers,Grocery Store,1495 Us Highway 287,Broomfield,Broomfield,80020,(720) 550-7124,,,,,,,"Beef, Chicken, Pork, Tortillas, Vegetables",Yes,,39.91754,-105.08633,Colorado Proud member directory
Casa Bonita,Restaurants & Caterers,Restaurant,6715 West Colfax Avenue,Lakewood,Jefferson,80214,(303) 232-5115,,https://www.casabonitadenver.com,,,,,Condiments & Sauces,,,39.741764,-105.070705,Colorado Proud member directory
Castle Rock Farmers Market,Farmers' Markets,Farmers' Market,"500 Fairgrounds Drive, Upper Parking Lot, Castle Rock, CO 80104",Castle Rock,Douglas,80104,(719) 401-1495,originalcrfm@gmail.com,,https://www.facebook.com/castlerockfarmersmarket,,Sat: 8:00am - 12:30pm,"June, July, August, September, October","Fresh fruits, vegetables, and other products from local farmers, ranchers, bakers and other vendors, including meats, dairy, baked goods, prepared foods, coffee, specialty items, and health products",,,39.36276,-104.85126,Colorado Proud Farm Fresh Directory; Colorado Proud farmers market map; USDA local food directories
CastleDough,Shops & Grocers,Bakery,200 Perry St,Castle Rock,Douglas,80104,(719) 602-2253,,https://www.CastleDough.com,,https://www.instagram.com/castledough,,,"Bagels, Baked Goods, Baked Goods Manufacturing, Bread, Cookies",,,39.371504,-104.858325,Colorado Proud member directory
Cattle Queen Craft Bakery,Shops & Grocers,Bakery,19385 East Prentice Lane,Centennial,Arapahoe,80015,(303) 332-7772,,https://www.cqofmt.com,https://www.facebook.com/artsycharo/,https://www.instagram.com/p/Cn5SL98PZRX/?utm_source=ig_web_copy_link,,,Baked Goods,,,39.619612,-104.761642,Colorado Proud member directory
Caviness Farms,Farms & Ranches,On-Farm / Ranch Sales,,,,,(970) 903-9790,,,,,,,Beef,,,,,Colorado Proud member directory
Cedaredge Main Street Farmer's Market,Farmers' Markets,Farmers' Market,175 E Main St,Cedaredge,Delta,81413,(970) 856-3123,aalfaro@cedaredgecolorado.com,,https://www.facebook.com/CedaredgeMainStreetMarket/,,Wed: 4:00pm - 7:00pm,"July, August, September","Local produce, baked goods, and handmade artisan/craft goods from local growers, backyard gardeners, bakers, crafters, and makers",,,38.900732,-107.922602,USDA local food directories
Celestial Creek Ranch,Farms & Ranches,On-Farm / Ranch Sales; Meat Producer & Packer,6963 Young Hollow Rd,Pueblo,Pueblo,80817,(719) 420-1656,,https://celestialcreekranch.com,,,,,Pork,,,38.512471,-104.689565,Colorado Proud member directory
Centennial cuts,Farms & Ranches,On-Farm / Ranch Sales,29940 County Road 4,Fowler,Otero,81039,(719) 469-4848,,https://www.centennialcuts.com,https://www.facebook.com/centennialcuts,https://www.instagram.com/centennial.cuts,,,Beef,,,38.077754,-104.005192,Colorado Proud member directory
Ch'il indigenous foods,Farms & Ranches; Shops & Grocers; Restaurants & Caterers,On-Farm / Ranch Sales; Bakery; Restaurant; Caterer,7530 west 38th ave,Wheatridge,Jefferson,80033,(720) 313-8667,,https://chil-indigenousfoods.com,,,,,"Amaranth, Beans",,,39.768835,-105.080257,Colorado Proud member directory
Chaffee Cares,Food Assistance,Organization,,,Chaffee,,(719) 568-8522,chaffeecares@gmail.com,http://www.chaffeecares.org,,,,,Staples,,,38.530332,-105.991678,Chaffee Provides
Chaffee Community Resource Center,Food Assistance,Food Bank,220 W 4th St Salida,,Chaffee,81201,(719) 539-4849,info@salidacaringsharing.org,http://salidacaringsharing.org/the-resource-center/,,,,,"Beef/Meat, Dairy, Veggies, Staples",,,38.534823,-105.995465,Chaffee Provides
Chalk and Flour,Shops & Grocers,Bakery,,Littleton,Jefferson,80128,(720) 819-5925,,https://www.chalkandflour.com,https://www.facebook.com/profile.php?id=61579380547460,https://www.instagram.com/chalk.and.flour/,,,"Bread, Cookies",,,39.576196,-105.067432,Colorado Proud member directory
Charcutnuvo Organic and Natural Sausage,Farms & Ranches,Meat Producer & Packer,911 East 75th Avenue,Denver,Adams,80229,(303) 912-6928,,http://www.charcutnuvo.com,https://www.facebook.com/charcutnuvo/,https://www.instagram.com/charcut.nuvo/,,,"Meat, Poultry & Game",,Yes,39.83351,-104.975348,Colorado Proud member directory
Cheez Me LLC,Farms & Ranches,On-Farm / Ranch Sales,5155 e. 39th Avenue kitchen 8,Denver,Denver,80207,(505) 553-8348,,https://instagram.com/cheezme.co,,https://instagram.com/cheezme.co,,,Cheese,,,39.771698,-104.9276,Colorado Proud member directory
Cherry Creek Fresh Market,Farmers' Markets,Farmers' Market,"Cherry Creek Shopping Center, east side, on Steele St. next to Macy's, Denver, CO",Denver,Denver,80308,(303) 442-1837,freshmarkets@qwest.net,https://www.coloradofreshmarkets.com,https://www.facebook.com/ColoradoFreshMarkets,https://www.instagram.com/coloradofreshmarkets/,Sat: 9:00am - 2:00pm,"May, June, July, August, September, October","Fresh in-season produce, prepared foods, flowers, baked goods, local meats and dairy, and handcrafted/artisan goods",,,39.71818,-104.95907,USDA local food directories
Chimney Rock Farm,Farms & Ranches,On-Farm / Ranch Sales,500 County Road 175,Chimney Rock,La Plata,81127,,,,,,,,,,,37.446278,-107.557147,USDA local food directories
Chin Dribblin Asian Fusion Sauces,Shops & Grocers,Grocery Store,4800 Dahlia st,Denver,Denver,80216,(720) 220-4182,,http://www.chindribblin.com,https://www.facebook.com/people/Chin-Dribblin-Specialty-Sauces-Marinades/100080395869180/,https://www.instagram.com/chindribblinllc/,,,Condiments & Sauces,,,39.784113,-104.930705,Colorado Proud member directory
Chinampas,Garden Centers; Farms & Ranches,Garden Center / Greenhouse; On-Farm / Ranch Sales,16105 County Road 18,Cortez,Montezuma,81321,(970) 317-0774,seth@chinampas.org,https://www.chinampas.org,https://www.facebook.com/ChinampasCO,https://www.instagram.com/chinampasco/,,"January, February, March, April, May, June, July, August, September, October, November, December","Chile Peppers, Mushrooms, Lettuce, Tomatoes, Tilapia, Blue Gill, Depends on what we are powering our system with at the time",,,37.443312,-108.719527,Colorado Proud Farm Fresh Directory; Colorado Proud member directory
Christensen Ranch,Farms & Ranches,On-Farm / Ranch Sales; Meat Producer & Packer,24951 CR 9.5,Weldona,Morgan,80653,(970) 645-1339,christensenranch@gmail.com,https://christensenranch.com,https://facebook.com/ChristensenRanchBeef,https://www.instagram.com/christensenranchbeef/,Mon: 8 am - 4 pm; Tue: 8 am - 4 pm; Wed: 8 am - 4 pm; Thu: 8 am - 4 pm; Fri: 8 am - 4 pm,"January, February, March, April, May, June, July, August, September, October, November, December",Beef,,,40.361107,-103.96911,Colorado Proud Farm Fresh Directory; Colorado Proud member directory
Circle A Garden,CSA & Farm Shares,CSA Farm,20341 Pahgre Rd,Montrose,Montrose,81403,(970) 249-9725,circlea@skybeam.com,https://www.circleagarden.com,,,,"April, May, June, July, August, September, October, November, December",,,,38.385808,-107.813915,USDA local food directories
Circle of 2 Ranch,Farms & Ranches,On-Farm / Ranch Sales,PO BOX 1027,Montrose,Montrose,81402,(719) 650-6490,,https://circleof2ranch.com,https://www.facebook.com/profile.php?id=61590660731209,,,,Beef,,,38.478201,-107.876629,Colorado Proud member directory
City of Aurora Pumpkin Patch,Agritourism,Agritourism,151 E. Alameda Parkway,Aurora,Arapahoe,80012,(303) 739-6702,,,,,,,,,,39.708897,-104.81368,USDA local food directories
City of Edgewater Farmers Market,Farmers' Markets,Farmers' Market,"Historic West 25th Ave. (between Benton/Chase St. and Ames St.), Edgewater, CO 80214",Edgewater,Jefferson,80214,(720) 763-3012,KHardt@EdgewaterCO.com,https://www.edgewaterco.com/,https://www.facebook.com/cityofedgewatermarketandmusic/,,Thu: 5:00pm - 8:00pm,"June, July, August, September","Produce (apples, berries, vegetables, herbs), meats (beef, buffalo, lamb, pork, poultry), dairy (cheese, eggs), baked goods, honey, jams, pickles, jerky, sausage",Yes,,39.751395,-105.053233,USDA local food directories
City Park Farmers Market,Farmers' Markets,Farmers' Market,2551 E Colfax Ave,Denver,Denver,80206,(720) 363-5697,cityparkfarmersmarket@gmail.com,https://www.cityparkfarmersmarket.com/,https://www.facebook.com/cityparkfarmersmarket/,https://instagram.com/cityparkfarmersmarket,Sat: 8am - 1pm,"May, June, July, August, September, October","Apples, Apricots, Asparagus, Beets, Bell Peppers, Broccoli, Brussels Sprouts, Cabbage, Cantaloupe, Carrots, Cauliflower, Celery, Cherries, Chile Peppers, Chile - Roasted, Cucumbers, Eggplant, Garlic, Green Beans, Herbs, Grapes, Honeydew, Kale, Leeks, Lettuce, Microgreens, Mushrooms, Nectarines, Okra, Onions, Peaches, Pears, Peas, Pinto Beans, Plums, Potatoes, Pumpkins, Radishes, Raspberries, Rhubarb, Spinach, Squash, Strawberries, Sweet Corn, Tomatoes, Turnips, Watermelon, Zucchini, Beef, Lamb, Pork, Poultry, Sausage, Baked Goods, Cheese, Eggs, Honey, Jams, Jellies, Pickles, Popcorn, Cider",Yes,,39.740255,-104.956383,Colorado Proud Farm Fresh Directory; Colorado Proud farmers market map; Colorado Farmers Market Association; USDA local food directories; Colorado Proud member directory
Clayton Cares Market,Food Assistance,Food Bank,3601 MLK Jr. Blvd,Denver,Denver,80205,(720) 970-2301,,https://www.claytonearlylearning.org/our-schools-programs/health-and-wellness/claytoncaresmarket.html,,,,,,,,39.762755,-104.944638,Colorado Proud member directory
Cletas Natural Beef-Piedmontese,Farms & Ranches,On-Farm / Ranch Sales,250 F Avenue,Limon,Lincoln,80828,(719) 740-2251,,,,,,,Beef,,,39.262268,-103.688994,Colorado Proud member directory
Cliff Dweller Wine Co.,Wineries,Winery,3674 G Road,Palisade,Mesa,81526,(970) 464-2222,,https://www.coloradovintners.com/,,,,,,,,39.106359,-108.370188,Colorado Proud member directory
Cloud City Farm (Cloud City Conservation Center),Farmers' Markets; Farm Stands,Farmers' Market; Roadside Market,440 McWethy Drive,Leadville,Lake,80461,(719) 465-6164,,https://www.c4leadville.org,https://www.facebook.com/CloudCityConservationCenter,https://www.instagram.com/c4leadville/,Thu: 4:00pm - 6:00pm; Fri: 9:00am - 4:00pm (self-serve),"June, July, August, September, October","Basil, Beans, Beets, Cucumbers, Herbs, Kale, Kohlrabi, Lettuce, Summer Squash, Tomatoes",Yes,,39.244555,-106.306266,Colorado Proud member directory
Cloverleaf Farms West,Shops & Grocers,Food Maker,1101 Mountview Drive,Elizabeth,Elbert,80107,(720) 233-3205,,http://www.cloverleaffarmswest.com,,,,,,,,39.409273,-104.64194,Colorado Proud member directory
Cobblestone Farm LLC,Farms & Ranches,On-Farm / Ranch Sales,35294 Hanson Mesa Road,Hotchkiss,Delta,81419,(970) 270-3004,,,,,,,"Apples, Basil, Fruit, Garlic, Onions, Peaches, Peppers, Shallots, Tomatoes",,,38.8161,-107.699,Colorado Proud member directory
Collier Farms,Farms & Ranches; Farm Stands,On-Farm / Ranch Sales; Roadside Market,4751 Sandy Ridge Ave,FIRESTONE,Weld,80504,(720) 261-3035,,https://www.collier-farms.com,https://www.facebook.com/CollierFarmsLLC,https://www.instagram.com/collierfarmsllc,,,"Basil, Beans, Bok Choy, Broccoli, Brussels Sprouts, Cabbage, Cauliflower, Chard, Chives, Cilantro, Cucumbers, Dill, Eggplant, Flowers, Garlic, Gourds (Edible), Herbs, Local Delivery, Nursery & Horticulture Products, Okra, Onions, Oregano, Parsley, Peas, Peas, Peppers, Pumpkins, Rosemary, Sage, Scallions, Sunflower, Tarragon, Thyme, Tomatillos, Tomatoes, Vegetables, Watermelon, Winter Squash, Zucchini",,,40.149333,-104.965741,Colorado Proud member directory
"Colo-Pac Produce, Inc.",CSA & Farm Shares,CSA Farm,4345 Oneida Street,Denver,Denver,80216,(303) 291-0155,email@colo-pac.com,https://www.colopac.com,,,Mon: 6 am - 3 pm; Tue: 6 am - 3 pm; Wed: 6 am - 3 pm; Thu: 6 am - 3 pm; Fri: 6 am - 3 pm; Sat: 6 am - 10 am,"January, February, March, April, May, June, July, August, September, October, November, December","Apples, Apricots, Asparagus, Beets, Bell Peppers, Broccoli, Brussels Sprouts, Cabbage, Cantaloupe, Carrots, Cauliflower, Celery, Cherries, Chile Peppers, Chile - Roasted, Cucumbers, Eggplant, Garlic, Grapes, Green Beans, Honeydew, Herbs, Kale, Leeks, Lettuce, Mushrooms, Microgreens, Nectarines, Okra, Onions, Pears, Peaches, Peas, Pinto Beans, Plums, Potatoes, Pumpkins, Radishes, Raspberries, Rhubarb, Spinach, Squash, Strawberries, Sweet Corn, Tomatoes, Watermelon, Turnips, Zucchini, Eggs",,Yes,39.777156,-104.909004,Colorado Proud Farm Fresh Directory
Colon Orchards,Farms & Ranches; Agritourism; Farm Stands,On-Farm / Ranch Sales; Agritourism; Roadside Market; Meat Producer & Packer,3175 Grandview Avenue,Canon City,Fremont,81212,(719) 275-6359,brittalex@hotmail.com,https://www.colonorchards.com,https://www.facebook.com/colonorchards,,,,"Alfalfa, Apples, Apricots, Attractions & Activities, Baked Goods, Beans, Beans (Field/Dry), Beef, Beets, Broccoli, Cabbage, Cheese, Cherries, Chicken, Cider, Condiments & Sauces, Cookies, Cucumbers, Dill, Eggplant, Eggs, Fall Events & Activities, Firewood, Fruit, Garlic, Grapes, Grass, Jam, Jam, Jelly & Preserves, Lamb, Muskmelons, Peaches, Pears, Popcorn & Popcorn Products, Potatoes, Pumpkins, Salsa, School Tours, Straw, Sweet Corn, Syrups, Tomatoes, Vegetables, Watermelon, Winter Squash, Zucchini",,,38.435304,-105.18516,USDA local food directories; Colorado Proud member directory
Colorado Agritourism Association,Agritourism,Agritourism,655 Grand Avenue,Delta,Delta,81416,(970) 471-9621,,https://www.coloradoagritourismassociation.org/,https://www.facebook.com/coloradoagritourismassociation,https://www.instagram.com/coagtourism/,,,"Cultural Events & Activities, Events, Marketing",,,38.73816,-108.068158,Colorado Proud member directory
Colorado Aromatics,Agritourism,Agritourism,340 Lashley St,Unit 220 Longmont,Boulder,80504,,info@sagescript.com,https://sagescript.com/,,,,,,,,40.164632,-105.0881,USDA local food directories
Colorado Catch  LLC,Farms & Ranches,On-Farm / Ranch Sales,22874 County Road 24,Sanford,Conejos,81151,(719) 274-9896,,,,,,,,,,37.325275,-105.819886,Colorado Proud member directory
Colorado Cellars Winery,Wineries,Winery,3553 East Road,Palisade,Mesa,81526,(970) 464-7921,,https://www.coloradocellars.com,,,,,"Blends & Generic Wines, Candy & Confections, Cheese, Chocolate & Cocoa Products, Condiments & Sauces, Cured Meat Products, Fortified Wines, Fruit, Fruit Wine, Grapes, Honey & Honey Products, Nuts, Other Wine Products, Pasta (Dry), Peaches, Popcorn & Popcorn Products, Red Wine, Salsa, Snack Food Products, Soft Drinks, Sparkling Wine, White Wine, Wine",,,39.074715,-108.394595,Colorado Proud member directory
Colorado Coops,Farms & Ranches,On-Farm / Ranch Sales,,Black Hawk,Gilpin,80422,(720) 702-0105,,https://www.coloradocoops.com/,https://www.facebook.com/p/Colorado-Coops-61557764292327/,https://x.com/coopscolorado,,,"Animal & Pet Food, Chicken, Chicks, Duck, Eggs, Livestock Production Services, Meat, Poultry & Game",,,39.796932,-105.493885,Colorado Proud member directory
Colorado Craft Beef LLC,Farms & Ranches,On-Farm / Ranch Sales; Meat Producer & Packer,54600 County Road CC,Akron,Washington,80720,(970) 573-6688,,https://coloradocraftbeef.com/,https://www.facebook.com/coloradocraftbeef,https://www.instagram.com/coloradocraftbeef/,,,"Beef, Cured Meat Products, Meat, Poultry & Game Processing",,,40.357658,-103.197115,Colorado Proud member directory
Colorado Custom Meat Co,Farms & Ranches,Meat Producer & Packer,443 4th St,Kersey,Weld,80644,(970) 792-9892,,https://www.coloradocustommeatco.com/,,,,,"Beef, Goat, Lamb, Pork",,,40.385691,-104.56115,Colorado Proud member directory
Colorado Edible Forest at Rivendell Farms,Farms & Ranches,On-Farm / Ranch Sales,3961 County Road 114,Glenwood Springs,Garfield,81601,(970) 718-2781,,http://www.coloradoedibleforest.com,https://www.facebook.com/coedibleforest,https://www.instagram.com/coedibleforest/,,,Nursery & Horticulture Products,,,39.484078,-107.228338,Colorado Proud member directory
Colorado Farm and Art Market,Farmers' Markets,Farmers' Market,"7350 Pine Creek Road, Colorado Springs, CO 80919, USA",Colorado Springs,El Paso,80905,(719) 640-6154,farmandartmarket@gmail.com,https://www.farmandartmarket.com,https://www.facebook.com/farmandartmarket,,Sat: 10am-2pm,"June, July, August, September, October","Cherries, Apples, Apricots, Beets, Bell Peppers, Broccoli, Cabbage, Carrots, Cauliflower, Chile Peppers, Chile - Roasted, Cucumbers, Cantaloupe, Eggplant, Garlic, Green Beans, Herbs, Honeydew, Kale, Leeks, Lettuce, Mushrooms, Nectarines, Onions, Peaches, Pears, Plums, Potatoes, Pumpkins, Radishes, Rhubarb, Spinach, Squash, Sweet Corn, Tomatoes, Turnips, Watermelon, Zucchini, Beef, Poultry, Pork, Jerky, Lamb, Sausage, Baked Goods, Cheese, Eggs, Honey, Jams, Jellies, Pickles",,,38.937807,-104.814981,Colorado Proud Farm Fresh Directory; Colorado Proud farmers market map; USDA local food directories
Colorado Farm to Table,Farms & Ranches,On-Farm / Ranch Sales,7750 County Road 150,Salida,Chaffee,81201,(719) 207-2209,info@coloradofarmtotable.org,http://coloradofarmtotable.org/,https://www.facebook.com/nonprofitfarm/,https://www.instagram.com/colorado_farm_to_table/,,,"Corn, acorn squash, cabbage, broccoli, pumpkins",,,38.553956,-106.019829,Chaffee Provides
Colorado Gators,Agritourism; Farms & Ranches,Agritourism; On-Farm / Ranch Sales,9162 Lane 9 N,Mosca,Alamosa,81146,(719) 378-2612,colog8rs@gmail.com,https://ColoradoGators.com,http://www.facebook.com/ColoradoGatorFarm,,,"January, February, March, April, May, June, July, August, September, October, November, December","Figs, Fig Trees, Tilapia",,,37.705725,-105.86997,Colorado Proud Farm Fresh Directory
Colorado Juice Company,Farms & Ranches; Agritourism; Shops & Grocers,On-Farm / Ranch Sales; Agritourism; Food Maker,PO Box 902,Montrose,Montrose,81402,(503) 799-9206,,https://www.cojuice.co,https://www.facebook.com/profile.php?id=61554004207315&mibextid=LQQJ4d,,,,"Beverage Manufacturing, Beverage Products, Catering Services, Cherries, Co-Packing, Crops & Agricultural Products, Cultural Events & Activities, Drum, Events, Fall Events & Activities, Flavor Concentrates, Frozen Food Manufacturing, Fruit, Fruit Processing, Peaches, Pears, Peppers, Services - Food & Agricultural, Value-Added Food Products",,,38.478201,-107.876629,Colorado Proud member directory
Colorado Kids Ranch,Agritourism,Agritourism,2205 E Hwy 105,Monument,El Paso,80132,,hello@coloradokidsranch.com,https://coloradokidsranch.com/,,,,,,,,39.100011,-104.786618,USDA local food directories
colorado kolache company,Shops & Grocers,Bakery,1717 South College Avenue,Fort Collins,Larimer,80525,(970) 412-4714,,,https://www.facebook.com/Colorado-Kolache-Company-112980457674712,,,,"Baked Goods, Coffee, Cookies",,,40.564806,-105.077593,Colorado Proud member directory
Colorado Mountain Lavender,Farms & Ranches,Farm Products (online),5968 State Highway 69,Buena Vista,Fremont,81211,(719) 371-2828,connect@co-mtn-lav.com,https://co-mtn-lav.com/,,,Not open to the public. Order online.,,"Lavender essential oil, skin care, bath salts, hydrosol, culinary vinegars, dried lavender bouquets",,,38.33039,-105.601783,Chaffee Provides
COLORADO PORK,Shops & Grocers,Food Maker,PO BOX 116,Lucerne,Weld,80646,(970) 346-4964,,https://copork.org,https://www.facebook.com/ColoradoPorkProducersCouncil,,,,Pork,,,40.480827,-104.697138,Colorado Proud member directory
"Colorado Prime Beef, LLC",Agritourism,Agritourism,250 County Road 80,Stoneham,Weld,80754,(970) 520-3216,sales@coprimebeef.com,https://www.coprimebeef.com,https://www.facebook.com/coloradoprimebeef/,,,,,,,40.56632,-103.648505,USDA local food directories
Colorado Q,Restaurants & Caterers,Restaurant,618 34 1/2Rd,Clifton,Mesa,81520,(970) 261-8484,,https://www.coloradoqgj.com,https://www.facebook.com/coloradoqgj/,https://instagram.com/coloradoq.bbq,,,Barbecue,,,39.094274,-108.412845,Colorado Proud member directory
Colorado Soy LLC,Farms & Ranches,On-Farm / Ranch Sales,26260 County Road 31,Stratton,Kit Carson,80836,(719) 348-5201,,https://www.coloradosoy.com,,,,,"Alfalfa, Animal & Pet Food, Animal & Pet Food Manufacturing, Barley, Beans (Field/Dry), Beef, Chicken, Chicks, Corn, Crops & Agricultural Products, Goat, Grain Processing, Lamb, Oats, Pheasant, Production & Manufacturing, Quail, Soybeans, Turkey, Vitamins, Wheat",,,39.420262,-102.590543,Colorado Proud member directory
Colorado Springs Sunday Market,Farmers' Markets,Farmers' Market,,,,,(719) 471-0462,,https://huntandgathercos.com/pages/sunday-market,https://facebook.com/coloradospringssundaymarket,https://instagram.com/coloradospringssundaymarket,,,"Apples, Apricots, Asparagus, Avocados, Baked Goods, Baking Mixes & Supplies, Beef, Beverage Products, Body Care Products, Butter, Chocolate & Cocoa Products, Coffee, Cookies, Dog Treats, Eggs, Flowers, Fruit, Jam, Jam, Jelly & Preserves, Milk & Dairy Products, Mushrooms, Pasta (Dry), Prepared Food, Zucchini",Yes,,,,Colorado Proud member directory
Colorado Stroopwafels LLC,Shops & Grocers; Restaurants & Caterers,Grocery Store; Bakery; Caterer,Broadway,Boulder,Boulder,80302,(303) 856-4439,,https://coloradostroopwafels.com/,https://www.facebook.com/coloradostroopwafels,https://www.instagram.com/coloradostroopwafels,,,"Baked Goods, Baked Goods Manufacturing, Catering Services, Cookies",,,40.027996,-105.282082,Colorado Proud member directory
Colorado Survivor Bees,Farms & Ranches; Shops & Grocers,On-Farm / Ranch Sales; Food Maker,4771 West 89th Way,Westminster,Adams,80031,(303) 550-1923,,,,,,,Honey,,,39.859718,-105.048869,Colorado Proud member directory
Colorado's Best Beef Company,Farms & Ranches,Meat Producer & Packer,4791 Jay Road,Boulder,Boulder,80301,(303) 449-8632,,https://www.naturalbeef.com,https://www.facebook.com/coloradosbestbeefcompany,,,,Beef,,,40.05133,-105.242093,Colorado Proud member directory
"Commando Dave's BBQ Seasonings, LLC",Shops & Grocers,Grocery Store,P.O. Box 625,Monument,El Paso,80132,(719) 900-5075,,https://commandodaves.com,,,,,"Barbecue, Spices & Seasoning",,,39.099422,-104.833788,Colorado Proud member directory
Conditional Gardens,Farms & Ranches,On-Farm / Ranch Sales,15000 W 44th Avenue,Golden,Jefferson,80403,(440) 832-1765,,https://conditionalgardens.com,,,,,"Greens, Herbs, Microgreens, Mushrooms",,,39.775085,-105.168076,Colorado Proud member directory
Conejos County Farmers' Market,Farmers' Markets,Farmers' Market,211 Broadway Ave.,La Jara,Conejos,81140,(719) 480-1677,hrael59@gmail.com,,https://www.facebook.com/conejoscountymarket,,,,,,,37.27589,-105.960208,USDA local food directories
Confections by Charlee LLC,Shops & Grocers,Bakery,3175 Sapporo Pl,Colorado Springs,El Paso,80918,(719) 413-6959,,https://www.confectionsbycharlee.com/,https://www.facebook.com/groups/confectionsbycharlee/,https://www.instagram.com/confectionsbycharlee/,,,"Baked Goods, Cakes, Cookies",,,38.919982,-104.767449,Colorado Proud member directory
ConsciouSweets,Shops & Grocers,Food Maker,135 Rowena Pl,Lafayette,Boulder,80026,(720) 412-7159,,https://ConsciouSweets.com,,,,,Baked Goods,,,39.998442,-105.117646,Colorado Proud member directory
Coombs Farms Colorado,Farms & Ranches,On-Farm / Ranch Sales,24544 County Road 11,La Jara,Conejos,81140,(719) 580-8146,,https://coombsfarmscolorado.com/,https://www.facebook.com/,,,,"Beef, Hay & Forage, Pork",,,37.350618,-106.05634,Colorado Proud member directory
Cooper's Coffee,Restaurants & Caterers,Caterer,,Denver,Denver,,(720) 577-5809,,https://www.cooperscoffeedenver.com,https://www.facebook.com/cooperscoffeedenver,https://www.instagram.com/cooperscoffeedenver/,,,"Beverage Products, Coffee, Condiments & Sauces, Syrups",,,39.739236,-104.990251,Colorado Proud member directory
Copoco 's Honey,Farms & Ranches; Shops & Grocers,On-Farm / Ranch Sales; Grocery Store,2020 North College Avenue,Fort Collins,Larimer,80524,(970) 493-2923,,https://copocoshoney.com/,https://www.facebook.com/copocoshoney/,,,,"Bee Keeping, Candy & Confections, Honey & Honey Products",,,40.613792,-105.076131,Colorado Proud member directory
"Copper Bar Ranch, LLLC",Farms & Ranches,On-Farm / Ranch Sales,1014 West Squaw Creek Road,Edwards,Eagle,81632,(970) 390-7113,,https://www.thecopperbarranch.com/,,,,,"Beef, Events, Vegetables",,,39.636851,-106.666878,Colorado Proud member directory
Copper Canyon Suri Ranch,Agritourism,Agritourism,6583 Magnolia Drive,Nederland,Boulder,80466,,,,,,,,,,,39.972886,-105.427094,USDA local food directories
Copper Kettle Apothecary,Farms & Ranches,On-Farm / Ranch Sales,138 w 1st street,Salida,Chaffee,81201,(719) 221-3158,Copperkettleapothecary4@gmail.com,,https://www.facebook.com/copperkettleapothecary/,,,,Spices/Garlic,,,38.536715,-105.992351,Chaffee Provides
Cortez Creamery,Agritourism,Agritourism,617 Montezuma County Road C,Cortez,Montezuma,81321,(970) 529-0449,Hannah@cortezCreamery.com,https://www.cortezcreamery.com,https://www.facebook.com/cortezcreamery,,,,,,,37.34863,-108.585745,USDA local food directories
Cortez Farmers Market,Farmers' Markets,Farmers' Market,601 N Mildred Rd,Cortez,Montezuma,81321,(970) 564-4095,info@shopcortez.com,https://www.cortezfarmersmarket.com/,https://www.facebook.com/groups/265957719169/,https://www.instagram.com/cortezfarmersmarket/,Sat: 8:00am - 12:00pm (May 30 - Sep 26); Sat: 8:30am - 12:00pm (Oct 3 - Oct 31),"May, June, July, August, September, October","Fresh local produce, pork, lamb, eggs, baked goods, beverages, herbs, plants, artisan crafts/goods, plus live music and family-friendly activities",Yes,,37.35526,-108.57366,Colorado Farmers Market Association; USDA local food directories
CostaCustoms,Shops & Grocers,Food Maker,6919 state highway 12,weston,Las Animas,81091,(719) 989-8167,,,https://www.facebook.com/share/157f1WbV9K/?mibextid=wwXIfr,,,,"Baked Goods, Baking Mixes & Supplies, Coffee, Flour, Honey & Honey Products, Nut Processing",,,37.148927,-105.030936,Colorado Proud member directory
Cotopaxi Farmers Market,Farmers' Markets,Farmers' Market,20326 US Hwy 50,Cotopaxi,Fremont,81223,(719) 942-3700,,,https://www.facebook.com/pages/Cotopaxi-Farmers-Market/1384847291754517?fref=ts,,,,,,,38.370923,-105.686563,USDA local food directories
Cotton Blossom Caramel,Shops & Grocers,Food Maker,12765 Forest Green Drive,Elbert,El Paso,80106,(719) 896-0610,,https://www.cottonblossomcaramel.com,https://www.facebook.com/cottonblossomcaramel,https://www.instagram.com/cotton.blossom.caramel,,,Candy & Confections,,,39.073034,-104.590862,Colorado Proud member directory
Cottonwood Farm,Agritourism,Agritourism,1535 N. 75th,Boulder,Boulder,80303,(720) 890-4766,cottonwoodfarms@cottonwoodfarms.com,,,,,,,,,40.01331,-105.178174,USDA local food directories
Cottonwood Farm,Agritourism,Agritourism,10600 Isabelle Rd.,Lafayette,Boulder,80026,(720) 890-4766,bob@cottonwoodfarms.com,https://cottonwoodfarms.com,,,,"October, November, December","Pumpkins, Squash",,,40.036543,-105.104315,Colorado Proud Farm Fresh Directory
Cottonwood Spirit Ranch,Farms & Ranches,On-Farm / Ranch Sales,,,Chaffee,,(970) 406-8054,gojoenterprises@gmail.com,https://cottonwoodspiritranch.com,https://www.facebook.com/CottonwoodSpiritRanch/,,,,"Beef, eggs, honey, produce",,,38.833153,-106.167306,Chaffee Provides
Country Road Vines and Wines,Wineries; Agritourism,Winery; Agritourism,16985 County Road 21,Fort Morgan,Morgan,80701,(970) 768-1450,countryroadwines@outlook.com,https://countryroadwines.com,https://facebook.com/countryroadvinesandwines,https://www.instagram.com/country.road.vines.and.wines/,Fri: 4:00 p.m. - 8:00 p.m.; Sat: 1:00 p.m. - 8:00 p.m.,"December, November, October, September, August, July, June, May, April, March, February, January",Wine,,,40.24662,-103.754452,Colorado Proud Farm Fresh Directory; Colorado Proud member directory
Covered Bridge Ranch,Agritourism,Agritourism,249 6250 Road,Montrose,Montrose,81403,,,,https://www.facebook.com/devriesfruitandveggies,,,,,,,38.439147,-107.918818,USDA local food directories
Cowboy Cuts - Wyoming Raised Beef,Farms & Ranches,On-Farm / Ranch Sales,37682 Pheasant Run,Elizabeth,Elbert,80107,(303) 495-0688,contact.cowboycuts@gmail.com,,,,,,,,,39.406926,-104.561816,USDA local food directories
Cowgirl's Favorite Sweets and Treats,Shops & Grocers,Food Maker,9237 South Mica Mine Gulch Road,Littleton,Jefferson,80127,(720) 297-3454,,,,,,,"Baked Goods, Candy & Confections, Cookies, Popcorn & Popcorn Products",,,39.548265,-105.19825,Colorado Proud member directory
Coyote Coffee Company llc,Shops & Grocers,Food Maker,1625 East Stuart Street,Fort Collins,Larimer,80525,(803) 605-5707,,,,,,,"Coffee, Coffee Beans",,,40.561815,-105.045852,Colorado Proud member directory
Cozy Cabin Snacks,Shops & Grocers,Food Maker,1001 Chimney Drive,Bayfield,La Plata,81122,(970) 986-0511,,,,,,,"Candy & Confections, Fruit, Vegetables",,,37.304083,-107.652271,Colorado Proud member directory
Crafton's Summit Sourdough,Shops & Grocers,Bakery,9623 Emerald Vista Drive,Peyton,El Paso,80831,(719) 359-0067,,https://CraftonsSummitSourdough.com,https://www.facebook.com/CraftonsSummitSourdough,https://www.instagram.com/craftonssummitsourdough/,,,Bread,Yes,,38.972535,-104.580289,Colorado Proud member directory
"Crafty Crow Corn Creations, LLC.",Shops & Grocers,Food Maker,601 S. Laredo Cir,Aurora,Arapahoe,80017,(303) 961-6663,,https://craftycrowpopcorn.com,https://www.facebook.com/887291811129213,https://www.instagram.com/craftycrowpopcorn/,,,"Crafts, Popcorn & Popcorn Products",,,39.705419,-104.79926,Colorado Proud member directory
Cranor Charolais,Farms & Ranches,On-Farm / Ranch Sales,3600 County Road 10,Gunnison,Gunnison,81230,(970) 275-4026,,https://cranorcharolais.com/,https://www.facebook.com/cranorcharolais,https://www.instagram.com/cranorcharolais/,,,Beef,,,38.601389,-106.889254,Colorado Proud member directory
"Crazy Daisy Farm, LLC",Farm Stands,Roadside Market,2601 South Co Road 23E,Berthoud,Larimer,80513,(303) 651-6603,,https://crazydaisy.farm,,https://www.instagram.com/crazydaisy.farm/,,,,,,40.26265,-105.161194,Colorado Proud member directory
CRE8TiV 303s LLC,Shops & Grocers,Food Maker,"2020 N Academy Blvd, Ste 261 #3905",Colorado Springs,El Paso,80909,(303) 507-8099,,,https://www.facebook.com/profile.php?id=61575566056597,https://www.instagram.com/cre8tiv_303s/,,,"Animal & Pet Food, Baked Goods, Baked Goods Manufacturing, Beverage Products, Cakes, Corn, Halloween Events & Activities, Non-Alcoholic Beverages & Products, Pecans, Pretzels, Pretzels (Soft)",,,38.862177,-104.757994,Colorado Proud member directory
"Creede Farmers, Local Artisan and Antique Market",Farmers' Markets,Farmers' Market,23 Main Street,Creede,Mineral,81130,(855) 411-7669,creedefarmersmarket@gmail.com,https://creedefarmersmarket.com/,https://www.facebook.com/creedefarmersmarket/,https://www.instagram.com/creedefarmersmarket/,Fri: 8:00am - 2:00pm (some days to 3:00pm); Sat & Sun (select dates near July 4th): 8:00am - 2:00pm (some days to 3:00pm),"May, June, July, August, September","Local produce, baked goods, handcrafted jewelry, artisan crafts, agricultural crafts, antiques, and some prepared/food vendors (including chili roasting)",,,37.852688,-106.927034,USDA local food directories
Creek Side Gardens,Garden Centers,Garden Center / Greenhouse,5730 West Coal Mine Avenue,Littleton,Jefferson,80123,(303) 933-8493,will@plantsbycreekside.com,https://www.PlantsByCreekSide.com,,,,"February, March, April, May, June, July, August, September, October, November, December","annual flowers in pots & baskets, perennial plants, shrubs & trees, bedding plants, vegetable plants, Christmas Trees",,,39.595014,-105.059952,Colorado Proud Farm Fresh Directory
Creole Roots Catering and Food Truck,Restaurants & Caterers,Caterer,,,,,(719) 247-1308,,https://creolerootscatering.com,https://www.facebook.com/CreoleRootsHomegrown,,,,,,,,,Colorado Proud member directory
Crescendum Flower Farm,CSA & Farm Shares,CSA Farm,7100 W 62nd Ave,Arvada,Jefferson,80003,(303) 507-5483,,http://www.crescendumflowerfarm.com,,,,,,,,39.809187,-105.075886,USDA local food directories
Crested Butte Farmers Market,Farmers' Markets,Farmers' Market,100 Elk Ave.,Crested Butte,Gunnison,81224,(405) 203-0168,info@cbfarmersmarket.org,https://www.cbfarmersmarket.org,https://www.facebook.com/crestedbuttefarmersmarket/,https://instagram.com/cbfarmersmarket,Sun: 9am - 2pm,"May, June, July, August, September, October","Apples, Apricots, Asparagus, Beets, Bell Peppers, Broccoli, Cabbage, Cantaloupe, Carrots, Cauliflower, Celery, Cherries, Chile Peppers, Chile - Roasted, Cucumbers, Eggplant, Garlic, Green Beans, Herbs, Honeydew, Kale, Leeks, Lettuce, Microgreens, Mushrooms, Onions, Peaches, Pears, Peas, Plums, Potatoes, Pumpkins, Radishes, Raspberries, Rhubarb, Squash, Strawberries, Spinach, Tomatoes, Turnips, Watermelon, Zucchini, Beef, Pork, Poultry, Pickles, Jellies, Jams, Honey, Eggs, Cheese, Baked Goods, Cider, Juices, Wine, Handcrafted Gifts",Yes,,38.869701,-106.989015,Colorado Proud Farm Fresh Directory; Colorado Proud farmers market map; Colorado Farmers Market Association; Colorado Proud member directory
Crestone Farmers Market,Farmers' Markets,Farmers' Market,West Silver Avenue,Crestone,Saguache,81131,,,https://www.facebook.com/saturdaymarketcrestone,https://www.facebook.com/saturdaymarketcrestone,,Sat: 10:00am - 4:00pm,"May, June, July, August, September, October",Handmade goods and locally-made items from local artisans,,,37.994248,-105.70046,USDA local food directories
Crooked Clove Farm & Ranch LLC,Farms & Ranches,On-Farm / Ranch Sales,8222 S Perry Park Rd,Larkspur,Douglas,80118,(720) 569-0955,Info@crookedclove.com,,https://www.facebook.com/crookedclove,,,,,,,39.241712,-104.956,USDA local food directories
Crooked Sky Ranch,Farms & Ranches,On-Farm / Ranch Sales,30777 Road H,CORTEZ,Montezuma,81321,(931) 802-3159,,,https://www.facebook.com/p/Crooked-Sky-Ranch-Airbnb-100089840798412/,https://www.instagram.com/crooked_sky_ranch_/,,,Lamb,,,37.328886,-108.485576,Colorado Proud member directory
Cross Rafter C,Farms & Ranches,Meat Producer & Packer,"925 Bluffs Blvd Cortez, CO 81321",Cortez,Montezuma,81321,(970) 778-2557,,https://crossraftercranch.com/,https://www.facebook.com/crossraftercranch,https://www.instagram.com/crossraftercranch/,,,"Beef, Bred Cows, Bred Heifers, Cow-Calf Pairs, Fats & Oils, Fed Cattle, Hunting, Livestock - Beef Cattle, Stock / Yearling Cattle, Value-Added Food Products, Value-Added Non-Food Products, Yearling / Open Heifers",,,37.339103,-108.577566,Colorado Proud member directory
Crowded Table Sourdough Company,Shops & Grocers,Food Maker,8200 Sheridan Blvd,Arvada,Adams,80003,(720) 443-0473,,,https://www.facebook.com/profile.php?id=61585902578391,https://www.instagram.com/crowdedtablesourdough/,,,"Baked Goods, Bread, Cookies",,,39.84624,-105.052485,Colorado Proud member directory
Crusty Batch Sourdough,Shops & Grocers,Bakery; Food Maker,3040 Echo Park Drive,Castle Rock,Douglas,80104,(206) 963-9171,,https://app.simply-bread.co/crustybatchsourdough/,,https://www.instagram.com/crustybatchsourdough,,,"Bagels, Baked Goods, Bread",,,39.321756,-104.830299,Colorado Proud member directory
Cultiva! Youth Project,CSA & Farm Shares,CSA Farm,1630 Hawthorn Ave,Boulder,Boulder,80304,(303) 443-9952,megan@growinggardens.org,http://www.growinggardens.org/,,,,"June, July, August, September, October, November",,,,40.034205,-105.275976,USDA local food directories
Cure Organic Farm,CSA & Farm Shares; Agritourism; Farms & Ranches,CSA Farm; Agritourism; On-Farm / Ranch Sales,7416 Valmont Rd,Boulder,Boulder,80301,(303) 666-6397,cureorganicfarm@yahoo.com,http://www.cureorganicfarm.com/,https://www.facebook.com/pages/Cure-Organic-Farm/234985673055,,,"June, July, August, September, October, November, December",,,,40.032726,-105.180359,USDA local food directories
Curry Culture,Restaurants & Caterers,Restaurant,"162 Tracker Dr #130, Colorado Springs, CO 80921",Colorado Springs,El Paso,80921,(719) 698-9929,,https://www.curryculturecos.com/,https://www.facebook.com/CurryCultureCos,https://www.instagram.com/curryculturecos/,,,Prepared Food,,,39.02602,-104.822389,Colorado Proud member directory
Curtis Ranch,Farms & Ranches,On-Farm / Ranch Sales,8487 Cuerna Verde Road,Rye,Pueblo,81069,(719) 252-5973,,https://www.curtisranch.net,https://www.facebook.com/curtisranchgrassfedbeef/,https://www.instagram.com/curtisranchgrassfedbeef/,,,Beef,,,37.924828,-104.961613,Colorado Proud member directory
D & H Farms,CSA & Farm Shares,CSA Farm,41373 Highway 85,Ault,Weld,80610,(970) 396-1182,deb@dhfarms2000.com,,https://www.facebook.com/pages/D-H-Farms/157754464262571,,,"January, February, March, April, May, June, July, August, September, October, November, December",,,,40.581985,-104.731375,USDA local food directories
D E R M TRUCK FARMS,Farms & Ranches,On-Farm / Ranch Sales,509 Main Street,Weldona,Morgan,80653,(970) 768-7211,,,,,,,Garlic,,,40.347257,-103.967563,Colorado Proud member directory
Daddy's Homemade,Shops & Grocers,Food Maker,,,,,(303) 817-6208,,https://www.daddyshomemadesyrup.com/,https://www.facebook.com/daddyshomemadesyrups,https://www.instagram.com/daddyshomemadesyrups/,,,"Simple Syrup, Syrups",,,,,Colorado Proud member directory
Daily Grains,Shops & Grocers,Bakery; Food Maker,208 Bass Circle,Lafayette,Boulder,80026,(614) 946-8900,,https://dailygrains.co,https://www.facebook.com/dailygrainsco,https://www.instagram.com/dailygrainsco/,,,"Bread, Cookies, Flour",,,40.006549,-105.090518,Colorado Proud member directory
Danny Cash's Branded Sauces,Shops & Grocers,Grocery Store; Food Maker,3545/D South Platte River Drive,Sheridan,Arapahoe,80110,(888) 346-8728,,https://dannycash.com/,https://www.facebook.com/DannyCash51,https://www.instagram.com/dannycashhotsauce/,,,"Beverage Manufacturing, Beverage Products, Co-Packing, Condiment & Sauce Manufacturing, Condiments & Sauces, Herb & Spice Processing, Herbs, Honey, Honey & Honey Products, Marketing, Peppers, Prepared Food, Prepared Food Manufacturing, Production & Manufacturing, Salsa, Snack Food Manufacturing, Snack Food Products, Spice Blends, Spices & Seasoning, Value-Added Food Products",,,39.652521,-105.011203,Colorado Proud member directory
Dao House,Agritourism,Agritourism,120 Hwy 7,Estes Park,Larimer,80517,(970) 586-4094,info@daohouse.com,http://www.aspenlodge.net,http://www.facebook.com/aspenlodge,,,,,,,40.374887,-105.509127,USDA local food directories
"DAO, INC",Farms & Ranches,On-Farm / Ranch Sales,130 North Interocean Avenue,Holyoke,Phillips,80734,(303) 322-1585,,,,,,,"Corn, Sunflower, Wheat",,,40.586239,-102.302654,Colorado Proud member directory
Davis Family Livestock,Farm Stands; Agritourism; Farms & Ranches,Roadside Market; Agritourism; On-Farm / Ranch Sales,4480 County Road 38,Platteville,Weld,80651,(720) 938-5888,anne@davisfamilylivestock.com,https://www.davisfamilylivestock.com,https://davisfamilylivestock.com,,Mon: 10:00 AM - 5:00 PM; Tue: 10:00 AM - 5:00 PM; Wed: 10:00 AM - 5:00 PM; Thu: 10:00 AM - 5:00 PM; Fri: 10:00 AM - 5:00 PM; Sat: 10:00 AM - 5:00 PM,"March, April, May, June, July, August, September","Crops & Agricultural Products, Fiber, Jam, Jam, Jelly & Preserves, Lamb, Tours",,,40.259034,-104.967032,Colorado Proud Farm Fresh Directory; Colorado Proud member directory
Dayspring Farm,Agritourism,Agritourism,,Olathe,Montrose,81425,,bob@dayspringfarm.net,,,,,,,,,38.616873,-107.963846,USDA local food directories
Decadence Gourmet,Shops & Grocers,Grocery Store,2591 Legacy Way,Grand Junction,Mesa,81503,(970) 208-8808,,https://decadencegourmet.com,https://www.facebook.com/Decadence-Gourmet-171538834903,,,,Condiments & Sauces,,,39.047333,-108.574101,Colorado Proud member directory
DeLaney Community Farm - by Project Worthmore,CSA & Farm Shares; Restaurants & Caterers,CSA Farm; Restaurant,170 S Chambers Rd,Aurora,Arapahoe,80017,(720) 460-1393,ashley@projectworthmore.org,https://projectworthmore.org/programs/delaney-community-farm/,https://www.facebook.com/projectworthmore,https://www.instagram.com/projectworthmore,Mon: 9am-3pm; Tue: 9am-3pm; Wed: 9am-3pm; Thu: 9am-3pm; Fri: 9am-3pm,"April, May, June, July, August, September, October","Beets, Bell Peppers, Broccoli, Cabbage, Cantaloupe, Carrots, Cauliflower, Chile Peppers, Cucumbers, Eggplant, Garlic, Green Beans, Herbs, Honeydew, Kale, Leeks, Lettuce, Onions, Peas, Potatoes, Pumpkins, Radishes, Spinach, Squash, Tomatoes, Turnips, Zucchini, Eggs",,,39.715082,-104.809714,Colorado Proud Farm Fresh Directory; USDA local food directories
Deliteful Greens,Farms & Ranches,On-Farm / Ranch Sales,9880 Croke Drive,Northglenn,Adams,80260,(720) 350-3171,,http://delitefulgreens.com,https://www.facebook.com/delitefulgreens,,,,Microgreens,,,39.875761,-105.00148,Colorado Proud member directory
Delta County Colorado Agritours,Agritourism,Agritourism,501 Palmer Street,Delta,Delta,81416,,,https://www.deltacountycolorado.com,,,,,,,,38.740011,-108.07278,USDA local food directories
Delta Farmers Market,Farmers' Markets,Farmers' Market,"2195 Southgate Lane, Delta, CO",Delta,Delta,81416,(970) 549-7151,deltacofarmersmarket@gmail.com,https://www.deltacofarmersmarket.com/home,https://www.facebook.com/groups/246038845197062,,Sat: 8:30am - 1:00pm; Wed: 8:30am - 1:00pm (June-August only),"May, June, July, August, September, October","Locally grown produce, eggs, honey, jams, jellies, breads, baked goods, handcrafted pottery, leather goods, artisan/handcrafted works; adjoining bazaar sells antiques, collectibles, and art",,,38.717811,-108.054999,Colorado Proud Farm Fresh Directory; Colorado Proud farmers market map; USDA local food directories; Colorado Proud member directory
DELYAKS,Farms & Ranches,On-Farm / Ranch Sales,14679 5875 Rd,Montrose,Montrose,81403,(970) 249-1734,orders@yakmeat.us,https://www.yakmeat.us,,,,,,,,38.480011,-107.99123,USDA local food directories
Denver Mushroom Co LLC,Farms & Ranches,On-Farm / Ranch Sales,744 Albion Street,Denver,Denver,80220,(303) 517-2972,,,https://www.facebook.com/boomsmushrooms,https://www.instagram.com/boomsmushrooms/?fbclid=IwAR2gpu4hozUv9WjJwYmvWYRs_gwiucfyU43gUQwb7qx9zmsj5GQHB26gcnA,,,Mushrooms,,,39.728274,-104.939228,Colorado Proud member directory
Denver Urban Gardens  DeLaney Community Farm (Aurora),CSA & Farm Shares,CSA Farm,1031 33rd St Suite 100 (Office),Denver,Denver,80205,(303) 292-9900,dirt@dug.org,http://www.dug.org/,https://www.facebook.com/pages/Denver-Urban-Gardens/449799590530,,,"June, July, August, September, October",,,,39.755812,-104.968091,USDA local food directories
Desert Edge Farm,Farms & Ranches,On-Farm / Ranch Sales,268 32 1/2 Road,Grand Junction,Mesa,81503,,,,,,,,Peaches,,,39.043583,-108.447971,Colorado Proud member directory
"Desert Weyr, LLC",Farms & Ranches; Agritourism,On-Farm / Ranch Sales; Agritourism,16870 Garvin Mesa Rd,Paonia,Delta,81428,(970) 527-3573,Sales@desertweyr.com,https://www.desertweyr.com,https://www.facebook.com/pages/Desert-Weyr-LLC/56496179294,,,,Lamb,,,38.86832,-107.592002,USDA local food directories; Colorado Proud member directory
DeVries Fruit & Veggie Roadside Stand / The Friend-ly Farm,Farm Stands; Agritourism; Farms & Ranches,Roadside Market; Agritourism; On-Farm / Ranch Sales,60542 Gunnison Road,Olathe,Montrose,81425-9324,(970) 323-6559,pam@stardrivein.com,,https://www.facebook.com/devries-fruit-veggies-2015213168694491/,,Mon: 9 a.m. -5 p.m.; Tue: 9 a.m. - 5 p.m.; Wed: 9 a.m. - 5 p.m.; Thu: 9 a.m. - 5 p.m.; Fri: 9 a.m. - 5 p.m.; Sat: 9 a.m. - 5 p.m.; Sun: 9 a.m.- 5 p.m.,"June, July, August, September, October, November","Apples, Apricots, Asparagus, Beets, Bell Peppers, Cabbage, Cantaloupe, Carrots, Cherries, Chile Peppers, Chile - Roasted, Cucumbers, Garlic, Green Beans, Herbs, Nectarines, Okra, Onions, Peaches, Pears, Peas, Pinto Beans, Plums, Potatoes, Pumpkins, Squash, Sweet Corn, Tomatoes, Turnips, Watermelon, Zucchini, Beef, Lamb, Pork, Cheese, Honey, Jams, Jellies, Pickles, Cider",Yes,,38.565027,-107.957547,Colorado Proud Farm Fresh Directory; USDA local food directories
Diana's Pumpkin Patch & Corn Maze,Agritourism,Agritourism,1649 Poplar Avenue,Canon City,Fremont,81212,(719) 821-9133,sue@dianaspumpkinpatch.com,,,,,,,,,38.421733,-105.204488,USDA local food directories
Dianes's Delights,Shops & Grocers,Bakery,8191 Briar Ridge Dr,Castle Pines,Douglas,80108,(719) 331-0057,,https://diane-delights-7525.myshopify.com,,,,,Baked Goods,,,39.481153,-104.897223,Colorado Proud member directory
Diede Family Farm,Farms & Ranches,On-Farm / Ranch Sales,833 S Co Rd 27E,Berthoud,Larimer,80513,(303) 406-1141,,https://Www.diedefamilyfarm.com,https://www.facebook.com/diedefarm,https://www.instagram.com/diedefamilyfarm,,,"Beef, Chicken, Chicks, Cow-Calf Pairs, Eggs, Flax, Livestock - Beef Cattle, Livestock Production Services, Pork",,,40.285806,-105.197604,Colorado Proud member directory
Dietz Livestock Land and Contracting,Farms & Ranches,On-Farm / Ranch Sales,North Peyton Highway,Peyton,El Paso,80831,(661) 466-6978,,,https://www.facebook.com/BlackSheepPastures.farm,,,,"Beef, Chicken, Eggs, Livestock - Beef Cattle, Turkey",,,38.890418,-104.461234,Colorado Proud member directory
Dillon Farmers Market,Farmers' Markets,Farmers' Market,275 LaBonte Street,Dillon,Summit,80435,(970) 468-2403,farmersmarket@townofdillon.com,https://www.townofdillon.com/events/dillon-farmers-market,https://www.facebook.com/dillonfarmersmarket,https://www.instagram.com/dillonfarmersmarket/,Fri: 9 a.m. to 2 p.m.,"June, July, August, September","Peaches, Mushrooms, Sweet Corn, Buffalo, Beef, Jerky, Baked Goods, Cheese, Honey, Jams, Jellies, Pickles, Popcorn, Juices, Handcrafted Gifts",,,39.629128,-106.043385,Colorado Proud Farm Fresh Directory; Colorado Proud farmers market map
Dirt Bag BBQ,Restaurants & Caterers,Caterer,2117 Hollywood Drive,Pueblo,Pueblo,81005,(719) 240-3871,,,,,,,"Barbecue, Buffalo, Chicken, Cultural Events & Activities, Deer (Venison), Easter Events & Activities, Elk, Events, Fall Events & Activities, Fourth of July Events & Activities, Frozen Dairy Desserts, Hot Dogs (Prepared), Hot Peppers (Chili Peppers), Ice Cream, Local Delivery, Meat, Poultry & Game, Non-Alcoholic Beverages & Products, Off-Premise Catering, Pineapple, Pizza, Pork, Potato Chips, Prawns, Prepared Food, Rabbit, Ribs (Prepared), Salsa, Shrimp, Snack Food Products, Soft Drinks, Soups & Stews, Spice Blends, Spices & Seasoning, Sweet Corn, Teriyaki, Thanksgiving Events & Activities, Tomatillos, Tomatoes, Tortillas, Trout, Water, Watermelon",,,38.227672,-104.654933,Colorado Proud member directory
DiSanti Farms,U-Pick; Farm Stands; Farms & Ranches,U-Pick; Roadside Market; On-Farm / Ranch Sales,29114 South Rd,Pueblo,Pueblo,81006,(719) 948-2526,sales@disantifarms.com,,https://www.facebook.com/DiSantiFarms/,,,"May, June, July, August, September, October","Beets, Bell Peppers, Cantaloupe, Chile Peppers, Chile - Roasted, Cucumbers, Eggplant, Green Beans, Honeydew, Onions, Nectarines, Peaches, Pinto Beans, Pumpkins, Radishes, Sweet Corn, Tomatoes, Watermelon, Zucchini, Baked Goods, Jams, Jellies, Honey",Yes,,38.226609,-104.515331,Colorado Proud Farm Fresh Directory; Colorado Proud member directory
Dominguez Canyon Fruit Company,Farms & Ranches; Farm Stands,On-Farm / Ranch Sales; Roadside Market,2138 Dominguez Canyon Road,Delta,Delta,81416,(970) 241-0851,,,https://facebook.com/dcfcompany,https://instagram.com/dcfcompany,,,"Cherries, Flowers, Hot Peppers (Chili Peppers), Peaches, Pears, Peppers, Summer Squash, Tomatoes, Winter Squash",,,38.8152,-108.327,Colorado Proud member directory
domī,Restaurants & Caterers,Caterer,2360 Curtis Street,Denver,Denver,80205,(720) 816-0601,,https://www.domiden.com/,https://www.facebook.com/domisfoglia,https://www.instagram.com/domidenver/,,,,,,39.754368,-104.985288,Colorado Proud member directory
Don's Market,Shops & Grocers,Grocery Store,213 2nd Street,Paonia,Delta,81428,(970) 361-0166,,,https://facebook.com/donsmarket,,,,"Animal & Pet Food, Avocados, Baked Goods, Barbecue, Basil, Beef, Blueberries, Cheese, Dairy Alternative Products, Lemons, Meat, Poultry & Game, Yogurt",Yes,Yes,38.866494,-107.597026,Colorado Proud member directory
Donald C Mauro Farms,U-Pick; Farms & Ranches,U-Pick; On-Farm / Ranch Sales,35511 Everett Rd,Pueblo,Pueblo,81006,(719) 948-3387,,,,,,"June, July, August, September, October","Asparagus, Beets, Bell Peppers, Cabbage, Cantaloupe, Carrots, Chile Peppers, Chile - Roasted, Cucumbers, Eggplant, Garlic, Green Beans, Lettuce, Onions, Peas, Pinto Beans, Pumpkins, Radishes, Rhubarb, Squash, Sweet Corn, Tomatoes, Watermelon, Zucchini",,,38.250918,-104.464337,Colorado Proud Farm Fresh Directory
Donoma Farms,CSA & Farm Shares,CSA Farm,10018 Wcr 110,Carr,Weld,80612,(303) 408-3464,justin@donomafarms.com,,https://www.facebook.com/DonomaFarmsLlc,,,"January, February, March, April, May, June, July, August, September, October, November, December",,,,40.893219,-104.878338,USDA local food directories
Dooley Creek Farm,CSA & Farm Shares,CSA Farm,349 Dooley Lane,Carbondale,,81623,(970) 963-2021,,http://www.dooleycreekfarm.com,,,,,,,,,,USDA local food directories
Dory Dozens Delights LLC,Farms & Ranches; Farm Stands; Shops & Grocers; Restaurants & Caterers,On-Farm / Ranch Sales; Roadside Market; Grocery Store; Food Maker; Restaurant,430 Lawrence Street,Central City,Gilpin,80427,(303) 582-5774,,https://Www.dorydozensdelights.com,,,,,"Baked Goods, Basil, Bay Laurel, Bread, Butter, Chicks, Condiment & Sauce Manufacturing, Condiments & Sauces, Crafts, Eggs, Fruit, Herbs, Honey, Honey & Honey Products, Hot Dogs (Prepared), Jam, Jam, Jelly & Preserves, Lavender, Lemons, Limes, Maple Syrup, Milk, Mint, Mustard, Oregano, Parsley, Peaches, Pears, Plums, Rhubarb, Rosemary, Salsa, Salsify, Simple Syrup, Soft Drinks, Soups & Stews, Spices & Seasoning, Strawberries, Sweet Corn, Syrups, Thyme, Value-Added Food Products, Vinegar",,,39.784397,-105.506409,Colorado Proud member directory
Dot's Pizzelle Cookies,Shops & Grocers,Bakery,408 Emery Road,Northglenn,Adams,80233,(303) 946-8956,,,https://www.facebook.com/dotspizzellecookies/,,,,Cookies,,,39.898361,-104.981715,Colorado Proud member directory
Dottie's Garden Spot,Farms & Ranches; CSA & Farm Shares,On-Farm / Ranch Sales; CSA Farm,22440 County Road 1,Berthoud,Weld,80513,(303) 941-0292,Mike@peoplehelpers.org,,,,,"January, February, March, April, May, June, July, August, September, October, November, December",,,,40.326806,-105.05417,USDA local food directories
Double K Cattle,Farms & Ranches,On-Farm / Ranch Sales,13935 Whistling Hills Lane,Colorado Springs,El Paso,80928,(179) 339-1152,,,https://www.facebook.com/stephen.brandenburg.5?mibextid=kFxxJD,,,,"Beef, Fed Cattle, Livestock - Beef Cattle",,,38.630633,-104.415341,Colorado Proud member directory
Douglas Creek Enterprises LLC dba Douglas Creek Tallow,Farms & Ranches; Shops & Grocers,On-Farm / Ranch Sales; Food Maker,PO Box 292,Rangely,Rio Blanco,81648,(970) 261-8189,,,,,,,"Beef, Value-Added Non-Food Products",,,40.087476,-108.804829,Colorado Proud member directory
Dove Creek Care and Share Food Pantry,Food Assistance,Food Bank,214 U.S. 491,Dove Creek,Dolores,81324,(970) 769-0006,,https://dccareandshare.org/,https://www.facebook.com/DCCares,,,,"Animal & Pet Food, Apples, Apricots, Artichokes, Asparagus, Avocados, Bagels, Baked Goods, Baking Mixes & Supplies, Bananas, Barbecue, Barley, Basil, Beans, Beef, Beets, Beverage Products, Blackberries, Blueberries, Body Care Products, Bok Choy, Boysenberries, Bread, Broccoli, Brussels Sprouts, Butter, Cabbage, Cakes, Candy & Confections, Cane Sugar, Cane Syrup, Canola, Carrots, Catfish, Cauliflower, Celery, Chard, Cheese, Cherries, Chewing Gum, Chicken",,,37.763942,-108.905886,Colorado Proud member directory
Downtown Farmers' Market Festival,Farmers' Markets,Farmers' Market,Main St.,Grand Junction,Mesa,81501,(970) 216-8657,,https://downtowngj.org/events/market-on-main/,https://www.facebook.com/downtowngj,https://www.instagram.com/downtowngj/,Thu: 5:30pm - dusk,"July, August, September","Farm products from the Western Slope and around Colorado (Palisade Peaches featured), plus local maker goods and art vendors",Yes,,39.067304,-108.551406,USDA local food directories
Downtown Grand Junction Market on Main,Farmers' Markets,Farmers' Market,101 s 3rd Street Suite 100,Grand Junction,Mesa,81501,(970) 245-9697,jed@downtowngj.org,https://downtowngj.org/events/market-on-main/,https://www.facebook.com/downtowngj,https://www.instagram.com/downtowngj/,Thu: 5:30pm - dusk,"July, August, September",Farm products from the Western Slope and around Colorado,Yes,,39.067092,-108.568084,Colorado Proud Farm Fresh Directory; Colorado Proud farmers market map; Colorado Farmers Market Association; USDA local food directories; Colorado Proud member directory
Downtown Littleton Farmers Market,Farmers' Markets,Farmers' Market,5641 S NEVADA ST,Littleton,Arapahoe,80120,(303) 887-3276,melina@thepizzabandit.com*larabourdreaux@gmail.com*contact@buyMAHA.com*22uniquephotostj@gmail.com*in,https://thelocalcolorado.com/downtown-littleton-farmers-market/,https://www.facebook.com/profile.php?id=61560370991587,https://www.instagram.com/littletonq/,Sat: 8:00am - 1:00pm,"May, June, July, August, September","Local produce, meats, baked goods, artisan foods, handmade products, and more (nearly 40 curated vendors)",Yes,,39.614547,-105.017644,USDA local food directories; Colorado Proud member directory
Downtown Mead Farmers' Market,Farmers' Markets,Farmers' Market,P.O. Box 55,Mead,Weld,80542,(303) 358-9294,,https://www.townofmead.org/parksandrec/page/downtown-mead-farmers-market,https://www.facebook.com/DMFM2017/,,,,,,,40.237405,-105.002355,USDA local food directories
Downtown Sunday Market,Farmers' Markets,Farmers' Market,115 E. Platte Ave.,Colorado Springs,El Paso,80903,(719) 243-6693,info@downtowncs.com,,https://www.facebook.com/profile.php?id=61574759233647,https://www.instagram.com/huntandgathercos,Sun: 9:00am - 2:00pm,"May, June, July, August, September, October","Farm-fresh food, handcrafted goods, and small-batch creations from local makers, bakers, growers, and doers",,,38.837862,-104.822445,USDA local food directories
Dragon meadery,Wineries,Winery,2708 s helena way,AURORA,Arapahoe,80013,(720) 371-1970,,https://www.dragonmeadery.com/,https://www.facebook.com/DragonMeadery/,https://www.instagram.com/dragonmeadery/,,,Wine,,,39.667228,-104.80601,Colorado Proud member directory
Dragon Mountain Mushrooms,Shops & Grocers,Food Maker,PO Box 568,Crestone,Saguache,81143,(719) 580-6526,,,,,,,"Beverage Products, Consulting Nutritionist, Essential Oils, Food Supplements, Mushrooms, Services - Food & Agricultural",Yes,,37.996388,-105.699733,Colorado Proud member directory
Dragonfly Farm,Farms & Ranches,On-Farm / Ranch Sales,823 1400 Lane,Delta,Delta,81416,(970) 874-0367,topsy@dragonflychurros.com,,,,,,,,,38.773807,-108.10809,USDA local food directories
Drake Road Farmers Market,Farmers' Markets,Farmers' Market,802 W Drake Rd,Fort Collins,Larimer,80526,(970) 218-5521,,,http://www.facebook.com/pages/Drake-Road-Farmers-Market/86853613720,,,,,,,40.55268,-105.090611,USDA local food directories
Dream Butters,Farms & Ranches,On-Farm / Ranch Sales,3470/c Chelton Loop North,Colorado Springs,El Paso,80909,(719) 424-0459,,,https://www.facebook.com/DreamButters,https://www.instagram.com/dreambutters/,,,"Butter, Dairy Product Manufacturing",,,38.838304,-104.764537,Colorado Proud member directory
Drubeez Honey LLC,Farms & Ranches,On-Farm / Ranch Sales,2901 Nuckolls Ave,Pueblo,Pueblo,81005,(719) 250-3441,,,,,,,"Honey, Honey & Honey Products",,,38.260537,-104.645451,Colorado Proud member directory
Duckberry Farm,Shops & Grocers,Food Maker,3408 Middle Road,Berthoud,Larimer,80513,(720) 356-2829,,https://www.duckberryfarm.com,https://www.facebook.com/DBFarmCO/,https://www.instagram.com/duckberryfarm/,,,"Chicks, Duck, Eggs, Honey & Honey Products, Local Delivery",,,40.301037,-105.136289,Colorado Proud member directory
Durango Farmers Market,Farmers' Markets,Farmers' Market,259 W. 9th Street,Durango,La Plata,81301,(970) 335-8223,director@durangofarmersmarket.com,https://www.durangofarmersmarket.com,https://www.facebook.com/durangofarmersmarket,https://instagram.com/durangofarmers,Sat: 8 AM - 12 PM (May-Sep.) 9 AM - 12 PM (Oct.),"October, September, August, July, June, May","Apples, Apricots, Asparagus, Beets, Bell Peppers, Broccoli, Brussels Sprouts, Cabbage, Cantaloupe, Carrots, Cauliflower, Celery, Cherries, Chile Peppers, Chile - Roasted, Cucumbers, Eggplant, Garlic, Green Beans, Herbs, Honeydew, Kale, Leeks, Lettuce, Microgreens, Mushrooms, Okra, Onions, Peaches, Pears, Peas, Potatoes, Pumpkins, Radishes, Raspberries, Rhubarb, Spinach, Squash, Strawberries, Tomatoes, Turnips, Watermelon, Zucchini, Beef, Lamb, Pork, Poultry, Sausage, Baked Goods, Cheese, Eggs, Honey, Jams, Jellies, Pickles, Cider, Juices, Mead, Handcrafted Gifts",Yes,,37.274252,-107.884299,Colorado Proud Farm Fresh Directory; Colorado Proud farmers market map; Colorado Farmers Market Association; USDA local food directories; Colorado Proud member directory
Dusty Fox Farm,Farms & Ranches; Shops & Grocers,On-Farm / Ranch Sales; Bakery; Food Maker,27459 Plainview Drive,Kiowa,Elbert,80117,(303) 931-9115,,,,https://www.instagram.com/dusty_fox_farm?igsh=bHdvdmYwYWdydHJp&utm_source=qr,,,"Baked Goods, Bee Keeping, Candy & Confections, Cookies, Crafts, Eggs, Honey, Pasta (Dry), Spices & Seasoning",,,39.265962,-104.442825,Colorado Proud member directory
Eagle Farmers Market,Farmers' Markets,Farmers' Market,275 N Main Street,Edwards,Eagle,81632,(970) 926-7625,,https://www.eaglefarmersmarketandartshow.com/,https://www.facebook.com/eaglefarmersmarketandartshow,https://www.instagram.com/eaglefarmersmarket/,Sat: 9:00am - 1:00pm,"June, July, August, September","Fresh produce, protein, baked goods, and artisanal/homemade goods",,,39.642343,-106.589666,USDA local food directories
Eagle Rock Organic Eggs LLC,Farms & Ranches,Meat Producer & Packer,42495 County Road B,Del Norte,Saguache,81132,(719) 937-9476,,,,,,,Eggs,,Yes,37.763651,-106.23175,Colorado Proud member directory
Eagle Rock Ranch,Farms & Ranches; Shops & Grocers,On-Farm / Ranch Sales; Meat Producer & Packer; Grocery Store,530 Front St.,Fairplay,Park,80440,(970) 977-9391,erin@eaglerockbeef.com,https://www.eaglerockbeef.com/,,https://www.instagram.com/eaglerockranchco/,"Fri, Sat, Sun, Mon: 11:00am - 5:00pm (winter 2026 hours; subject to change)",,Beef,,,39.223739,-106.001619,Colorado Proud member directory
EAGLE SPRINGS ORGANIC,Farms & Ranches,On-Farm / Ranch Sales,PO BOX 351,Rifle,Garfield,81650,(970) 456-6279,,https://eaglespringsmeats.com/,,,,,"Alfalfa, Beef, Hay & Forage, Livestock - Beef Cattle",,,39.534702,-107.78312,Colorado Proud member directory
Early Bird Restaurant,Restaurants & Caterers,Restaurant,1675 w 67th ave,Denver,Adams,80221,(303) 469-9641,,https://earlybirdrestaurant.com/#menu,,,,,Prepared Food,,,39.818071,-105.007584,Colorado Proud member directory
Early Morning Orchard,Farms & Ranches,On-Farm / Ranch Sales,3694 G 4/10 Road,Palisade,Mesa,81526,(435) 260-8200,,https://earlymorningorchard.com/,,https://www.instagram.com/earlymorningproduce/,,,"Apricots, Basil, Beans, Beets, Blackberries, Bok Choy, Cabbage, Carrots, Cauliflower, Chard, Chives, Cilantro, Collards, Cucumbers, Dill, Dried Fruit, Fennel, Garlic, Ginger, Grapes, Greens, Herbs, Kale, Lettuce, Nectarines, Onions, Parsley, Peaches, Peas, Peas, Peppers, Radishes, Rhubarb, Rosemary, Sage, Scallions, Spinach, Summer Squash, Sunflower, Tarragon, Thyme, Tomatillos, Tomatoes, Tours, Value-Added Food Products, Vegetables, Watermelon, Winter Squash, Zucchini",,,39.113474,-108.367546,Colorado Proud member directory
Earth Mountain Education Farm,U-Pick; CSA & Farm Shares; Farm Stands; Agritourism; Farms & Ranches,U-Pick; CSA Farm; Roadside Market; Agritourism; On-Farm / Ranch Sales,17613 CR. 31.9,Weston,Las Animas,81091,(719) 680-0215,earthmountainfarm@gmail.com,https://www.earthmountainfarm.org,https://facebook.com/earthmountain,,Tue: 9a.m.-7p.m.; Wed: 9a.m.-7p.m.; Thu: 9a.m.-7p.m.; Fri: 9a.m.-7p.m.; Sat: 9a.m.-7p.m.,"April, May, June, July, August, September, October, November","Beets, Asparagus, Bell Peppers, Broccoli, Cabbage, Cantaloupe, Carrots, Celery, Chile Peppers, Cucumbers, Eggplant, Garlic, Green Beans, Grapes, Herbs, Kale, Lettuce, Onions, Peas, Pumpkins, Radishes, Raspberries, Spinach, Squash, Rhubarb, Strawberries, Sweet Corn, Tomatoes, Turnips, Watermelon, Zucchini, Baked Goods, Eggs, Honey, Jams, Pickles, Handcrafted Gifts",,,37.245033,-104.952308,Colorado Proud Farm Fresh Directory
East Denver Food Hub,Food Assistance,Community Food Hub,5080 Paris St,Montbello,Denver,80239,(720) 481-6128,salvador@eastdenverfoodhub.com,,https://www.facebook.com/eastdenverfoodhub/,,,"January, February, March, April, May, June, July, August, September, October, November, December",,,,39.789795,-104.84833,USDA local food directories
"ECOburn, LLC",Shops & Grocers,Food Maker,781 R Rd,Mack,Mesa,81525,(970) 260-2130,,https://ecoburnllc.com,,,,,"Processing, Production & Manufacturing, Risk Management",,,39.26702,-108.903317,Colorado Proud member directory
Eddyline Restaurant at Southmain,Restaurants & Caterers,Restaurant,"926 Southmain, Buena Vista, CO 81211",Buena Vista,Chaffee,81211,(719) 966-6000,info@eddylinebrewing.com,https://eddylinebrewery.com/pages/restaurant-menu-board,https://facebook.com/eddylinebrewery,https://instagram.com/EddylineBrewery,"Sun, Tue-Thu: 11:00am - 8:00pm; Fri-Sat: 11:00am - 9:00pm; Mon: Closed",,"Beef/Meat, Veggies",,,38.841319,-106.119548,Chaffee Provides
Edfoodyo LLC,Shops & Grocers; Restaurants & Caterers,Grocery Store; Restaurant,40160 Mathews Lane,Paonia,Delta,81428,(970) 697-4499,,https://www.facebook.com/nidopaonia,https://www.facebook.com/nidopaonia,,,,,,,38.860363,-107.606065,Colorado Proud member directory
Edwards Corner Farmers' Market,Farmers' Markets,Farmers' Market,"57 Edwards Access Rd, Edwards, CO 81632 (Edwards West Plaza)",Edwards,Eagle,81632,(414) 975-5952,shawandassoc@sbcglobal.net,,https://www.facebook.com/edwardsfarmersmarket/,https://www.instagram.com/edwardsfarmersmarket/,Sat: 9:00am - 1:00pm,"June, July, August, September","Fresh, local and organic foods, crafts and other products from more than 30 vendors",,,39.643752,-106.594696,USDA local food directories
Ela Family Farms,CSA & Farm Shares; Farms & Ranches,CSA Farm; On-Farm / Ranch Sales,30753 L Rd,Hotchkiss,Delta,81419,(970) 872-3488,info@elafamilyfarms.com,https://www.elafamilyfarms.com,https://facebook.com/elafamilyfarms,https://instagram.com/elafamilyfarms,Mon: 9 a.m. - 4 p.m.; Tue: 9 a.m. - 4 p.m.; Wed: 9 a.m. - 4 p.m.; Thu: 9 a.m. - 4 p.m.,"August, September, October","Apples, Cherries, Peaches, Pears, Plums, Rhubarb, Tomatoes, Jellies, Jams, Apple sauce, dried fruit",,Yes,38.816379,-107.786597,Colorado Proud Farm Fresh Directory; USDA local food directories; Colorado Proud member directory
Elbert County Marketplace,Farmers' Markets,Farmers' Market,4189 Colorado 86,Elizabeth,Elbert,80107,,,,https://www.facebook.com/ElbertCountyMarketplace/,https://www.instagram.com/elbertcountymarketplaceco,,,"Baked Goods, Beef, Body Care Products, Cakes, Coffee Beans, Cookies, Crafts, Crops & Agricultural Products, Eggs, Fats & Oils, Flowers, Honey, Jam, Jam, Jelly & Preserves, Mushrooms, Nursery & Horticulture Products, Pasta (Dry), Peppers, Pickles & Pickled Products, Prepared Food, Tacos, Tomatoes, Value-Added Non-Food Products, Vegetables, Wreaths",,,39.36358,-104.584659,Colorado Proud member directory
Electric Microgreens LLC,Farms & Ranches,On-Farm / Ranch Sales,100 W Main Street,OAK CREEK,Routt,80467,(197) 084-6559,,http://www.electricmicrogreens.com,,,,,,,,40.276051,-106.958618,Colorado Proud member directory
Elements Mountain Compost,Farms & Ranches; Shops & Grocers,On-Farm / Ranch Sales; Food Maker,9255 County Road 140,Salida,Chaffee,81201,(719) 207-2207,,http://elementscompost.com,https://www.facebook.com/elementsmountaincompost,https://www.instagram.com/elementscompost/,,,"Crops & Agricultural Products, Processing, Production & Manufacturing, School Tours, Tours, Value-Added Non-Food Products",,,38.534553,-106.050589,Colorado Proud member directory
Elevated Microgreens LLC,Farms & Ranches,On-Farm / Ranch Sales,20928/26 Taos Road,Indian Hills,Jefferson,80454,(303) 859-2655,,https://elevatedmicrogreens.app,,https://www.instagram.com/elevatedmicrogreens/,,,Microgreens,,,39.618266,-105.238451,Colorado Proud member directory
Elevation Meat Market,Farms & Ranches,Meat Producer & Packer,101 South 2nd Street,Westcliffe,Custer,81252,(719) 783-4263,,https://www.elevationmeatmarket.com,https://www.facebook.com/elevationmeatmarket,,,,"Beef, Meat, Poultry & Game Processing",,,38.135506,-105.468342,Colorado Proud member directory
"Elevation Mountain Grown Herbal Tea, LLC",U-Pick; Agritourism; Farms & Ranches,U-Pick; Agritourism; On-Farm / Ranch Sales,34691 JACOBS RD,Hotchkiss,Delta,81419,(303) 842-2709,hello@elevationherbaltea.com,https://www.elevationherbaltea.com,https://www.facebook.com/mountaingrownherbaltea,https://www.instagram.com/elevationherbaltea/,Mon: 8:30-12:30; Tue: 8:30-12:30; Wed: 8:30-12:30; Thu: 8:30-12:30; Fri: 8:30-12:30; Sat: 8:30-12:30,"June, July, August, September, October","Herbs, Raspberries, Strawberries, Honey, Herbal Tea",,,38.810835,-107.712553,Colorado Proud Farm Fresh Directory
ELXR Ltd.,Shops & Grocers,Food Maker,985/632 Albion Street,Denver,Denver,80220,(720) 236-6788,,,,,,,,,,39.731641,-104.940271,Colorado Proud member directory
Emerge Aquaponics,Farms & Ranches; CSA & Farm Shares,On-Farm / Ranch Sales; CSA Farm,4135 Shoup Road,Colorado Springs,El Paso,80908,(719) 270-0889,,https://emergeaquaponics.com,https://www.facebook.com/EmergeAquaponics/,https://www.instagram.com/emergeaquaponics/,,,"Basil, Bok Choy, Herbs, Lettuce",,,39.011098,-104.750243,USDA local food directories; Colorado Proud member directory
Empirical Genetics LLC,Farms & Ranches,On-Farm / Ranch Sales,27005 CR J,Campo,Baca,81029,(970) 305-7081,,,,https://www.instagram.com/empiricalgenetics/,,,Grains & Oilseeds,,,37.105019,-102.579638,Colorado Proud member directory
Enjoy Halal,Farms & Ranches; Shops & Grocers,Meat Producer & Packer; Grocery Store,1939 S Havana st,Aurora,Arapahoe,80014,(970) 921-9877,,https://halolfoods.com/,,https://www.instagram.com/enjoy.halal?igsh=MW5ncncxMmhveHFjYQ%3D%3D&utm_source=qr,,,"Beef, Beverage Products, Fats & Oils, Grain & Cereal Products, Grains & Oilseeds, Lamb, Salmon, Snack Food Products, Spice Blends, Spices & Seasoning, Sugars, Tea, Wheat",Yes,,39.681244,-104.867604,Colorado Proud member directory
Ent Wise Farm,Farms & Ranches,On-Farm / Ranch Sales,8101 S Timberline Rd,Fort Collins,Larimer,80525,(757) 650-4898,entwisefarm@gmail.com,https://entwisefarm.com,,https://instagram.com/ent_wise_farm,,"May, June, July, August, September, October",Vegetables,Yes,,40.47506,-105.039536,Colorado Proud Farm Fresh Directory; Colorado Proud member directory
Epicurean Catering,Restaurants & Caterers,Caterer,6800 S. Xanthia Street,Centennial,Arapahoe,80112,(303) 770-0877,,,,,,,,,,39.592933,-104.886747,Colorado Proud member directory
Erie Farmers Market,Farmers' Markets,Farmers' Market,515 Briggs St,Erie,Weld,80516,(303) 902-2451,kellyenterprisesltd@gmail.com,https://realfarmersmarketco.com/erie-farmers-market/,https://www.facebook.com/eriesfarmersmarket/,,Thu: 5:00pm - 8:00pm,"May, June, July, August, September","Organic, transitional, and pesticide-free vegetables; fruit from Palisade, CO; meats; eggs; artisan breads; honey; cheese; coffee; baked goods; natural body care; massage services; flowers; plants; jewelry; art; packaged goods",,,40.049239,-105.047413,USDA local food directories
Esh's Grocery Market,Shops & Grocers,Grocery Store,443 Pointe Plz Dr,Windsor,Weld,80550,(970) 292-8387,,https://www.eshsgrocery.com/,,,,,,,,40.478411,-104.885998,Colorado Proud member directory
Esoterra Culinary Garden,Wholesale & Food Hubs,Wholesale Grower,8975 Valmont Rd,Boulder,Boulder,80301,,,https://www.esoterraculinary.com/,,https://www.instagram.com/esoterraculinary/,,,"Specialty vegetables, Culinary herbs, Edible flowers, Greens, Shoots",,,40.040155,-105.144228,Colorado Proud Farm Fresh Directory
Estes Park Farmers Market,Farmers' Markets,Farmers' Market,"Estes Park Visitor Center parking lot, 500 Big Thompson Ave, Estes Park, CO 80517",Estes Park,Larimer,80517,,vickieden3@yahoo.com,,https://www.facebook.com/EstesValleyFarmersMarket/,,Thu: 8:00am - 1:00pm,"June, July, August, September","Fresh produce (heirloom tomatoes, mushrooms, cucumbers, greens), specialty teas, French pastries, jams, jellies, honey, European cheeses, artisan bread, pickles, salsas, smoked salmon, coffee, candles, woven baskets, pet treats, and jewelry from local vendors",,,40.37323,-105.483186,USDA local food directories
Estes Valley Farmers Market,Farmers' Markets,Farmers' Market,1209 Manford Ave,Estes Park,Larimer,80517,(303) 775-9058,Vickieden3@yahoo.com,,https://www.facebook.com/EstesValleyFarmersMarket/,,Thu: 8:00am - 1:00pm,,Traditional farmers market with consumable products,,,40.371781,-105.503541,USDA local food directories
Eternal Greens,Farms & Ranches,On-Farm / Ranch Sales,1416 Burlington Drive,Longmont,Boulder,80501,(720) 701-1636,,,,,,,Microgreens,,,40.140507,-105.103033,Colorado Proud member directory
Ever Risen Bakery,Shops & Grocers,Bakery,833 Aspen Pl,Evergreen,Clear Creek,80439,(720) 560-4702,,https://everrisenbakery.com,https://www.facebook.com/profile.php?id=61583611821941&mibextid=wwXIfr&mibextid=wwXIfr,https://www.instagram.com/everrisenbakery?igsh=MWY2ZzN2eW5kd2pjbw%3D%3D&utm_source=qr,,,"Baked Goods, Cookies",,,39.657422,-105.418968,Colorado Proud member directory
Everett Ranch Beef,Farms & Ranches,On-Farm / Ranch Sales,8955 County Road 166,Salida,Chaffee,81201,,,,https://www.facebook.com/everettranchbeef/,,,,Beef/Meat,,,38.565968,-106.046544,Chaffee Provides
Evergood Adventure Wines,Wineries,Winery,613 County Line Road,Palmer Lake,El Paso,80133,(719) 966-7350,,https://www.evergood.wine,https://www.facebook.com/evergoodadventurewines,https://www.instagram.com/evergoodadventurewines,,,Wine,,,39.126541,-104.904619,Colorado Proud member directory
Evergreen Farmers Market,Farmers' Markets,Farmers' Market,31880 Rocky Village Dr,Evergreen,Jefferson,80439,(303) 674-0056,info@evergreenarts.org,https://evergreenarts.org/cae/evergreen-farmers-market/,https://www.facebook.com/farmersmarketevergreen/,https://www.instagram.com/evergreenfarmersmarket/,Tue: 10:00am - 2:00pm,"May, June, July, August, September","Fresh produce, local goodies, and handmade treats from Colorado growers and makers",,,39.693021,-105.356763,USDA local food directories
Evergreen Farmers Market THE ORIGINAL,Farmers' Markets,Farmers' Market,28253 Meadow Drive,Evergreen,Jefferson,80439,(303) 525-8062,loredanaspesto@aol.com,https://www.coloradooutdoormarkets.com,,https://instagram.com/the_og_evergreen_farmersmarket,Tue: 10:00am - 2:00pm,"June, July, August, September","Fresh-picked organic and conventional produce, Palisade fruit, fresh flowers and hanging baskets, handmade pies, honey, Italian foods, bread, gourmet mushrooms, coffee, Austrian pastries, and Middle Eastern food at the market cafe",,,39.638655,-105.320911,Colorado Proud Farm Fresh Directory; Colorado Proud farmers market map
Evergreen Sweets,Shops & Grocers,Food Maker,6954 Granite Crag Cir,Evergreen,Jefferson,80439,(414) 412-6863,,https://www.evergreen-sweets.com,,https://www.instagram.com/evergreensweets80439/,,,"Baked Goods, Chocolate & Cocoa Products",,,39.590029,-105.339135,Colorado Proud member directory
Everitt Farms,Farms & Ranches; Agritourism,On-Farm / Ranch Sales; Agritourism,9400 W Alameda Ave,Lakewood,Jefferson,80226,(303) 525-1116,Derek@everittfarms.com,https://www.everittfarms.com,https://www.facebook.com/everittfarms,,,,,,,39.710797,-105.10169,USDA local food directories
Fagerberg Produce,Farms & Ranches,On-Farm / Ranch Sales,17673 County Road 80,Eaton,Weld,80615,(970) 834-1353,,https://www.fagerbergproduce.com,https://www.facebook.com/fagerbergproduce/,https://www.instagram.com/fagerbergonions,,,Onions,,,40.568735,-104.721148,Colorado Proud member directory
Falcon Microgreens Ltd.,Farms & Ranches,On-Farm / Ranch Sales,12744 Mount Oxford Place,Peyton,El Paso,80831,(918) 850-7470,,,https://www.facebook.com/jd.mac.167,,,,"Barley, Broccoli, Buckwheat, Cabbage, Greens, Kohlrabi, Oats, Peas, Peas, Sunflower, Wheatgrass",Yes,,38.984778,-104.590998,Colorado Proud member directory
Falfa Pumpkin Patch,Agritourism,Agritourism,54 Cr 221,Durango,La Plata,81303,(970) 769-0252,,,,,,,,,,37.2145,-107.794687,USDA local food directories
Family Food Town,Shops & Grocers,Grocery Store,112 West 3rd Street,Palisade,Mesa,81526,(970) 464-5686,,https://familyfoodtown.com,,,,,,,,39.110559,-108.35135,Colorado Proud member directory
Family Panda microgreens LLC,Farms & Ranches,On-Farm / Ranch Sales,12864 Capitol Creek Street,Parker,Douglas,80134,(720) 751-4624,,,,,,,Microgreens,,Yes,39.481714,-104.775043,Colorado Proud member directory
Farm and Market,Farms & Ranches; Restaurants & Caterers,On-Farm / Ranch Sales; Restaurant,2401 Larimer Street,Denver,Denver,80205,,,https://thefarmandmarket.com,,https://www.instagram.com/thefarm_and_market/,,,"Greens, Herbs, Salads",,,39.757098,-104.987945,Colorado Proud member directory
Farm and Ranch Market,Farmers' Markets,Farmers' Market,"3073 F Rd, Grand Junction, CO 81504 (Cross Orchard Historic Site)",Grand Junction,Mesa,81501,(970) 778-1781,farmandranchmarket@gmail.com,,https://www.facebook.com/GrandJunctionFarmandRanchMarket/,,Wed: 8:00am - 12:00pm; Sat: 8:00am - 12:00pm,"June, July, August, September, October",Locally grown produce from family-owned farms and orchards,,,39.07731,-108.5337,USDA local food directories
Farm Fresh Direct of America,Farms & Ranches,On-Farm / Ranch Sales,15 WASHINGTON ST. STE 207,Monte Vista,Rio Grande,81144,(719) 852-2600,,https://farmfreshdirect.com,,,,,Potatoes,,Yes,37.581295,-106.148483,Colorado Proud member directory
Farm Runners LLC,Wholesale & Food Hubs,Food Hub,235 Co-133,Hotchkiss,Delta,81419,(970) 310-1485,info@farmrunners.com,https://FarmRunners.com,https://www.facebook.com/FarmRunners/,,,"January, February, March, April, May, June, July, August, September, October, November, December",,,,38.800666,-107.71238,USDA local food directories
Farm To Summit,Shops & Grocers,Food Maker,2800 Main Avenue,Durango,La Plata,81301,(970) 508-3550,,https://farmtosummit.com,https://www.facebook.com/FarmtoSummit/,https://www.instagram.com/farmtosummit/,,,"Camping, Prepared Food Manufacturing",,,37.294877,-107.872989,Colorado Proud member directory
Farm-i,Farms & Ranches,On-Farm / Ranch Sales,2997 County Road 215,Durango,,81303,,farmi@farmi.com,,,,,,,,,,,USDA local food directories
FARMER GAVIN,Farms & Ranches; Shops & Grocers,Meat Producer & Packer; Food Maker,16207 County Road 40,Bethune,Kit Carson,80805,(719) 346-5039,,,https://www.facebook.com/FarmerGavinSistersBakery/,,,,"Chicken, Eggs, Pork",,,39.284292,-102.427983,Colorado Proud member directory
Farmers' Market at Highlands Square,Farmers' Markets,Farmers' Market,3489 W. 32nd Ave.,Denver,Denver,80211,(303) 734-0718,highlandmerchants@gmail.com,https://thehighlandsfarmersmarket.com/,https://www.facebook.com/profile.php?id=100077076291644,https://www.instagram.com/visitdenverhighlands/,Sun: 9:00am - 1:00pm,"May, June, July, August, September, October","Colorado-grown produce, locally made goods, and ready-to-eat breakfast and lunch; flowers; live music",,,39.762138,-105.033334,USDA local food directories
Fat Donkey Farm,CSA & Farm Shares,CSA Farm,2631 W Mulberry St,Fort Collins,Larimer,80521,(970) 286-7384,,http://www.fatdonkey.farm,,,,,,,,40.582082,-105.126673,USDA local food directories
Father Earth Organic Farm LLC,CSA & Farm Shares,CSA Farm,8881 Elgin Drive,Lafayette,Boulder,80026,(720) 849-3484,hodjelodje@comcast.net,https://fatherearthorganicfarm.com,,,Sat: 9 a.m. - 1 p.m.  Louisville Farmer's market,"May, June, July, August, September, October","Beets, Broccoli, Cantaloupe, Carrots, Chile Peppers, Cucumbers, Eggplant, Garlic, Green Beans, Herbs, Honeydew, Kale, Lettuce, Microgreens, Onions, Radishes, Rhubarb, Spinach, Squash, Strawberries, Tomatoes, Turnips, Jams, Jellies, Pickles",Yes,,40.00266,-105.146001,Colorado Proud Farm Fresh Directory
"FDR Farms, LLLP",Farm Stands,Roadside Market,4521 CR 44,Johnstown,Weld,80534,,,,https://www.facebook.com/FDRFarms/,https://www.instagram.com/fdrfarms/,,,"Baked Goods, Basil, Beets, Carrots, Cucumbers, Dill, Flowers, Hot Peppers (Chili Peppers), Okra, Peppers, Pumpkins, Radishes, Sage, Tomatoes, Watermelon, Zucchini",,,40.307352,-104.969955,Colorado Proud member directory
Fern Hill Farm,Agritourism,Agritourism,001 Fern Avenue,Greeley,Weld,80631,(970) 302-9118,cclift@what-wire.com,,,,,,,,,40.416187,-104.640096,USDA local food directories
Ferrara's Happy Apple Farm,Agritourism,Agritourism,1190 1st. Street,Penrose,Fremont,81240,(719) 372-6300,atf@bresnan.net,https://www.happyapplefarm.com,,,,,,,,38.453095,-104.998857,USDA local food directories
Fields of Natural Honey,Farms & Ranches; Shops & Grocers; Agritourism,On-Farm / Ranch Sales; Food Maker; Agritourism,Pepperwood Drive,Colorado Springs,El Paso,80910,(765) 425-1940,ltf@fieldsofnaturalhoney.com,https://fieldsofnaturalhoney.com,,,,,"Honey, Honey & Honey Products",,,38.803812,-104.764038,USDA local food directories; Colorado Proud member directory
Fig & Olive Bakery,Shops & Grocers,Bakery,2531 South Toledo Way,Aurora,Arapahoe,80014,(303) 907-8425,,https://www.figandolivebakeshop.com,https://www.facebook.com/share/18A6GKFTeA/?mibextid=wwXIfr,https://www.instagram.com/figandolivebakery?stkn=MTUwdmw3YnY4Ym45cA%3D%3D&utm_source=qr,,,"Baked Goods, Bread",,,39.671474,-104.841421,Colorado Proud member directory
Filla Honey Company,Farms & Ranches,On-Farm / Ranch Sales,,,,,(970) 554-0641,,,https://www.facebook.com/FillaHoneyCompany/,,,,Honey & Honey Products,,,,,Colorado Proud member directory
Filomena's Fresh Forno,Shops & Grocers,Bakery,,,,,,,,,,,,Baked Goods,,,,,Colorado Proud member directory
Fire Chief Beef,Farms & Ranches,Meat Producer & Packer,2628 County Rd 330,Ignacio,La Plata,81137,(970) 302-6526,,https://firechiefbeef.com/,https://www.facebook.com/profile.php?id=61571563036630,https://www.instagram.com/fire_chief_beef/,,,Beef,,,37.043531,-107.496693,Colorado Proud member directory
Firestone Fall Festival,Agritourism,Agritourism,969 Firestone Blvd,Firestone,Weld,80504,(303) 833-3291,,,https://www.facebook.com/events/4969-firestone-blvd-firestone-co-80504-5212-united-states/6th-annual-fall-festival/2337624646346329/,,,,,,,40.16065,-104.944724,USDA local food directories
Firestone Ranch,Farms & Ranches; Shops & Grocers,On-Farm / Ranch Sales; Grocery Store,10103 COUNTY ROAD 22,FORT LUPTON,Weld,80621,(303) 243-4280,,,https://www.facebook.com/profile.php?id=61560876606420,,,,Eggs,,,40.149206,-104.866123,Colorado Proud member directory
First Fruits Organic Farms,Farms & Ranches,On-Farm / Ranch Sales,14637 Peony Lane Box 864,Paonia,Delta,81428,(970) 201-8326,firstfruits@paonia.com,,https://www.facebook.com/first-fruits-organic-farms-449502835075,,Tue: 8:00 am - 4 p.m.; Wed: 8:00 a.m. - 4:00 p.m.; Thu: 8:00 a.m. - 4:00 p.m.; Fri: 8:00 a.m. - 4:00 p.m.,"June, July, August, September, October","Apples, Apricots, Cherries, Nectarines, Peaches, Pears, Plums",,Yes,38.865294,-107.604846,Colorado Proud Farm Fresh Directory; USDA local food directories
Fitch Ranch,Farms & Ranches,On-Farm / Ranch Sales; Meat Producer & Packer,150 GCR 217,Parshall,Grand,80468,(970) 531-2102,,,https://Facebook.com/fitchranch,,,,"Beef, Meat, Poultry & Game",,,40.057184,-106.175704,Colorado Proud member directory
Fitzys Famous Sauce LLC,Farm Stands; Shops & Grocers,Roadside Market; Grocery Store,4725 Augustine Ct,Castle Rock,Douglas,80108,(720) 937-4914,,https://fitzysfamoussauce.my.canva.site/,https://www.facebook.com/share/19mEet7sxT/?mibextid=wwXIfr,,,,"Barbecue, Spices & Seasoning",,,39.382538,-104.813455,Colorado Proud member directory
Five Freedoms Dairy,Agritourism,Agritourism,13850 North 87th Street,Longmont,Boulder,80503,(970) 290-1955,kevinmcsweeney@fivefreedomsdairy.com,,,,,,,,,40.226288,-105.150043,USDA local food directories
Flat Acres Farm,Agritourism,Agritourism,11321 Dransfeldt Road,Parker,Douglas,80134,(303) 805-1038,info@flatacresfarm.com,http://www.flatacresfarm.com,,,,,,,,39.509893,-104.77344,USDA local food directories
Fleischer Family Farm,CSA & Farm Shares; Farm Stands; Garden Centers; Agritourism,CSA Farm; Roadside Market; Garden Center / Greenhouse; Agritourism,2005 S Zephyr Ct,Lakewood,Jefferson,80227,(412) 973-8041,fleischerfamilyfarm@gmail.com,https://www.fleischerfamilyfarm.com,https://www.facebook.com/TheFleischerFamilyFarm,https://www.instagram.com/FleischerFamilyFarm,Tue: 4-7PM; Sat: 10-2,"May, June, July, August, September, October, November, December","Beets, Bell Peppers, Broccoli, Cabbage, Carrots, Chile Peppers, Cucumbers, Eggplant, Garlic, Green Beans, Herbs, Kale, Leeks, Lettuce, Microgreens, Onions, Peas, Pumpkins, Radishes, Rhubarb, Spinach, Squash, Tomatoes, Turnips, Zucchini, Eggs, Honey",Yes,,39.680514,-105.085935,Colorado Proud Farm Fresh Directory
Florence Farmers Market,Farmers' Markets,Farmers' Market,E 3rd St & N Pikes Peak Ave,Florence,Fremont,81226,(719) 784-6489,FlorenceCoFarmersMarket@gmail.com,,https://www.facebook.com/MarketinFlorence/,,Thu: 8:00am - 1:00pm,"June, July, August, September","Fresh fruit and vegetables, crafts, bakery items, stained glass, wood items, flowers, herbs, jams & jellies, honey, eggs, grass-fed beef, tamales, hot dogs and sausages",,,38.392015,-105.117184,Colorado Farmers Market Association; USDA local food directories
Flower Street Farm,Agritourism,Agritourism,848 South Flower Street,Lakewood,Jefferson,80226,(303) 947-8607,flowerstfarm@gmail.com,https://www.instagram.com/flowerstreetfarmbees/,https://www.facebook.com/flowerstreetfarrm,,,,,,,39.70132,-105.098858,USDA local food directories
Flying B Bar Ranch,Farms & Ranches,On-Farm / Ranch Sales,7300 Yulle Road,Strasburg,Adams,80136,(303) 887-9735,,https://www.flyingbbar.com,https://www.facebook.com/FlyingBBar/,https://www.instagram.com/flyingbbarranch,,,"Beef, Pork",,,39.82958,-104.375071,Colorado Proud member directory
Flying Pig Farm,Farms & Ranches,On-Farm / Ranch Sales,,,,,,,,,,,,,,,,,Colorado Proud member directory
Food to Power,Food Assistance,Community Food Hub,1090 S Institute St,Colorado Springs,El Paso,80903,,info@foodtopowerco.org,https://foodtopowerco.org/hillside-hub,,,,,,,,38.818051,-104.808476,USDA local food directories
Foodshed Alliance,Food Assistance,Organization,Alpine Park,Salida,Chaffee,81201,(719) 398-0301,info@foodshedalliance.com,https://www.foodshedalliance.com,,,,,,,,38.533142,-105.994042,Chaffee Provides
Forage Maze,Agritourism,Agritourism,550 Main Avenue,Flagler,Kit Carson,80815,(719) 765-4740,toniebur@yahoo.com,,,,,,,,,39.29424,-103.06766,USDA local food directories
Forest Trail Farm LLC,Farms & Ranches; Shops & Grocers,On-Farm / Ranch Sales; Bakery; Food Maker,,Elizabeth,Elbert,80107,,,https://foresttrailfarm.com/,https://www.facebook.com/ForestTrailFarmLLC/,https://www.instagram.com/foresttrailfarm/,,,"Bagels, Baked Goods, Bread, Cookies, Eggs, Fiber, Honey, Pretzels, Snack Food Products, Spices & Seasoning, Tea, Vegetables",,,39.360266,-104.596915,Colorado Proud member directory
Forestdale Ranch Galloways,Farms & Ranches,On-Farm / Ranch Sales,P.O. Box 14,Wetmore,Custer,81253,(303) 746-2865,,https://www.forestdaleranch.com,https://www.facebook.com/forestdaleranch,,,,"Beef, Bred Cows, Bred Heifers, Livestock - Beef Cattle, Yearling / Open Heifers, Yearling Bulls",,,38.238059,-105.084711,Colorado Proud member directory
Fort Collins Farmers' Market,Farmers' Markets,Farmers' Market,"1001 E Harmony Rd., Fort Collins, CO 80525",Fort Collins,Larimer,80521,(970) 495-4889,fortcollinsfarmersmarket@gmail.com,https://www.fortcollinsfarmersmarket.org/,https://www.facebook.com/fortcollinsfarmersmarket,https://www.instagram.com/focofarmersmarket,Sun: 10:00am - 2:00pm (May 3 - Nov 8); Wed: 10:00am - 2:00pm (Jun 3 - Sep 30),"May, June, July, August, September, October, November","Colorado-grown seasonal produce (vegetables, herbs, tomatoes, cucumbers, carrots, garlic, onions, spinach), plus bread, desserts, dairy, eggs, flowers, fruit (Palisade peaches, apples, pears), honey, jam, pickles, locally raised beef and pork, Alaskan seafood, coffee, popcorn, tamales, tortillas, salsas, soap, and specialty/handmade crafts",Yes,,40.52377,-105.05806,USDA local food directories
Fort Collins Winter Farmers Market,Farmers' Markets,Farmers' Market,215 E. Foothills Pkwy,Fort Collins,Larimer,80525,(919) 480-4133,hello@focowfm.com,https://www.wildcraftmarkets.com/,https://facebook.com/fortcollinsmarkets,https://instagram.com/fortcollinsmarkets,Sat: 10am-2pm,"November, December, January, February, March, April","Apples, Beets, Broccoli, Brussels Sprouts, Cabbage, Carrots, Cucumbers, Eggplant, Garlic, Herbs, Kale, Leeks, Microgreens, Mushrooms, Onions, Pinto Beans, Potatoes, Pumpkins, Radishes, Spinach, Squash, Turnips, Beef, Buffalo, Jerky, Lamb, Pork, Poultry, Sausage, crab, salmon, goat, Baked Goods, Cheese, Eggs, Honey, Jams, Jellies, Pickles, Popcorn, Wine, Juices, Handcrafted Gifts, teas, pet treats, freeze dried food, kombucha, tempeh,  hot food.",Yes,,40.544575,-105.073776,Colorado Proud Farm Fresh Directory; Colorado Proud farmers market map; Colorado Farmers Market Association; USDA local food directories; Colorado Proud member directory
Fort Lewis College-Old Fort at Hesperus,Farm Stands,Roadside Market,18683 Colorado 140,Hesperus,La Plata,81326,(970) 385-4574,,https://www.fortlewis.edu/oldfort,https://www.facebook.com/oldfortathesperus,https://www.instagram.com/oldfortfarmers,,,"Beef, Livestock - Beef Cattle, Pork, Value-Added Food Products, Value-Added Non-Food Products, Vegetables",,,37.233123,-108.048763,Colorado Proud member directory
Fort Morgan Farmers Market,Farmers' Markets,Farmers' Market,"19592 E 8th Ave, Fort Morgan, CO 80701",Fort Morgan,Morgan,19592,(970) 867-7887,julie@theblock-mc.com,https://www.theblock-mc.com/the-block-farmers-market,https://www.facebook.com/theblockfortmorgan/,http://www.instagram.com/theblockfortmorgan,Sat: 9:00am - 1:00pm,"June, July, August, September","Locally-grown produce, flowers, coffee, honey, canned goods, and baked items from regional vendors",,,40.257208,-103.780507,Colorado Proud Farm Fresh Directory; Colorado Proud farmers market map; Colorado Farmers Market Association; USDA local food directories
Forty Mile Feed,Farms & Ranches,On-Farm / Ranch Sales,10240 Highway 86,Kiowa,,80117,,fortymilefeed@msn.com,,,,,,,,,,,USDA local food directories
Fountain Farmers Market,Farmers' Markets,Farmers' Market,205 S St,Fountain,El Paso,80817,,,,,,,,,,,38.682191,-104.705867,USDA local food directories
Four Corners Farm,Agritourism,Agritourism,760 Ropers Point,Colorado Springs,El Paso,80908,(719) 495-5888,,,,,,,,,,39.082048,-104.699316,USDA local food directories
Four Leaves Winery,Wineries,Winery,528 Main Avenue,Durango,La Plata,81301,(970) 403-8182,,https://fourleaveswinery.com/,https://www.facebook.com/fourleaveswinery,,,,"Fruit Wine, Red Wine, White Wine, Wine",,,37.26947,-107.881764,Colorado Proud member directory
Four Seasons Farmers and Artisans Market,Farmers' Markets,Farmers' Market,7043 W 38th Ave,Wheat Ridge,Jefferson,80033,(720) 560-6648,,,http://www.facebook.com/fourseasonsfam,,,,,,,39.769376,-105.075179,USDA local food directories
Fox Fire Farms,Agritourism,Agritourism,,Ignacio,La Plata,81137,(970) 563-4675,Info@foxfirefarms.com,http://www.foxfirefarms.com,,,,,,,,37.035526,-107.542539,USDA local food directories
Fox Fungi,Farms & Ranches,On-Farm / Ranch Sales,2370 S Kalamath St Unit D,Denver,Denver,80223,(303) 656-1230,contact@foxfungi.com,https://Www.foxfungi.com,https://www.facebook.com/foxfungi/,https://www.instagram.com/fox_fungi,Mon: 12-6; Tue: 12-6; Wed: 12-6; Thu: 12-6; Fri: 10-7; Sat: 10-7; Sun: 12-5,"January, February, March, April, May, June, July, August, September, October, November, December",Mushrooms,,,39.67371,-105.000287,Colorado Proud Farm Fresh Directory; Colorado Proud member directory
Fox Meadow Farm,Farms & Ranches,On-Farm / Ranch Sales,16955 Roller Coaster Road,Colorado Springs,El Paso,80921,(719) 433-3936,,,https://facebook.com/FoxMeadowFarm,,,,"Baked Goods, Basil, Bee Keeping, Bird Watching, Cabbage, Carrots, Chives, Cilantro, Cookies, Corn, Crafts, Cucumbers, Dill, Flavor Extracts, Flowers, Garlic, Greens, Herbs, Honey, Jam, Jam, Jelly & Preserves, Lavender, Lemon Verbena, Lettuce, Microgreens, Mushrooms, Pine Nuts, Radishes, Rhubarb, Rosemary, Sage, Spices & Seasoning, Spinach, Sunflower, Tarragon, Tea, Tomatillos, Tomatoes, Turnips, Vegetables, Zucchini",,,39.077501,-104.781516,Colorado Proud member directory
Frank's BBQ Trading Post,Shops & Grocers,Grocery Store,5943 SKY POND DRIVE,Loveland,Larimer,80538,(970) 966-7535,,https://www.franksbbqtradingpost.com,https://www.facebook.com/franksbbqtradingpost,,,,Barbecue,Yes,,40.413638,-104.989651,Colorado Proud member directory
Frederick Farmers Market,Farmers' Markets,Farmers' Market,105 5th Street,Frederick,Weld,80530,(720) 382-5513,events@frederickco.gov,https://www.frederickco.gov/241/Frederick-Market,https://www.facebook.com/TownofFrederick,,Frederick in Flight (Jun 27): 5:00pm - 9:00pm; Chainsaws and Chuckwagons (Jul 18): 12:00pm - 6:00pm; Miners Day (Sep 19): 11:00am - 4:00pm; Festival of Lights (Dec 5): 5:30pm - 8:00pm,"June, July, September, December","Handcrafted goods from local growers, farmers, artisans, crafters, and non-profits; original handcrafted items only (AI-generated art not permitted)",,,40.09892,-104.940659,USDA local food directories
Frederika Fall Festival & Corn Maxe,Agritourism,Agritourism,47522 McHarg Rd,Avondale,Pueblo,81022,(719) 582-9058,frederikafallfest@gmail.com,,http://www.facebook.com/frederikafallfestival,,,,,,,38.223508,-104.354808,USDA local food directories
"Free Range Beehives, LLC",Farms & Ranches,On-Farm / Ranch Sales,617 North Gaylord Street,Denver,Denver,80206,(720) 320-5517,,https://freerangebeehives.com,https://freerangebeehives,https://freerangebeehives,,,Services - Food & Agricultural,,,39.726025,-104.961657,Colorado Proud member directory
Freedom Acres Ranch,Farms & Ranches,On-Farm / Ranch Sales; Meat Producer & Packer,1001 East 62nd Avenue,Denver,Adams,80216,(719) 242-1002,,https://www.freedomacresranch.com,,,,,"Beef, Chicken, Eggs, Goat, Lamb, Pork, Turkey",Yes,,39.810091,-104.974298,Colorado Proud member directory
Frescos Naturales,Shops & Grocers,Food Maker,3605 Martin Drive,Boulder,Boulder,80305,,,https://www.drinkfrescos.com,https://www.facebook.com/DrinkFrescos,https://www.instagram.com/drinkfrescos/?hl=en,,,Soft Drinks,,,39.992072,-105.250908,Colorado Proud member directory
Fresh Foundation - DBA Fresh Food Hub,Wholesale & Food Hubs,Food Hub,161 Gurley Dr,Norwood,San Miguel,,,norwoodcollective@gmail.com,https://freshfoodhub.net/,,,,,,,,38.099399,-108.241891,USDA local food directories
Fresh Start Family Farms LLC.,Farms & Ranches; Agritourism,On-Farm / Ranch Sales; Agritourism,23700 E 42nd Avenue,Aurora,Adams,80019,(720) 298-3361,tcobosco@freshstartfamilyfarms.com,,https://www.facebook.com/pages/Fresh-Start-Family-Farms/199168826774078?ref=hl,,,,,,,39.774633,-104.71048,USDA local food directories
Friends Farm,Farms & Ranches; CSA & Farm Shares; U-Pick; Farm Stands,On-Farm / Ranch Sales; CSA Farm; U-Pick; Roadside Market,3525 Nyland Way,Lafayette,Boulder,80026,(757) 971-3416,hellofriendsfarm@gmail.com,https://friendsfarm.org/,https://www.facebook.com/friendsfarmco,https://www.instagram.com/friendsfarmco/,"Farm stand: Sun 10:00am - 2:00pm at The HerbiCulture Project Hub, 9722 Empire Rd, Louisville; U-Pick mid-July through first frost",,"No-till biodynamic vegetables, herbs, plants, pickles, jams, tinctures; U-pick cherry tomatoes, peppers, beans, goldenberries, huckleberries, okra, eggplant",,,39.995635,-105.15114,Farmers market vendor lists; Colorado Proud member directory
Fritchman Orchards,Agritourism,Agritourism,13686 Co-65,Eckert,Delta,81418,,,,,,,,,,,38.852009,-107.956173,USDA local food directories
Fritzler Farm Park (Scream Acres),Agritourism,Agritourism,,La Salle,Weld,80645,(970) 737-2129,getlost@fritzlermaze.com,https://www.fritzlerfarmpark.com/,,,,,,,,40.299216,-104.760611,USDA local food directories
Fritzler Farms Inc,Farms & Ranches,On-Farm / Ranch Sales,County Road 33,Lasalle,,80645,,fritzlerfarms@msn.com,,,,,,,,,,,USDA local food directories
From Scratch Farm,Shops & Grocers; Restaurants & Caterers,Food Maker; Caterer,3579 Barkwood Drive,Johnstown,Larimer,80534,(970) 587-3855,,https://scratch-farm.com/,,,,,"Baked Goods, Christmas Events & Activities, Off-Premise Catering, Services - Food & Agricultural, Value-Added Food Products",Yes,,40.386551,-104.969058,Colorado Proud member directory
Front Range Mushrooms,Farms & Ranches,On-Farm / Ranch Sales,,,,,(408) 717-0017,,https://www.frontrangemushrooms.com,,https://www.instagram.com/frontrangemushrooms/,,,Mushrooms,,,,,Colorado Proud member directory
Frontier Diner,Restaurants & Caterers,Restaurant,213 w Grand,Cheraw,Otero,81030,(719) 853-6208,,,,,,,"Baked Goods, Beef, Bread, Catering Services, Christmas Events & Activities, Coffee, Eggs, Hamburgers, Ice Cream, Local Delivery, Maple Syrup, Milk, Off-Premise Catering, Pork, Prepared Food, Salads, Sandwiches / Subs / Hoagies, Soft Drinks",,,38.106788,-103.510798,Colorado Proud member directory
Frontiere Natural Meats,Farms & Ranches,Meat Producer & Packer,810 East 50th Avenue,Denver,Denver,80216,(303) 466-8826,,https://frontierenaturalmeats.com/,https://www.facebook.com/FrontiereNaturalMeats,https://www.instagram.com/frontiere_meats/,,,"Beef, Buffalo, Chicken, Elk, Meat, Poultry & Game, Pork",,Yes,39.787407,-104.976998,Colorado Proud member directory
FrontLine Farming,CSA & Farm Shares; Farms & Ranches,CSA Farm; On-Farm / Ranch Sales,5270 Federal Blvd,Denver,Denver,80221,(720) 258-6609,info@frontlinefarming.org,https://www.frontlinefarming.org/csa,,,Tue: 4 pm - 6 pm; Thu: 4 pm - 6 pm; Sat: 12pm - 2pm,"June, July, August, September, October","Asparagus, Beets, Bell Peppers, Broccoli, Cabbage, Cantaloupe, Carrots, Cauliflower, Chile Peppers, Cucumbers, Eggplant, Garlic, Grapes, Green Beans, Herbs, Honeydew, Kale, Leeks, Lettuce, Okra, Onions, Peas, Potatoes, Pumpkins, Radishes, Rhubarb, Spinach, Squash, Strawberries, Sweet Corn, Tomatoes, Turnips, Watermelon, Zucchini, Flowers, Jams, Jellies",Yes,,39.793233,-105.025075,Colorado Proud Farm Fresh Directory
Fruit Basket Orchards,Agritourism,Agritourism,253 32 1/2 Rd,Grand Junction,Mesa,81503,,fruitbasketgj@gmail.com,https://www.fruitbasketgj.com/,https://www.facebook.com/fruitbasketgj,,,,,,,39.042044,-108.450665,USDA local food directories
Fruita Farmers' Market,Farmers' Markets,Farmers' Market,325 E. Aspen Ave.,Fruita,Mesa,81521,(970) 858-3894,events@fruitachamber.org,https://www.fruitachamber.org/events/farmers-market,https://www.facebook.com/GoFruita/,https://www.instagram.com/gofruita/,Sat: 8:30am - 12:00pm,"June, July, August, September, October","Local agriculture, artisan goods, fresh foods, and live entertainment",Yes,,39.158883,-108.731014,USDA local food directories
Full Spectrum Farms,Agritourism,Agritourism,877 Grange Road,Paonia,Delta,81428,(720) 256-3364,info@theyakboys.com,,,,,,,,,38.893572,-107.570797,USDA local food directories
Funny Lil Farm,Farms & Ranches,On-Farm / Ranch Sales,17020/927 Carlson Drive,Parker,Douglas,80134,(720) 500-4143,,,https://facebook.com/FunnyLilFarm,,,,Microgreens,,,39.544932,-104.790291,Colorado Proud member directory
Furry Feet Bakery,Shops & Grocers,Grocery Store; Bakery,,,,,(701) 630-2291,,https://furryfeetbakery.com,https://www.facebook.com/furryfeetbakery,https://www.instagram.com/furryfeetbakery,,,"Animal & Pet Food, Baked Goods, Cookies, Dog Treats",,,,,Colorado Proud member directory
Future Fit Foods LLC.,Shops & Grocers,Grocery Store,1301 Lefthand Drive,Longmont,Boulder,80501,(269) 579-0290,,https://www.futurefitfoods.com,https://www.facebook.com/futurefitfoods,https://www.instagram.com/futurefitfoods,,,Soups & Stews,,,40.141576,-105.113219,Colorado Proud member directory
G Force Livestock,Farms & Ranches,On-Farm / Ranch Sales,14844 E Road,Delta,Delta,81416,(928) 205-5151,gforcelivestock@gmail.com,,https://facebook.com/GForceLivestockCattleCo.com,,Mon: 8 am - 5 pm; Tue: 8 am - 5 pm; Wed: 8 am - 5 pm; Thu: 8 am - 5 pm; Fri: 8 am - 5 pm; Sat: 8 am - 5 pm,"January, February, March, April, May, June, July, August, September, October, November, December",100% Wagyu beef,,,38.70981,-108.084699,Colorado Proud Farm Fresh Directory; Colorado Proud member directory
"G&L Farms, LLC",Farms & Ranches,Meat Producer & Packer,22746 US 138,Sterling,Logan,80751,,,https://app.barn2door.com/5PbR7/all,https://www.facebook.com/profile.php?id=61576975752114,,,,Beef,,,40.708061,-103.141994,Colorado Proud member directory
Gaia's Farm & Gardens,CSA & Farm Shares,CSA Farm,4328 W County Rd 54G,Laporte,Larimer,80535,(970) 817-2186,gaiasfarmgardens@aol.com,,https://www.facebook.com/gaiasfarmandgardens,,,"May, June, July, August, September, October",,,,40.634956,-105.157306,USDA local food directories
Gammy's Baklava,Shops & Grocers,Bakery; Food Maker,,,,,,,,,,,,,,,,,Colorado Proud member directory
Garden Sweet,Agritourism; Farms & Ranches,Agritourism; On-Farm / Ranch Sales,719 W Willox St,Fort Collins,Larimer,80524,(970) 690-3286,info@gardensweet.com,,https://www.facebook.com/gardensweet,,,,,,,40.610243,-105.088849,USDA local food directories
Gardens of Fire,Farms & Ranches,On-Farm / Ranch Sales,420 Rustic Road,Durango,La Plata,81301,(970) 764-0938,,https://www.gardensoffire.com,,https://www.instagram.com/gardens_of_fire,,,,,,37.243472,-107.75269,Colorado Proud member directory
Gentle Earth Farm,Farms & Ranches,On-Farm / Ranch Sales,8412 Alkire St,Arvada,Jefferson,80005,(720) 621-8151,,,https://facebook.com/gentleearthfarm,https://instagram.com/gentleearthfarm,,,"Basil, Beans, Beets, Carrots, Chard, Chives, Cilantro, Dill, Eggs, Flowers, Garlic, Greens, Herbs, Hot Peppers (Chili Peppers), Kale, Lettuce, Milk & Dairy Products, Onions, Peppers, Radishes, Scallions, Summer Squash, Tomatoes, Turnips, Value-Added Food Products, Value-Added Non-Food Products, Vegetables, Winter Squash",,,39.848516,-105.147244,Colorado Proud member directory
Georgia Boys BBQ,Shops & Grocers; Restaurants & Caterers,Grocery Store; Restaurant; Caterer,250 3rd Avenue,Longmont,Boulder,80501,(508) 740-9467,,,http://www.facebook.com/georgiaboysbbqlongmont,http://www.instagram.com/georgiaboysbbq,,,"Barbecue, Beef, Beverage Products, Catering Services, Chicken (Prepared), Condiments & Sauces, Pork, Prepared Food, Ribs (Prepared), Spices & Seasoning, Turkey",,,40.164183,-105.097437,Colorado Proud member directory
Gigi's Sourdough,Shops & Grocers,Food Maker,,Aurora,Arapahoe,80010,,,,,https://www.instagram.com/gigis.sourdough,,,"Bagels, Baked Goods, Cookies",,,39.739331,-104.862975,Colorado Proud member directory
Gina Marcell,CSA & Farm Shares,CSA Farm,9582 US Hwy,Salida,,81201,(206) 218-8201,,https://pinterest.com/mountaingoatlodge,,,,,,,,,,USDA local food directories
Glenwood Farmers Market,Farmers' Markets,Farmers' Market,1412 Grand Ave,Glenwood Spgs,Garfield,81601,,,,,,,,,,,39.538747,-107.325011,USDA local food directories
Glenwood Springs Downtown Market on 7th,Farmers' Markets,Farmers' Market,306 7th St,Glenwood Springs,Garfield,81601,(970) 945-3650,glenwoodmarketon7th@gmail.com,https://www.glenwoodspringsdda.com/market-on-7th/,https://www.facebook.com/DowntownGlenwoodSprings,https://www.instagram.com/downtownglenwoodsprings,Tue: 4:00pm - 8:00pm,"June, July, August, September","Food and food products grown or made in the region, local art, and food trucks",Yes,,39.547646,-107.324201,Colorado Farmers Market Association; USDA local food directories
Global Fiber Processing,Shops & Grocers,Food Maker,1021 US Highway 285,Monte Vista,Rio Grande,81144,(855) 979-4367,,https://www.globalfiberprocessing.com/,https://www.facebook.com/globalfiberpro,https://www.instagram.com/globalfiberpro/,,,Hemp-Fiber/Bast,,,37.589494,-106.150099,Colorado Proud member directory
Gluten Free Farmers Market,Farmers' Markets,Farmers' Market,"333 W Hampden Ave (North Parking lot next to Chase Tower), Englewood, CO 80110",Englewood,Arapahoe,80110,(970) 978-2329,,https://www.denverceliacs.org,https://www.facebook.com/DenverCeliacs,https://www.instagram.com/denverceliacs,"Second Saturday of each month, 9:00 AM - 1:00 PM","June, July, August, September, October","Farm produce, prepared foods and baked goods, food trucks, crafts and art, beauty products, herbs, house plants, canned goods, dog treats, flowers",,,39.653349,-104.991625,Colorado Proud Farm Fresh Directory; Colorado Proud farmers market map; Colorado Farmers Market Association
Gold Star Hotlink Company LLC,Farms & Ranches,Meat Producer & Packer,3102 S. Parker Road,Aurora,Arapahoe,80014,(720) 361-2761,,,https://www.facebook.com/goldstarhotlinks,https://www.instagram.com/goldstarhotlinks,,,"Alligator, Beef, Chicken, Crab, Crawfish / Crayfish, Pork, Spices & Seasoning",Yes,,39.66087,-104.855244,Colorado Proud member directory
Golden Acres,Shops & Grocers,Food Maker,12024 North County Road 17,Fort Collins,Larimer,80524,(970) 217-6559,,,,,,,"Fats & Oils, Fats & Oils Manufacturing, Fats & Oils Processing, Grains & Oilseeds",Yes,Yes,40.760353,-105.094674,Colorado Proud member directory
Golden Farmers Market,Farmers' Markets,Farmers' Market,1019 10th St,Golden,Jefferson,80401,(303) 279-3113,info@goldenfarmersmarket.org,https://www.goldenfarmersmarket.org,https://www.facebook.com/goldenfarmersmarket/,https://www.instagram.com/goldenfarmersmarket/,Sat: 8:00am - 1:00pm; Wed: 3:00pm - 6:00pm,"May, June, July, August, September, October","Fresh produce, artisan foods, hand-crafted drinks, artwork, and clothing items",Yes,,39.755898,-105.225606,Colorado Proud Farm Fresh Directory; Colorado Proud farmers market map; Colorado Farmers Market Association; USDA local food directories
Golden Hollow Farms,Farms & Ranches,On-Farm / Ranch Sales,2029 S County Road 21,Berthoud,,80513,(307) 286-0712,,https://goldenhollowfarms.com,,,,,"Meat, Poultry & Game",Yes,,,,Colorado Proud member directory
"Golden Microgreens, LLC.",Farms & Ranches,On-Farm / Ranch Sales,18886 West 59th Drive,Golden,Jefferson,80403,(303) 551-3741,,,,,,,Microgreens,,,39.80227,-105.213665,Colorado Proud member directory
Golden Poultry And Meats,Farms & Ranches,Meat Producer & Packer,1224/#117 Washington Avenue,Golden,Jefferson,80401,(720) 697-0508,,,https://www.facebook.com/meatsgolden,,,,"Beef, Cheese, Chicken, Eggs, Ice Cream, Pork",Yes,,39.754621,-105.221035,Colorado Proud member directory
"Golden Prairie, Inc.",Farms & Ranches,On-Farm / Ranch Sales,430 5th Street,Nunn,Weld,80648,(970) 222-7292,,https://goldenprairie.com/,,,,,Millet,,Yes,40.701376,-104.787875,Colorado Proud member directory
Golden Triangle Farmers Market,Farmers' Markets,Farmers' Market,1112 Broadway,Denver,Denver,80203,(720) 523-3331,,,https://www.facebook.com/goldentrianglefm/,https://www.instagram.com/goldentrianglefm/,,,,,,39.734114,-104.987402,USDA local food directories
Good Steward Farms,Farms & Ranches,On-Farm / Ranch Sales,20155 Oasis Avenue,Peyton,El Paso,80831,(719) 749-1811,,https://www.goodstewardfarms.net/,https://www.facebook.com/GSFarms.CO,https://www.instagram.com/goodstewardfarms/,,,"Beans, Beets, Broccoli, Cauliflower, Corn, Cucumbers, Garlic, Greens, Lettuce, Mustard, Peas, Peas, Peppers, Potatoes, Radishes, Scallions, Spinach, Tomatoes, Turnips, Vegetables, Winter Squash, Zucchini",,,38.94138,-104.4563,Colorado Proud member directory
Gordon Creek Farm LLC,Farms & Ranches,On-Farm / Ranch Sales,200 Wild Mountain Ln,Livermore,Larimer,80536,(720) 341-6812,,https://gordoncreekfarm.com,https://www.facebook.com/gordoncreekfarm/,,,,Vegetables,,,40.794367,-105.216278,Colorado Proud member directory
Gosar Natural Foods,Restaurants & Caterers,Caterer,4001 E. 2.5N,Monte Vista,Rio Grande,81144,(720) 947-9571,,,http://www.facebook.com/share/1DvBcH3NYv/,http://www.instagram.com/gosarsausage?igsh=bmx0OTl5azdrdWV4,,,"Flour, Sandwiches / Subs / Hoagies",,,37.578414,-106.119334,Colorado Proud member directory
Got The Juice,Shops & Grocers,Food Maker,1527 Mount Evans Drive,Longmont,Boulder,80504,(720) 429-3937,,,,,,,,,,40.185906,-105.085663,Colorado Proud member directory
GOUDY'S FRENCH CUISINE,Farms & Ranches,Meat Producer & Packer,6156 South Harvest Court,Aurora,Arapahoe,80016,(408) 368-6174,,https://www.goudycharcuterie.com,https://www.facebook.com/goudycharcuterie,https://www.instagram.com/goudysfrenchcuisine/,,,"Barbecue, Christmas Events & Activities, Cured Meat Products, Meat, Poultry & Game Processing, Thanksgiving Events & Activities",,,39.605063,-104.697093,Colorado Proud member directory
Gourmet for Good Corporate Catering,Restaurants & Caterers,Caterer,3255 W Hampden Ave,Sheridan,Arapahoe,80110,(303) 762-1212,,https://www.gourmetforgood.com,https://www.facebook.com/gourmetforgood,https://www.instagram.com/gourmetforgood/,,,"Salads, Sandwiches / Subs / Hoagies, Snack Food Products",,,39.654066,-105.029202,Colorado Proud member directory
Grace Hill Farm,Farms & Ranches; CSA & Farm Shares,On-Farm / Ranch Sales; Meat Producer & Packer; CSA Farm,10695 County Road 102,Nunn,Weld,80648,(970) 515-2885,,https://gracehillfarmco.com,https://www.facebook.com/share/14UjYZhuR1c/?mibextid=wwXIfr,,,,"Beef, Body Care Products, Bred Cows, Bred Heifers, Chicken, Chicks, Cured Meat Products, Dog Treats, Eggs, Flavorings & Extracts, Ice Cream, Livestock - Beef Cattle, Meat, Poultry & Game, Milk, Milk & Dairy Products, Pork, Snack Food Products, Turkey, Vegetable Processing, Yearling / Open Heifers",Yes,,40.727203,-104.855499,USDA local food directories; Colorado Proud member directory
Grama Grass and Livestock,Farms & Ranches,On-Farm / Ranch Sales,8266 North 81st Street,Longmont,Boulder,80503,(847) 778-2956,,https://www.gramagrasslivestock.com,,,,,"Beef, Livestock - Beef Cattle, Livestock Production Services",,,40.12283,-105.166473,Colorado Proud member directory
Granby Farmers Market,Farmers' Markets,Farmers' Market,"Polhamus Park, 99 W Jasper Ave, Granby, CO 80446",Granby,Grand,80446,(970) 887-2311,wiki@destinationgranby.com,https://www.destinationgranby.com/events/music-market/,https://www.facebook.com/VisitGranbyCO/,https://www.instagram.com/visitgranbyco/,Thu: 5:30pm - 8:00pm,"June, July, August","Honey, meat, eggs, art, fresh produce, baked goods, and more (plus food trucks and live music)",,,40.084913,-105.934502,USDA local food directories
Grand Junction Agritourism,Agritourism,Agritourism,740 Horizon Drive,Grand Junction,Mesa,81506,,,https://www.visitgrandjunction.com,,,,,,,,39.110255,-108.540062,USDA local food directories
Grande River Vineyards,Wineries; Agritourism,Winery; Agritourism,787 Grande River Dr Grande River Vineyards,Palisade,Mesa,81526,(970) 464-5867,sales@granderivervineyards.com,https://granderivervineyards.com,https://www.facebook.com/granderivervineyards,https://www.instagram.com/granderivervineyards/,"Mon: 11am-5pm(Winter), 9am-5pm(Spring, Summer, Fall); Tue: 11am-5pm(Winter), 9am-5pm(Spring, Summer, Fall); Wed: 11am-5pm(Winter), 9am-5pm(Spring, Summer, Fall); Thu: 11am-5pm(Winter), 9am-5pm(Spring, Summer, Fall); Fri: 11am-5pm(Winter), 9am-5pm(Spring, Summer, Fall); Sat: 11am-5pm(Winter), 9am-5pm(Spring, Summer, Fall); Sun: 11am-5pm(Winter), 9am-5pm(Spring, Summer, Fall)","December, November, October, September, August, July, June, May, April, March, February, January","White wines, Red wines, Rose' and Sparkling wine",,,39.118559,-108.364038,Colorado Proud Farm Fresh Directory
Grandpas Garden Creations,Shops & Grocers,Food Maker,434 Berwick Avenue,Frederick,Weld,80530,(720) 210-4090,,,,,,,"Jam, Jam, Jelly & Preserves, Pickles & Pickled Products",,,40.111188,-104.932064,Colorado Proud member directory
Grant Farms CSA,CSA & Farm Shares,CSA Farm,12155 Ncr 15,Wellington,Larimer,80549,(970) 286-0080,howdy@grantfarms.com,http://www.grantfarms.com/,https://www.facebook.com/GrantFarmsCSA,,,"June, July, August, September, October, November, December",,,,40.703871,-105.008586,USDA local food directories
Grant Farms Farmstand,Agritourism,Agritourism,,Wellington,Larimer,97124,(970) 215-2490,,,https://www.facebook.com/grantfarmsfreshmarket,,,,,,,40.848789,-105.075965,USDA local food directories
Graze Craze (Centennial),Restaurants & Caterers,Caterer,5730/800 East Otero Avenue,Centennial,Arapahoe,80112,(303) 862-7647,,https://www.grazecraze.com,https://www.facebook.com/GrazeCrazeCentennial/,https://www.instagram.com/grazecraze_foxrdgcentennial_co/,,,Catering Services,,,39.568354,-104.92141,Colorado Proud member directory
Great Harvest Bread Co & Yogurt Shack,Shops & Grocers; Restaurants & Caterers,Grocery Store; Bakery; Restaurant; Caterer,5910 S. University Blvd,Greenwood Village,Arapahoe,80121,(303) 347-8767,,http://greatharvestgreenwoodvillage.com/,https://www.facebook.com/greatharvest.greenwoodvillage,https://www.instagram.com/greatharvestgv/,,,"Baked Goods, Bread, Butter, Frozen Dairy Desserts",,,39.608849,-104.957403,Colorado Proud member directory
Greek Delicious & Monica's Chocolate Creations,Shops & Grocers,Bakery,9249/200 159 South Broadway,Highlands Ranch,Douglas,80129,(720) 499-5935,,,,,,,"Baked Goods, Chocolate & Cocoa Products",,,39.548144,-104.991984,Colorado Proud member directory
Greeley Farmers Market,Farmers' Markets,Farmers' Market,902 7th Ave.,Greeley,Weld,80631,(970) 336-4219,farmers.market@greeleygov.com,https://greeleyco.gov/events/farmers-market/,https://www.facebook.com/greeleyfarmersmarket/,https://www.instagram.com/greeleyfarmersmarket/,Sat: 8:00am - 12:00pm,"May, June, July, August, September, October","Seasonal fruits, vegetables, flowers, seafood and meats, cheese, eggs, coffee, tea, bakery and bread, and a sampling of handmade goods",Yes,,40.424001,-104.6891,USDA local food directories; Colorado Proud member directory
Greeley Winter Farmers' Market,Farmers' Markets,Farmers' Market,1100 8th Avenue,Greeley,Weld,80631,(970) 350-9783,farmers.market@greeleygov.com,https://greeleyco.gov/events/farmers-market/,https://www.facebook.com/greeleyfarmersmarket/,https://www.instagram.com/greeleyfarmersmarket/,,,"Seasonal fruits, vegetables, flowers, seafood and meats, cheese, eggs, coffee, tea, bakery and bread, and handmade goods",Yes,,40.421056,-104.690855,USDA local food directories
Green Earth Farm,CSA & Farm Shares; Farms & Ranches; Shops & Grocers,CSA Farm; On-Farm / Ranch Sales; Food Maker,PO Box 849,Saguache,Saguache,81149,(719) 655-2655,tom@greenearthfarm.com,http://www.greenearthfarm.com,,,,"June, July, August, September, October",Body Care Products,,Yes,38.0875,-106.141967,USDA local food directories; Colorado Proud member directory
Green Hill Farm,Farms & Ranches,On-Farm / Ranch Sales,20355 East Garrett Road,Peyton,El Paso,80831,(719) 641-9223,,,,,,,"Beans (Field/Dry), Garlic, Grains & Oilseeds, Vegetables",,,38.910651,-104.451154,Colorado Proud member directory
Green Junction Farmstead,CSA & Farm Shares; Farm Stands,CSA Farm; Roadside Market,3449 Front St,CLIFTON,Mesa,81520,(970) 234-0024,gjfarmstead@gmail.com,https://www.gjfarmstead.com,https://www.facebook.com/gjfarmstead,https://www.instagram.com/gjfarmstead/,Sat: 10-12,"June, July, August, September, October","Cucumbers, Chile - Roasted, Chile Peppers, Celery, Cauliflower, Carrots, Cantaloupe, Cabbage, Broccoli, Bell Peppers, Beets, Eggplant, Garlic, Green Beans, Herbs, Kale, Leeks, Lettuce, Okra, Onions, Peas, Potatoes, Pumpkins, Radishes, Spinach, Squash, Tomatoes, Turnips, Watermelon, Zucchini, Baked Goods, Eggs, Honey",Yes,,39.095874,-108.413393,Colorado Proud Farm Fresh Directory; USDA local food directories; Colorado Proud member directory
Green Mountain Ranch,Agritourism,Agritourism,,,,80819,,,,,,,,,,,,,USDA local food directories
Green Thumb Daddy,Farms & Ranches; Shops & Grocers,On-Farm / Ranch Sales; Bakery; Food Maker,921 East Oak Drive,Bayfield,La Plata,81122,(505) 290-9208,,,https://www.facebook.com/profile.php?id=100091516756335&mibextid=9R9pXO,,,,"Baked Goods, Bread, Flour, Garlic, Pickles & Pickled Products",,,37.240434,-107.58868,Colorado Proud member directory
Green Vally Ranch NE Denver Farmers Market (Presented by Grateful Garden llc),Farmers' Markets; Agritourism,Farmers' Market; Agritourism,4890 argonne way,Denver,Denver,80249,(720) 619-0619,katrina@gratefulgardenllc.com,,https://www.facebook.com/GVRFarmersMarket,https://www.instagram.com/gvrfarmersmarket,Wed: 5pm-8pm,"June, July, August","Apples, Asparagus, Beets, Cabbage, Cherries, Chile Peppers, Chile - Roasted, Cucumbers, Eggplant, Garlic, Green Beans, Herbs, Kale, Leeks, Lettuce, Microgreens, Mushrooms, Peaches, Peas, Radishes, Rhubarb, Spinach, Squash, Tomatoes, Beef, Buffalo, Jerky, Lamb, Pork, Poultry, Sausage, Baked Goods, Cheese, Eggs, Honey, Jams, Jellies, Pickles, Popcorn, Cider, Juices",Yes,,39.78558,-104.767114,Colorado Proud Farm Fresh Directory; Colorado Proud farmers market map; Colorado Farmers Market Association; Colorado Proud member directory
Greener Pasture,Farms & Ranches,Meat Producer & Packer,,Longmont,Boulder,80501,(617) 301-2866,,,,,,,,,,40.173328,-105.114201,Colorado Proud member directory
Greener Pastures,Farms & Ranches,Meat Producer & Packer,3596 Delilah Drive,Cañon City,Fremont,81212,(217) 799-2829,,,,,,,,,,38.63978,-105.543921,Colorado Proud member directory
Greens Wizard Microgreens,Shops & Grocers,Food Maker,Finley Lane,Craig,Moffat,81625,(970) 629-2193,,https://www.greenswizardmicrogreens.com/,https://www.facebook.com/greenswizardmicrogreens,https://www.instagram.com/greenswizardmicrogreens/,,,Microgreens,,,40.518994,-107.562726,Colorado Proud member directory
GroAway LLC,Farms & Ranches,On-Farm / Ranch Sales,1112 County Road 628,Gardner,Huerfano,81040,(719) 299-1768,,https://groawayllc.com,,,,,,,,37.865399,-105.108684,Colorado Proud member directory
Grow Girl Organics,CSA & Farm Shares; Farms & Ranches,CSA Farm; On-Farm / Ranch Sales,"12229 W. 80th Avenue, Unit B",ARVADA,Jefferson,80004,(303) 886-5645,GROWGIRLORGANICS@GMAIL.COM,https://growgirlorganics.com,https://facebook.com/growgirlorganics,https://instagram.com/growgirlorganics,Sat: 9am - 3pm,"May, June, July, August, September, October","Apples, Asparagus, Beets, Bell Peppers, Broccoli, Cabbage, Cantaloupe, Carrots, Cauliflower, Celery, Cherries, Chile Peppers, Cucumbers, Eggplant, Garlic, Green Beans, Herbs, Honeydew, Kale, Lettuce, Mushrooms, Leeks, Okra, Onions, Peaches, Pears, Peas, Plums, Potatoes, Pumpkins, Radishes, Spinach, Squash, Strawberries, Sweet Corn, Tomatoes, Turnips, Watermelon, Zucchini, Baked Goods, Eggs, Honey, Jams, Jellies, Pickles, Popcorn",,,39.842802,-105.135525,Colorado Proud Farm Fresh Directory; Colorado Proud member directory
Growing Gardens,CSA & Farm Shares; Garden Centers; Agritourism,CSA Farm; Garden Center / Greenhouse; Agritourism,1630 Hawthorn Avenue,Boulder,Boulder,80304,(303) 443-9952,info@growinggardens.org,https://growinggardens.org/,https://facebook.com/growinggardensboulder,https://instagram.com/growinggardensboulder,Wed: Boulder - 3:30 p.m. - 6:30 p.m.,"May, June, July, August, September, October, November","Apples, Beets, Bell Peppers, Broccoli, Cabbage, Carrots, Cauliflower, Cherries, Chile Peppers, Cucumbers, Eggplant, Garlic, Green Beans, Herbs, Kale, Lettuce, Mushrooms, Onions, Peaches, Pears, Peas, Plums, Potatoes, Pumpkins, Radishes, Squash, Sweet Corn, Tomatoes, Turnips, Zucchini, Beef, Lamb, Pork, Baked Goods, Eggs, Honey, Jams, Jellies, Pickles",Yes,,40.034745,-105.276433,Colorado Proud Farm Fresh Directory; USDA local food directories
Growing Gardens,Farm Stands; Food Assistance,Roadside Market; Organization,950 Lashely Street,Longmont,Boulder,80504,(303) 443-9952,,https://growinggardens.org/,https://facebook.com/growinggardensboulder,https://instagram.com/growinggardensboulder,Wed: Longmont - 4:00 p.m. - 6:00 p.m.,"July, August, October, September","Beets, Bell Peppers, Broccoli, Cabbage, Carrots, Chile Peppers, Cucumbers, Eggplant, Garlic, Green Beans, Herbs, Kale, Lettuce, Onions, Peas, Potatoes, Radishes, Squash, Tomatoes, Turnips, Zucchini",Yes,,40.174965,-105.087389,Colorado Proud Farm Fresh Directory
Guidestone Colorado,Agritourism; Farms & Ranches; Food Assistance,Agritourism; On-Farm / Ranch Sales; Organization,8913 West Hwy 50,Salida,Chaffee,81201,(719) 239-0955,info@guidestonecolorado.org,https://www.GuidestoneColorado.org,https://www.facebook.com/guidestonecolorado/,https://www.instagram.com/guidestonecolorado/,,"May, June, July, August, September, October, February, March, April, November","Beets, Bell Peppers, Broccoli, Brussels Sprouts, Cabbage, Carrots, Cauliflower, Celery, Cucumbers, Eggplant, Garlic, Green Beans, Herbs, Kale, Leeks, Lettuce, Microgreens, Onions, Peas, Potatoes, Pumpkins, Radishes, Rhubarb, Spinach, Squash, Tomatoes, Turnips, Zucchini, Beef, Cider, The cider is specifically in conjunction with our annual Pumpkin Patch & Harvest Festival in October",Yes,,38.538832,-106.187201,Colorado Proud Farm Fresh Directory; USDA local food directories; Chaffee Provides
Guidestone Colorado’s Free Community Fridge,Food Assistance,Organization,,,Chaffee,,,info@guidestonecolorado.org,,,https://www.instagram.com/salidacommunityfridge,,,,,,38.532193,-105.992104,Chaffee Provides
"Gunner Dog Treats, LLC",Farms & Ranches,On-Farm / Ranch Sales,855 County Road 78,Craig,Moffat,81625,(970) 629-0356,,http://gunnerdogtreats.com,,,,,"Honey, Honey & Honey Products",,,40.585636,-107.464612,Colorado Proud member directory
Gunnison Farmers Market,Farmers' Markets,Farmers' Market,Main and Virginia,Gunnison,Gunnison,81230,(970) 648-0580,gunnyfarmersmarket@gmail.com,https://www.gunnisonfarmersmarket.org,https://www.facebook.com/profile.php?id=100057396522608,https://instagram.com/gunnisonfarmersmarket,Sat: 9:30 a.m. - 1 p.m.,"June, July, August, September, October","Apples, Apricots, Beets, Bell Peppers, Broccoli, Brussels Sprouts, Cabbage, Carrots, Cauliflower, Cherries, Chile Peppers, Chile - Roasted, Cucumbers, Eggplant, Garlic, Green Beans, Grapes, Herbs, Kale, Honeydew, Leeks, Lettuce, Microgreens, Onions, Peaches, Pears, Peas, Plums, Potatoes, Pumpkins, Radishes, Raspberries, Rhubarb, Spinach, Squash, Strawberries, Sweet Corn, Tomatoes, Turnips, Zucchini, Pork, Poultry, Sausage, Beef, Baked Goods, Cheese, Eggs, Honey, Jams, Jellies, Pickles, Cider, Juices, Handcrafted Gifts, Rum, Local wine",Yes,,38.545502,-106.926898,Colorado Proud Farm Fresh Directory; Colorado Proud farmers market map; Colorado Farmers Market Association
Gunnison Jerky Co.,Shops & Grocers,Grocery Store,235 N Main St,Gunnison,Gunnison,81230,(970) 707-4181,,https://gunnisonjerkyco.com,https://facebook.com/gunnisonjerkyco,https://instagram.com/gunnisonjerkyco,,,Cured Meat Products,,,38.546265,-106.927306,Colorado Proud member directory
H Services,Farms & Ranches; Restaurants & Caterers,On-Farm / Ranch Sales; Caterer,12865 West Alameda Drive,Lakewood,Jefferson,80228,(720) 882-4660,,,,,,,,,,39.703856,-105.143147,Colorado Proud member directory
"Half Section Plus, LLC",Farms & Ranches,On-Farm / Ranch Sales,38520 Old Dog Vw,Rush,El Paso,80833,(720) 933-2289,,https://halfsectionplus.com,https://www.facebook.com/Half-Section-Plus-108825090807107/,,,,Eggs,,,38.6825,-104.113611,Colorado Proud member directory
Hall Family Farmstand (Clearwater Spring Highlands),Farm Stands; Agritourism; Farms & Ranches,Roadside Market; Agritourism; On-Farm / Ranch Sales,120 County Road 39,Brighton,Weld,80603,(720) 935-2847,clearwaterspringhighlands@msn.com,https://www.cshnaturalbeef.com/farmstand,https://www.facebook.com/cshmeats,https://www.instagram.com/clearwaterheritagefarm/,Sat: 9am-2pm; Sun: 9am-2pm,"May, June, July, August, September, October","Baked Goods, Beef, Chicken, Chicks, Eggs, Herbs, Pork, Vegetables",,,40.00392,-104.696613,Colorado Proud Farm Fresh Directory; Colorado Proud member directory
Hanagan Farms,Agritourism,Agritourism,,Rocky Ford,Otero,81077,(719) 384-5067,hanaganmargret@hotmail.com,https://www.hanaganfarms.com,https://www.facebook.com/hanagan.farms,,,,,,,38.02096,-103.63731,USDA local food directories
Hankins Farms,Agritourism,Agritourism,26745 Weld County Road 17,Johnstown,Weld,80534,,,https://hankinsfarms.com/,,,,,,,,40.389821,-104.907514,USDA local food directories
Hansen Family Barnyard,Farms & Ranches,On-Farm / Ranch Sales,4425 83rd Ave,Greeley,Weld,80634,(970) 590-1416,hansenfamilybarnyard@gmail.com,https://Hansenfamilybarnyard.com,,,,,,,,40.369227,-104.81344,USDA local food directories
Happy Apple Orchard,Agritourism,Agritourism,1503 Co Rd 513,Ignacio,La Plata,81137,,,,,,,,,,,37.188904,-107.717942,USDA local food directories
Happy Day Ranch,Agritourism,Agritourism,201 Lester Lane,Basalt,,81621,(970) 309-6518,happydayranchevents@gmail.com,https://happydayranchevents.wixsite.com/my-site,https://www.facebook.com/p/Happy-Day-Ranch-100071906141468/,,,,Weddings and events,,,,,Farmers market vendor lists
Happy Hippie Breads,Shops & Grocers,Bakery,617 W 21st St,Pueblo,Pueblo,81003,(719) 947-5592,,,,,,,Baked Goods,Yes,,38.287425,-104.615788,Colorado Proud member directory
Happy Hive Farmstead,Farms & Ranches,On-Farm / Ranch Sales,2175 J 1/4 Road,Grand Junction,Mesa,81505,(970) 216-7364,,https://www.happyhivefarm.com,https://www.facebook.com/happyhivefarmstead,https://www.instagram.com/happyhivefarmstead,,,"Meat, Poultry & Game",Yes,,39.15231,-108.65108,Colorado Proud member directory
Happy Hollow Hard Cider,Farms & Ranches; Agritourism,On-Farm / Ranch Sales; Agritourism,17528 Happy Hollow Road,Cedaredge,Delta,81413,(970) 234-3804,,,,,,,Hard Cider,,,38.90814,-107.946882,Colorado Proud member directory
Happy Stuff Dog Treat Company,Shops & Grocers,Food Maker,4045/Ste 200 Wadsworth Boulevard,Wheat Ridge,Jefferson,80033,(303) 818-9320,,,https://www.facebook.com/HappyStuffTreats,https://www.instagram.com/happystuffdogtreats/,,,Animal & Pet Food,,,39.772441,-105.082036,Colorado Proud member directory
Harmony Ridge Farm,Farms & Ranches,On-Farm / Ranch Sales,31885 Ridge Road,Ramah,Elbert,80832,(719) 650-1080,,,,,,,"Chicken, Crafts, Cultural Events & Activities, Educational Seminars, Fall Events & Activities, Fiber, Retreats, School Tours, Seasonal Events & Activities",,,39.32479,-104.213983,Colorado Proud member directory
Harvest Days-corn maze and pumpkin patch,Farms & Ranches; Farm Stands; Agritourism,On-Farm / Ranch Sales; Roadside Market; Agritourism,33111 E US Hwy 50,Pueblo,Pueblo,81006,(719) 671-7350,,,,,,,"Corn, Pumpkins",,,38.246259,-104.480687,Colorado Proud member directory
Harvest Farm,Agritourism,Agritourism,4240 East County Road 66,Wellington,Larimer,80549,(970) 569-9803,info@denrescue.org,https://fortcollinsrescuemission.org/who-we-are/locations/harvest-farm/,https://www.facebook.com/denverrescue,,,,,,,40.729754,-104.997007,USDA local food directories
Harvest Fest & Pumpkin Sale,Agritourism,Agritourism,028 S. Gallup Street,Littleton,Arapahoe,80120,(303) 795-3950,,,,,,,,,,39.601566,-105.002223,USDA local food directories
Harvest Moon Produce LLC,Farms & Ranches,On-Farm / Ranch Sales,28881 Road P,Dolores,Montezuma,81323,(406) 529-9129,emilydeanadie80@gmail.com,,https://facebook.com/harvestmoonproduce,,,,,,,37.421268,-108.522,USDA local food directories
Harvest Origin,Shops & Grocers,Food Maker,1942/314c Broadway,Boulder,Boulder,80302,(719) 208-4185,,,,,,,,,,40.017662,-105.27971,Colorado Proud member directory
Harvey Park Farmers Market,Farmers' Markets,Farmers' Market,"Kunsmiller Creative Arts Academy (North Parking Lot), 2250 S Quitman Way, Denver, CO 80219",Denver,Denver,80219,,,https://www.harveyparkfarmersmarket.com,https://www.facebook.com/profile.php?id=61574977833612,https://www.instagram.com/harveyparkfarmersmarket,Sat: 9:00am - 1:00pm,"May, June, July, August, September, October","Farmers, ranchers, and dairy (vegetables, fruits, flowers, dairy); bakeries (bread, bagels, pastries); specialty foods (cheese, chocolate, pickles, kimchi, nut butters, tortillas, sauces); beverages (coffee, tea, juice); ready-to-eat food (tacos, sandwiches, pupusas, crepes, samosas); cut flowers",Yes,,39.675374,-105.039893,Colorado Farmers Market Association
"Haubert Heritage Homestead Farm, LLC.",Farms & Ranches,On-Farm / Ranch Sales,20528 County Rd 3,Wiggins,Morgan,80654,(720) 793-1515,,,,,,,Eggs,,,40.29044,-104.092228,Colorado Proud member directory
Hayden Fresh Farm,Farms & Ranches,On-Farm / Ranch Sales,36055 County Road 51,Hayden,Routt,81639,(970) 846-8875,,https://haydenfresh.com,https://facebook.com/haydenfreshfarm,https://instagram.com/haydenfreshfarm,,,"Alfalfa, Chicken, Cured Meat Products, Dog Treats, Duck, Eggs, Fats & Oils, Goose, Grass-Legume, Hay & Forage, Honey, Pork, Turkey",,,40.441877,-107.208347,Colorado Proud member directory
Hazel Dell Mushrooms,Farms & Ranches,On-Farm / Ranch Sales,3925 E County Rd 32,Fort Collins,Larimer,80528,(970) 624-7884,info@hazeldellmushrooms.com,https://www.hazeldellmushrooms.com,https://www.facebook.com/hazeldellmushrooms,https://www.instagram.com/hazeldellmushrooms/,Mon: 9am - 5pm; Tue: 9am - 5pm; Wed: 9am - 5pm; Thu: 9am - 5pm; Fri: 9am - 5pm,"January, February, March, April, May, June, July, August, September, October, November, December","Mushrooms, Handcrafted Gifts",Yes,Yes,40.479518,-105.004103,Colorado Proud Farm Fresh Directory; Colorado Proud member directory
Headwater Farms,Farms & Ranches,On-Farm / Ranch Sales,,,Chaffee,,(719) 322-8737,maddychance@headwaterfarmco.com,https://www.headwaterfarmco.com/,,https://instagram.com/headwater_farms,,,"Fresh produce, wildflowers, pumpkins (pumpkin patch), CSA shares",,,38.842218,-106.131129,Chaffee Provides
Hearth and Crunch LLC,Shops & Grocers,Bakery,318 Buckthorn Rd,New Castle,Garfield,81647,(970) 404-0961,,https://hearthandcrunch.com/,https://www.facebook.com/profile.php?id=61589292584136,https://www.instagram.com/hearthandcrunch/f,,,"Baked Goods, Grain & Cereal Products",,,39.581933,-107.534026,Colorado Proud member directory
Hearty Provisions,Farm Stands,Roadside Market,415 Yuma St.,Denver,Denver,80204,(720) 722-3425,,https://heartyprovisions.com/,https://www.facebook.com/HeartyProvisions,https://www.instagram.com/heartyprovisions/,,,"Apples, Asparagus, Baked Goods, Beans, Beef, Beets, Bok Choy, Broccoli, Buffalo, Cider, Coffee, Corn Chips, Dried Fruit, Eggs, Flour, Frozen Food Manufacturing, Fruit, Lettuce, Microgreens, Mushrooms, Potatoes, Vegetables",,Yes,39.722251,-105.015487,Colorado Proud member directory
Heckman Hollow,Agritourism,Agritourism,Highway 50,Fowler,,81039,,,,,,,,,,,,,USDA local food directories
Hemp Farm Colorado,Shops & Grocers,Food Maker,P.O Box 42,Yuma,Yuma,80759,(970) 690-5430,,http://HempFarmColorado.com,https://www.facebook.com/hempfarmcolorado/,,,,Value-Added Non-Food Products,,,40.115607,-102.624112,Colorado Proud member directory
Hempward Farms,Farms & Ranches,On-Farm / Ranch Sales,2300 North 75th Street,Boulder,Boulder,80301,(303) 479-3631,,https://www.hempwardfarms.com/,,,,,"Animal & Pet Food, Food Supplements, Hemp-Cannabinoids",,,40.020708,-105.170308,Colorado Proud member directory
"Herb Meadows Medicinals, LLC",Farms & Ranches,On-Farm / Ranch Sales,PO Box 1321,Mancos,Montezuma,81328,(720) 298-6610,,,,,,,Hemp-Cannabinoids,,Yes,37.344996,-108.289249,Colorado Proud member directory
Herban Legends,Farms & Ranches; Shops & Grocers,On-Farm / Ranch Sales; Food Maker,102 S 3rd St,Montrose,Montrose,81401,(970) 318-0532,,,,,,,"Baked Goods, Herbs, Mushrooms, Spice Blends, Tea",,,38.474967,-107.876923,Colorado Proud member directory
Hergenreder Farms,Agritourism,Agritourism,332 Co Rd 5,Longmont,Weld,80504,(303) 349-5711,,,https://www.facebook.com/hergenrederfarms/,,,,,,,40.15851,-105.01768,USDA local food directories
"Heritage Lavender, LLC",Farms & Ranches,On-Farm / Ranch Sales,4809 Foothills Drive,Berthoud,Larimer,80513,(303) 514-6504,heritagelavender@gmail.com,,https://www.facebook.com/HeritageLavender?ref=hl,,,,,,,40.287934,-105.16339,USDA local food directories
Herman Produce,Farms & Ranches,On-Farm / Ranch Sales,753 Elberta,Palisade,Mesa,81526,,,,,,,,,,,39.11279,-108.360292,USDA local food directories
Herrera's Homestead,Shops & Grocers,Food Maker,17428 E Winter Park Cir,Aurora,Arapahoe,80017,(720) 766-6625,,https://herrerashomestead.com/,,,,,"Baked Goods, Bread, Cookies, Jam, Jam, Jelly & Preserves, Muffins",,,39.715086,-104.78508,Colorado Proud member directory
"Hey, Good Lukken!",Shops & Grocers,Bakery,1254 Mount Estes Drive,Colorado Springs,El Paso,80921,(309) 798-9503,,https://carissadewaele.wixsite.com/my-site,https://www.facebook.com/heygoodlukken,https://www.instagram.com/heygoodlukken/,,,Cookies,,,39.008702,-104.80121,Colorado Proud member directory
HG Honey and Hives,Farms & Ranches,On-Farm / Ranch Sales,2599 Fleming Dr,Loveland,Larimer,80538,(970) 744-0432,,,,,,,"Bee Keeping, Honey, Honey & Honey Products",,,40.41822,-105.109222,Colorado Proud member directory
Hidy Honey,Farms & Ranches; Farm Stands; Shops & Grocers,On-Farm / Ranch Sales; Roadside Market; Grocery Store; Food Maker,1085 E 16th Ave,Broomfield,Broomfield,80020,(303) 725-4382,,,https://www.facebook.com/HidyHoneyCO,,,,"Bee Keeping, Crops & Agricultural Products, Cultural Events & Activities, Educational Seminars, Events, Fall Events & Activities, Honey, Honey & Honey Products, Livestock Production Services, Local Delivery, Production & Manufacturing, School Tours, Services - Food & Agricultural, Tours, Value-Added Food Products, Value-Added Non-Food Products",,,39.94044,-105.059208,Colorado Proud member directory
High Alpine Genetics LLC,Farms & Ranches,On-Farm / Ranch Sales,1210 Bennett Avenue,Glenwood Springs,Garfield,81601,(970) 456-6873,,https://www.highalpinegenetics.com,,https://www.instagram.com/highalpinegeneticz/,,,Hemp-Cannabinoids,,,39.54087,-107.321482,Colorado Proud member directory
High Altitude Rhubarb,Agritourism,Agritourism,,Colorado Springs,El Paso,80908,,,https://www.highaltituderhubarb.com,,,,,,,,39.037581,-104.693364,USDA local food directories
High Altitude Rhubarb--Farm & Nursery,Farm Stands; Farms & Ranches,Roadside Market; On-Farm / Ranch Sales,7275 Wildridge Rd,Black Forest,El Paso,80908,(719) 494-8424,Dennis.Duncan@HighAltitudeRhubarb.com,https://HighAltitudeRhubarb.com,https://www.facebook.com/#!/pages/High-Altitude-Rhubarb-LLC/161735683855277,,,,,,,39.038791,-104.692264,USDA local food directories; Colorado Proud member directory
High Country Environmental Grazing,Farms & Ranches,On-Farm / Ranch Sales,781 R Road,Mack,Mesa,81525,(970) 260-2130,,,,,,,,,,39.267013,-108.90331,Colorado Proud member directory
High On The Hill Farm,CSA & Farm Shares; Farm Stands; Farms & Ranches,CSA Farm; Roadside Market; On-Farm / Ranch Sales,2500 Hereford Dr,Cañon City,Fremont,81212,(719) 726-9200,HOTHFARM@GMAIL.COM,https://HighOnTheHillFarm.com,,,,"January, February, March, April, May, June, August, July, September, November, October, December","Apples, Asparagus, Baked Goods, Beans, Beets, Cabbage, Carrots",Yes,,38.48553,-105.213055,Colorado Proud Farm Fresh Directory; Colorado Proud member directory
High On The Hog Farm LLC,Farms & Ranches,On-Farm / Ranch Sales,7720 East County Road 18,Johnstown,Larimer,80534,(970) 576-1947,,https://m.facebook.com/HighOnTheHogFarmLLC,https://m.facebook.com/HighOnTheHogFarmLLC,,,,,,,40.377372,-104.965239,Colorado Proud member directory
High Plains Cattle and Meats Co.,Farms & Ranches,On-Farm / Ranch Sales,175,wellington,Larimer,80549,(970) 567-6118,,https://www.highplainscattleandmeatco.com/,,https://www.instagram.com/highplainscattleandmeatsco?igsh=ZDl3OTdobHpsdDV1&utm_source=qr,,,"Beef, Lamb",,,40.758957,-105.077712,Colorado Proud member directory
High Plains Food Cooperative,Wholesale & Food Hubs,Food Hub,7900 E Union Ave,Denver Tech Center,Denver,80237,(785) 626-6082,info@highplainsfood.org,,https://www.facebook.com/pages/High-Plains-Food-Co-op/134612536617378,,,"January, February, March, April, May, June, July, August, September, October, November, December",,,,39.627746,-104.89604,USDA local food directories
High Prairie Meats LLC,Farms & Ranches,On-Farm / Ranch Sales,2815 County Road F,Joes,Yuma,80822,(970) 554-9723,,https://www.highprairiemeats.com,https://www.facebook.com/porkontheplains,https://www.instagram.com/highprairiemeats/?fbclid=IwY2xjawPcsddleHRuA2FlbQIxMQBicmlkETFDMUhsWUJtVDdLSlF4NFEyc3J0YwZhcHBfaWQBMAABHi4p3YreVi8CF9XXgtbM-QdIuLKal9mSO3jdOLFsJTgILI2LT4COJydc4w8e_aem_he0wA0x6mhyG6A6wRMqU5A,,,Pork,,,39.60917,-102.726625,Colorado Proud member directory
Highland Farmers' Market,Farmers' Markets,Farmers' Market,1576 Boulder St.,Denver,Denver,80211,(303) 734-0718,info@denverhighland.org,https://www.hobnobevents.com/,https://www.facebook.com/DenverHighlandFarmersMarket/,,Sat: 9:00am - 1:00pm,"June, July, August, September, October","Fresh produce, baked goods, preserved foods, flowers, plants, and locally produced merchandise",,,39.75899,-105.010822,USDA local food directories
Highlands Ranch Farmers' Market,Farmers' Markets,Farmers' Market,"9288 Dorchester St, Highlands Ranch, CO (Highlands Ranch Town Center)",Highlands Ranch,Douglas,80126,(303) 809-2865,1977MDFM@gmail.com,,https://www.facebook.com/denverfarmersmarket,https://www.instagram.com/metro_denver_farmers_market,Sun: 10:00am - 2:00pm (or sellout),"May, June, July, August, September, October, November",Fresh produce and locally-grown items,Yes,,39.547692,-104.999796,Colorado Farmers Market Association; USDA local food directories
Highwater Farm,CSA & Farm Shares,CSA Farm,7001 County Road 346,Silt,,81652,,,http://www.highwaterfarm.org,,,,,,,,,,USDA local food directories
Hillbilly Farms,CSA & Farm Shares,CSA Farm,17245 Milne Rd,Colorado Springs,El Paso,80928,(719) 205-8574,,http://Hillbillyfarms.net,,,,,,,,38.579031,-104.478787,USDA local food directories
Hillis Family Farms LLC,Farms & Ranches; Shops & Grocers,On-Farm / Ranch Sales; Food Maker,6150 Peerless Farms Rd,PEYTON,El Paso,80831,(719) 400-8898,,https://hillisfamilyfarms.com,https://www.facebook.com/profile.php?id=100094261524680,https://www.instagram.com/hillisfamilyfarmsllc/,,,"Cured Meat Products, Goat",,,38.919929,-104.508023,Colorado Proud member directory
Hilltop Beef,Farms & Ranches,On-Farm / Ranch Sales,162 Kraft Lane,Fort Collins,Larimer,80524,(970) 443-7732,,https://hilltopbeef.com/,https://www.facebook.com/share/1Bgd52CuGT/?mibextid=wwXIfr,https://www.instagram.com/hilltop.beef?igsh=MTk0cDN6cDBjZ2F6OQ%3D%3D&utm_source=qr,,,Beef,,,40.646933,-105.023306,Colorado Proud member directory
Hippie Cow Co.,Farms & Ranches; Shops & Grocers,On-Farm / Ranch Sales; Meat Producer & Packer; Food Maker,2948 County Road 514,Ignacio,La Plata,81137,(760) 715-8550,,,,https://www.instagram.com/hippiecowco?igsh=emoxemU0bjZwenk1&utm_source=qr,,,"Beef, Body Care Products, Bread, Bred Cows, Bred Heifers, Chicken, Cow-Calf Pairs, Livestock - Beef Cattle, Stock / Yearling Cattle, Two-Year Old Bulls, Yearling / Open Heifers, Yearling Bulls",,,37.183443,-107.660458,Colorado Proud member directory
Hoffmann Commercial Real Estate Farmers' Market,Farmers' Markets,Farmers' Market,182 Avon Rd.,Avon,Eagle,81620,(970) 479-1711,edwards@rockymountainmarkets.com,,,,,,,,,39.633102,-106.521128,USDA local food directories
Hogback Farm,Farms & Ranches; Shops & Grocers,On-Farm / Ranch Sales; Food Maker,350 Ingersol Lane,Silt,Garfield,81652,(769) 888-4367,,https://HogbackFarm.com,,,,,,,,39.5841,-107.650041,Colorado Proud member directory
Holly Acres Nursery,Agritourism,Agritourism,403 Highway 86,Elizabeth,Elbert,80107,(303) 646-8868,,,,,,,,,,39.362045,-104.655647,USDA local food directories
"Holy Cow, That's Great Beef!",Farms & Ranches,Meat Producer & Packer,30012 U.S. 24,Simla,Elbert,80835,(719) 649-2489,,,,,,,Beef,,,39.137056,-104.103887,Colorado Proud member directory
Homegrown Farm,CSA & Farm Shares,CSA Farm,,Bayfield,,81122,(970) 884-9567,,http://homegrownbiodynamics.com,,,,,,,,,,USDA local food directories
Homemade by Hammett,Shops & Grocers,Bakery,2546/UNIT C Copper Ridge Drive,Steamboat Springs,Routt,80487,(201) 835-5945,,https://docs.google.com/forms/d/1d9xMtsRjvTsgAMorzq0U9wVecULGyfnBHfYrq6XQB50/edit,,,,,Baked Goods,,,40.506838,-106.853994,Colorado Proud member directory
Homestead Farms Co.,CSA & Farm Shares,CSA Farm,865 Zion Street,Aurora,Arapahoe,80011,(303) 883-1778,,,,,,,,,,39.729241,-104.82897,USDA local food directories
Homestead Natural Meats,Farms & Ranches,Meat Producer & Packer,201 Ute St,Delta,Delta,81416,(970) 874-7335,,https://homesteadmeats.com,https://www.facebook.com/HomesteadMeats,https://www.instagram.com/homestead_natural_meats/,,,"Beef, Lamb, Pork",,,38.747416,-108.070183,Colorado Proud member directory
Honey Moon Mesa,Farms & Ranches,On-Farm / Ranch Sales,38634 Stucker Mesa Road,Hotchkiss,Delta,81419,(970) 901-8178,,https://honeymoonmesa.com,https://www.facebook.com/honeymoonmesa/,https://www.instagram.com/honeymoonmesa/,,,"Bee Keeping, Honey, Honey & Honey Products",,,38.860951,-107.642827,Colorado Proud member directory
Honey Rock Landing,U-Pick; Garden Centers; Agritourism; Farms & Ranches,U-Pick; Garden Center / Greenhouse; Agritourism; On-Farm / Ranch Sales,2444 Dominguez Canyon Rd,Delta,Delta,81416,(970) 275-3974,info@honeyrocklanding.com,https://www.honeyrocklanding.com/,https://www.facebook.com/HoneyRockLanding/,https://www.instagram.com/honeyrocklanding/?hl=en,,"January, February, March, April, May, June, July, August, September, October, November, December","Apricots, Asparagus, Beets, Bell Peppers, Cabbage, Cantaloupe, Carrots, Cherries, Chile Peppers, Chile - Roasted, Cucumbers, Eggplant, Garlic, Herbs, Honeydew, Kale, Lettuce, Microgreens, Peaches, Pears, Plums, Radishes, Raspberries, Spinach, Squash, Strawberries, Tomatoes, Watermelon, Zucchini, Eggs, Honey",,Yes,38.798091,-108.321813,Colorado Proud Farm Fresh Directory; USDA local food directories; Colorado Proud member directory
Honey Sister Hives,Shops & Grocers,Food Maker,637 E Milt Drive,Pueblo West,Pueblo,81007,(303) 708-4279,,,https://www.facebook.com/HoneySisterHives/,,,,Honey & Honey Products,,,38.356626,-104.709332,Colorado Proud member directory
HooRayRay's,Shops & Grocers,Bakery,85 Uinta Way,Denver,Denver,80230,(303) 947-5193,,http://www.hoorayrays.com,,,,,"Baked Goods, Bread, Cookies",,,39.720706,-104.893329,Colorado Proud member directory
Hoot 'n' Howl Farm LLC,Agritourism; Farms & Ranches,Agritourism; On-Farm / Ranch Sales,033 Jay Road,Boulder,Boulder,80301,(720) 771-0483,jrpoley@comcast.net,http://www.hootnhowlfarm.com,http://www.facebook.com/pages/hoot-n-howl-farm-llc/195757020445853,,,,,,,40.051018,-105.217201,USDA local food directories
Hope Farms,CSA & Farm Shares,CSA Farm,1601 N Shields St,Fort Collins,Larimer,80524,(970) 221-0213,,,,,,,,,,40.607269,-105.095646,USDA local food directories
Hope Ranch and Farm,Farms & Ranches,On-Farm / Ranch Sales,156 Cherokee Trail Rd,Livermore,Larimer,80536,(303) 594-4414,,,,,,,"Beets, Cabbage, Dill, Jam, Jam, Jelly & Preserves, Onions, Potatoes, Raspberries, Rhubarb, Winter Squash",,,40.852067,-105.392352,Colorado Proud member directory
HOPELANDS COFFEE,Shops & Grocers,Grocery Store,3003 Valmont Rd Lot 233,Boulder,Boulder,80301,(720) 285-5147,,https://hopelandscoffee.com/,https://www.facebook.com/profile.php?id=61561130078852,https://www.instagram.com/hopelandscoffee,,,"Coffee, Coffee Beans, Coffee Break Service",,,40.029803,-105.25015,Colorado Proud member directory
Hops and Honey Colorado,Farms & Ranches,On-Farm / Ranch Sales,1111 Sunrise Circle,Dacono,Weld,80514,(970) 310-7774,,,,,,,"Bee Keeping, Honey & Honey Products",,,40.082318,-104.93544,Colorado Proud member directory
Horizon Verjus Company,Shops & Grocers,Food Maker,6723 West Hinsdale Place,Littleton,Jefferson,80128,(630) 408-0203,,,,https://www.instagram.com/horizonverjuscompany/,,,Beverage Products,,,39.58236,-105.071861,Colorado Proud member directory
Howlin Honey,Farms & Ranches,On-Farm / Ranch Sales,6708 Road KK,Manzanola,Otero,81058,(719) 252-3903,,,https://www.facebook.com/profile.php?id=100049534568131,,,,Honey & Honey Products,,,38.112018,-103.95517,Colorado Proud member directory
Howling Woods Fungi,Farms & Ranches,On-Farm / Ranch Sales,2218 S Kalamath St,Denver,Denver,80223,(218) 590-9912,,https://Howlingwoodsfungi.com,,,,,Mushrooms,,,39.676327,-105.00033,Colorado Proud member directory
Hummble Honey,Shops & Grocers,Food Maker,7955 Manston Dr,Colorado Springs,El Paso,80920,(719) 237-3188,,,,,,,Tea,,,38.946416,-104.73366,Colorado Proud member directory
HUNGENBERG PRODUCE INC,Farms & Ranches,On-Farm / Ranch Sales,31466 CR 39 1/2,GREELEY,Weld,80631,(970) 356-6616,,https://hungenbergproduce.com/,https://www.facebook.com/HungenbergPro/#,,,,Carrots,,,40.390436,-104.711855,Colorado Proud member directory
Hunters Moon Meadery,Wineries,Winery,404 Immigrant Trail,Severance,Weld,80550,,,https://huntersmoonmeadery.com,https://www.facebook.com/huntersmoonmeadery,https://www.instagram.com/HuntersMoonMeadery,,,"Honey & Honey Products, Other Wine Products",,,40.525167,-104.856932,Colorado Proud member directory
Hutchinson Ranch,Farms & Ranches,On-Farm / Ranch Sales,"6700 Old Corral Road, Salida, CO 81201",Salida,Chaffee,81201,(719) 221-4672,HutchSalida@gmail.com,https://www.hutchranchsalida.com,https://www.facebook.com/HutchinsonRanch/,https://www.instagram.com/hutchranch/,,,Grass-fed beef,,,38.516552,-106.043571,Chaffee Provides
Hyphal Knot LLC,Shops & Grocers,Food Maker,2023 W. Victory Wy,Craig,Moffat,81625,(970) 367-6602,,,,,,,Mushrooms,,,40.515518,-107.560921,Colorado Proud member directory
Idaho Springs Chamber Of Commerce Farmers Market,Farmers' Markets,Farmers' Market,PO box 1641,Idaho Springs,Clear Creek,80452,(303) 567-0387,director@idahospringschamber.org,https://idaho-springs-chamber-of-commerce.square.site/,https://www.facebook.com/idahospringschamber/,https://www.instagram.com/idahospringschamber/,,,,,,39.742055,-105.514435,USDA local food directories
Ideal Gardens,Shops & Grocers,Food Maker,6541 County Road 330,Walsenburg,Huerfano,81089,(719) 738-9919,,https://www.facebook.com/idealgardensco,https://www.facebook.com/idealgardensco,,,,Pickles & Pickled Products,,,37.532611,-104.77931,Colorado Proud member directory
IE Mills dba Dry Storage Mills,Shops & Grocers,Food Maker,3050/180 Sterling Circle,Boulder,Boulder,80301,(808) 938-0502,,https://drystorageco.com/,,https://www.instagram.com/dry_storage/?hl=en,,,"Grain & Cereal Product Manufacturing, Grain Processing, Wheat",,Yes,40.030638,-105.227851,Colorado Proud member directory
Illegal Oats,Shops & Grocers,Food Maker,3063 Brighton Boulevard,Denver,Denver,80216,(916) 969-7080,,,,https://www.instagram.com/illegal_oats/,,,Grain & Cereal Products,,,39.765952,-104.984979,Colorado Proud member directory
Indian Hills Farmer's Market,Farmers' Markets,Farmers' Market,5381 Parmalee Gulch Rd,Indian Hills,Jefferson,80454,,,,,,,,,,,39.618301,-105.237215,USDA local food directories
Indian Ridge Farm,CSA & Farm Shares,CSA Farm,1401 CR 43ZN,Norwood,,81423,(970) 327-4762,,http://indianridgefarm.org,,,,,,,,,,USDA local food directories
Inti Farms,Farms & Ranches; CSA & Farm Shares,On-Farm / Ranch Sales; CSA Farm,8412 Alkire Street,Arvada,Jefferson,80005,,inti.chacra.farms@gmail.com,https://linktr.ee/inti.chacra.farms?utm_source=linktree_profile_share&ltsid=a31e06f5-0479-4fe4-acf7-0fc9b0aa6470,,,,,,,,39.849591,-105.147683,USDA local food directories
Inti Farms,Farms & Ranches,On-Farm / Ranch Sales,6085 West 29th Avenue,wheat ridge,Jefferson,80214,(720) 231-3432,,https://www.instagram.com/inti_farm_co/,,https://www.instagram.com/inti_farm_co/,,,"Carrots, Cucumbers, Ginger, Kale, Lettuce, Onions, Potatoes, Tomatoes, Zucchini",,,39.758677,-105.062936,Colorado Proud member directory
IXKAKAW LLC,Shops & Grocers,Grocery Store,,,,,(970) 402-3556,,https://www.ixkakaw.com,https://www.facebook.com/ixkakawco/,https://www.instagram.com/ixkakawco/,,,"Chocolate & Cocoa Products, Chocolate Manufacturing",,,,,Colorado Proud member directory
izzio artisan bakery,Shops & Grocers,Bakery,185 South 104th Street,Louisville,Boulder,80027,,,https://izziobakery.com/,https://www.facebook.com/izziobakery/,https://www.instagram.com/izzio_artisan_bakery/?hl=en,,,Bread,,,39.968714,-105.110259,Colorado Proud member directory
J & D Heirloom Seeds,Farms & Ranches,On-Farm / Ranch Sales,60851 Gunnison Rd,Montrose,Montrose,81401,(970) 902-0560,,https://jdheirloomseed.weebly.com/,https://www.facebook.com/share/1M1d5KPRGd/?mibextid=wwXIfr,https://www.instagram.com/jdheirloomseeds?igsh=MTQxbHRzMHF0Yzhsdg%3D%3D&utm_source=qr,,,"Chicken, Eggs, Fruit, Services - Food & Agricultural, Tomatoes, Vegetables",,,38.565727,-107.95154,Colorado Proud member directory
J2 Farms & Designs,Farms & Ranches; Shops & Grocers,On-Farm / Ranch Sales; Bakery; Food Maker,603 Downey Drive,Ordway,Crowley,81063,(701) 290-3726,,,,,,,"Baked Goods, Bakery Supplies & Equipment, Cookies, Doughs & Crusts, Jam, Jam, Jelly & Preserves, Pickles & Pickled Products, Salsa",,,38.223714,-103.764542,Colorado Proud member directory
Jack-A-Lope Acres,Agritourism,Agritourism,7195 Cr 318,Ignacio,La Plata,81137,(970) 769-9646,Info@jack-a-lopeacres.com,,https://www.facebook.com/jackalopeacresfarm,,,,,,,37.096909,-107.676592,USDA local food directories
Jamber Acres,Garden Centers; Farm Stands,Garden Center / Greenhouse; Roadside Market,1639 23rd Trail,Cotopaxi,Fremont,81223,(973) 207-1796,jamberacres@gmail.com,https://JamberAcres.com,https://facebook.com/jamberacres,https://instagram.com/jamberacres,Fri: 9:00 AM to 1:00 PM; Sat: 9:00 AM to 1:00 PM,"January, February, March, April, May, June, July, August, September, October, November, December","Beets, Bell Peppers, Chile Peppers, Cucumbers, Carrots, Eggplant, Green Beans, Herbs, Kale, Lettuce, Peas, Radishes, Spinach, Squash, Tomatoes, Zucchini, rainbow swiss chard, escarole",Yes,,38.294541,-105.495975,Colorado Proud Farm Fresh Directory; Colorado Proud member directory
James Ranch,Agritourism,Agritourism,33846 US Hwy 550,Durango,La Plata,81301,,harvestgrill@jamesranch.net,https://www.jamesranch.net/,,,,,,,,37.422905,-107.823506,USDA local food directories
Jared's Pumpkin Patch,Agritourism,Agritourism,10500 W. Bowles Ave,Littleton,Jefferson,80127,(303) 979-6022,,,,,,,,,,39.609111,-105.116832,USDA local food directories
Jax Farmer's Market in Lafayette,Farmers' Markets,Farmers' Market,400 W South Boulder Rd,Lafayette,Boulder,80026,(303) 902-2451,,,http://www.facebook.com/pages/Jax-Farmers-Market-in-Lafayette/128567847324639,,,,,,,39.986894,-105.095069,USDA local food directories
Jefferson County Beekeeper Association,Farms & Ranches,On-Farm / Ranch Sales,PO Box 746492,Arvada,Jefferson,80006,(303) 919-3553,,https://www.jeffcobeekeepers.org/,https://www.facebook.com/groups/3117378738488663/,https://www.instagram.com/jeffcobeekeepers/,,,Honey & Honey Products,,,39.85,-105.08,Colorado Proud member directory
Jenkin's Farms and Western Skies Winery,Agritourism,Agritourism,448 K St,Penrose,Fremont,81240,(719) 372-6337,applevalleyorchard@yahoo.com,,https://www.facebook.com/jenkins-farms-western-skies-winery-144841218865336/,,,,,,,38.441731,-105.000468,USDA local food directories
"Jenkins Farm, L.L.C.",Farms & Ranches,On-Farm / Ranch Sales,7093  County Road 61,Divide,Teller,80814,(719) 554-4905,info.ces@juno.com,,,,,,,,,38.84783,-105.16988,USDA local food directories
Jewels' Edible Gems,Shops & Grocers,Bakery,2287 Fallview Dr.,Pueblo,Pueblo,81006,(719) 248-7744,,,,,,,Baked Goods,,,38.22298,-104.556715,Colorado Proud member directory
Jodar Farms,Farms & Ranches,On-Farm / Ranch Sales,5324 East County Road 48,Fort Collins,Larimer,80524,(970) 391-2825,,https://www.Jodarfarms.com,,,,,"Chicken, Eggs, Lamb, Pork, Turkey",Yes,,40.596834,-104.977939,Colorado Proud member directory
Johanna's Handcrafted Jams LLC,Shops & Grocers,Food Maker,535 Cimarron Drive,Ault,Weld,80610,(970) 939-8859,,https://johannas-handcrafted-jams.square.site/,https://www.facebook.com/JohannasHandcraftedJams,,,,"Condiments & Sauces, Jam, Jam, Jelly & Preserves, Pickles & Pickled Products",,,40.587072,-104.739994,Colorado Proud member directory
John  H Heermann Farms,Farms & Ranches,On-Farm / Ranch Sales,30112 CR 17,Haxtun,Phillips,80731,(970) 520-9818,,https://johnhheermannfarms.squarespace.com/,,,,,"Grain & Cereal Products, Grains & Oilseeds",,,40.644023,-102.512911,Colorado Proud member directory
Johnny's Green Gardens,Farms & Ranches,On-Farm / Ranch Sales,525 North Cascade Avenue,Colorado Springs,El Paso,80903,(719) 246-3887,,https://www.johnnysgreengardens.com/,,,,,Microgreens,,,38.841966,-104.824389,Colorado Proud member directory
Johnson's Acres,Agritourism,Agritourism,381 York Street,Brighton,Adams,80602,(303) 452-8043,johnsonsacres@yahoo.com,,,,,,,,,39.978667,-104.959394,USDA local food directories
Jon-a-thins,Shops & Grocers,Bakery,140 Boardwalk Dr unit j,Fort Collins,Larimer,80525,(970) 556-8930,,https://www.jonathins.com/,,,,,Snack Food Products,,,40.532747,-105.074976,Colorado Proud member directory
Jones Farm,Agritourism,Agritourism,25450 Road M,Cortez,Montezuma,81321,,bjones472@q.com,,https://www.facebook.com/jonesfarmpumpkins/,,,,,,,37.381555,-108.583379,USDA local food directories
Jones Farms Organics,Wholesale & Food Hubs; Farms & Ranches,Wholesale Grower; On-Farm / Ranch Sales,11221 E County Rd 110 N,Hooper,Alamosa,81136,(719) 378-2299,jonesfarms1925@gmail.com,https://www.jonesfarmsorganics.com,https://www.facebook.com/JonesFarmsOrganics,,,,"Organic specialty potatoes, Heirloom wheat, Rye, Millet, Pinto Beans, Peas, Pasture-raised chicken",,Yes,37.738582,-105.85486,Colorado Proud Farm Fresh Directory; Colorado Proud member directory
Jones Homemade Pickles,Shops & Grocers,Food Maker,39344 Boulevard D,Eaton,Weld,80615,(720) 636-2346,,,,,,,Pickles & Pickled Products,,,40.571667,-104.585696,Colorado Proud member directory
"Julie Comer, LLC Dan AnyTime Pancakes",Shops & Grocers,Grocery Store,2312 Purdue Rd,Fort Collins,Larimer,80525,(970) 302-0917,,https://www.anytimepancakes.com,https://anytimepancakes,https://anytimepancakes,,,,,,40.55703,-105.072328,Colorado Proud member directory
Juniper Farm,Farms & Ranches,On-Farm / Ranch Sales,PO BOX 878,Carbondale,Garfield,81623,(518) 487-1573,,,,https://www.instagram.com/juniper_farmers/,,,"Flowers, Lettuce",,,39.402205,-107.211163,Colorado Proud member directory
"Just Jams & Jellies, LLC",Shops & Grocers,Food Maker,1238 County Road 5,Divide,Teller,80814,(719) 357-9811,,https://www.JustJamsAndJellies.com,http://facebook.com/JustJamsJellies,,,,"Jam, Jam, Jelly & Preserves",,,38.961727,-105.151942,Colorado Proud member directory
Just What Grows Gardens,Farms & Ranches; Agritourism,On-Farm / Ranch Sales; Agritourism,25641 County Road T.9,Brush,Morgan,80723,(970) 370-1712,justwhatgrowsgardens@gmail.com,,https://www.facebook.com/just-what-grows-gardens-owner-stacey-poland-181178215266172,,,,,,,40.275803,-103.66679,USDA local food directories
Kalera,Farms & Ranches,On-Farm / Ranch Sales,18000/50 East 40th Avenue,Aurora,Adams,80011,,,https://kalera.com/,,,,,Greens,,,39.772194,-104.780041,Colorado Proud member directory
Karpe Kitchens,Shops & Grocers,Food Maker,4132 Morley circle,Colorado Springs,El Paso,80916,(719) 339-4949,,,https://www.facebook.com/share/1C144zBxhY/?mibextid=wwXIfr,https://www.facebook.com/share/1C144zBxhY/?mibextid=wwXIfr,,,"Baked Goods, Jam, Jam, Jelly & Preserves, Muffins, Pickles & Pickled Products",,,38.79338,-104.751051,Colorado Proud member directory
Kean Urban Farm,Agritourism,Agritourism,511 Arthur St,Pueblo,Pueblo,81004,(801) 455-4017,kean.hammond@aggiemail.usu.edu,,,,,,,,,38.264205,-104.638175,USDA local food directories
Keelor Family Ranch,Farms & Ranches; CSA & Farm Shares; Agritourism,On-Farm / Ranch Sales; CSA Farm; Agritourism,Sagebrush Ln,Colorado Springs,,80928,(719) 401-2494,keelorfamilyranch@gmail.com,https://keelorfamilyranch.com/,,,,,,,,,,USDA local food directories
Kelsey's Kitchen,Shops & Grocers,Food Maker,920 Cedar Pine Dr R101,Longmont,Boulder,80504,(630) 927-8724,,,,,,,Baked Goods,,,40.141403,-105.095592,Colorado Proud member directory
Kenscott Farms,Farms & Ranches,On-Farm / Ranch Sales,1950 Chambers Rd.,Aurora,Adams,80011,(303) 361-9100,,,,,,,"Beef, Pork",,,39.746599,-104.809362,Colorado Proud member directory
Kiana Creek Ranch,Farms & Ranches,On-Farm / Ranch Sales,1054 South Perry Park Road,Sedalia,Douglas,80135,(720) 805-0118,,https://www.kianacreekranch.com,https://www.facebook.com/KianaCreekRanch,https://www.instagram.com/kianacreekranch/,,,Beef,,,39.347094,-104.965992,Colorado Proud member directory
Kilt Farm,CSA & Farm Shares,CSA Farm,8140 Oxford Rd,Longmont,Boulder,80503,(970) 846-6233,,http://www.kiltfarm.com,,,,,,,,40.116083,-105.165545,USDA local food directories
kingrestaurantcolorado,Restaurants & Caterers,Restaurant,5660 Barnes Rd Suite 148,Colorado Springs,El Paso,80917,(719) 424-7645,,https://www.kingrestaurantcos.com/,https://www.facebook.com/KingRestaurantCoS/,https://www.instagram.com/kingrestaurantcos/,,,,,,38.894794,-104.722687,Colorado Proud member directory
Kinikin Processing Company LLC,Farms & Ranches,Meat Producer & Packer,1032 6450 Road,Montrose,Montrose,81401,(970) 240-4329,,https://Kinikin.com,https://www.facebook.com/Kinikinprocessing/,https://www.instagram.com/kinikinprocessing/,,,"Meat, Poultry & Game",Yes,,38.488198,-107.883981,Colorado Proud member directory
Kiowa Creek Coaches,Agritourism,Agritourism,14200 Co Rd 7,Mead,Weld,80542,,kiowacreekranch@gmail.com,http://www.kiowac3.com,,,,,,,,40.207237,-104.997657,USDA local food directories
KMP Provisions LLC,Shops & Grocers,Food Maker,4338 Brookwood Dr,Highlands Ranch,Douglas,80130,(303) 435-5717,,https://www.kmpprovisions.com/,,,,,"Apples, Avocados, Bananas, Beans, Blueberries, Corn, Eggs, Fruit, Vegetables",,,39.526849,-104.939131,Colorado Proud member directory
KNAPP FARMS LLC,CSA & Farm Shares; Farm Stands; Farms & Ranches,CSA Farm; Roadside Market; On-Farm / Ranch Sales,29742 STATE HIGHWAY 71,"Rocky Ford, CO",Otero,81067,(719) 254-6265,knappsfarmmarket@gmail.com,https://knappsfarmmarket.com,,,Mon: 8am-6pm; Tue: 8am-6pm; Wed: 8am-6pm; Thu: 8am-6pm; Fri: 8am-6pm; Sat: 8am-6pm; Sun: 8am-6pm,"July, August, September, October","Asparagus, Beets, Bell Peppers, Cantaloupe, Apples, Apricots, Cherries, Chile Peppers, Chile - Roasted, Cucumbers, Pears, Peaches, Onions, Okra, Honeydew, Green Beans, Grapes, Garlic, Eggplant, Pinto Beans, Plums, Potatoes, Pumpkins, Squash, Sweet Corn, Tomatoes, Watermelon, Zucchini, Beef, Eggs, Popcorn",Yes,,38.064881,-103.747622,Colorado Proud Farm Fresh Directory
Koelle Tiny Farms Ltd.,Farms & Ranches,On-Farm / Ranch Sales,2401 North 119th Street,Lafayette,Boulder,80026,(440) 479-7702,,,,https://www.instagram.com/koelletinyfarms/,,,Honey & Honey Products,,,40.02324,-105.076086,Colorado Proud member directory
Koha Farm,Farms & Ranches,On-Farm / Ranch Sales,5124 Timber Ridge Drive,Elizabeth,Elbert,80107,(720) 537-7779,,http://www.kohafarm.com,http://www.facebook.com/kohafarm,http://www.instagram.com/kohafarm,,,"Dairy Product Manufacturing, Events, Fall Events & Activities, Hayrides, Horseback Riding, Hot Dogs (Prepared), Local Delivery, Milk & Dairy Processing, Milk & Dairy Products, Tours, Wagon / Sleigh Rides",,,39.432047,-104.569826,Colorado Proud member directory
Kokopelli Farm Market,Farm Stands,Roadside Market,860 Rapid Creek Rd,Palisade,Mesa,81526,(970) 464-4991,,https://www.kokopelliproduce.com,,,,"June, July, August, September, October","Apples, Apricots, Bell Peppers, Cantaloupe, Carrots, Cherries, Chile Peppers, Chile - Roasted, Cucumbers, Eggplant, Garlic, Green Beans, Onions, Peaches, Pears, Peas, Pinto Beans, Pumpkins, Strawberries, Sweet Corn, Tomatoes, Watermelon, Zucchini, Squash, Beef, Jerky, Pork, Sausage, Baked Goods, Cheese, Eggs, Honey, Jams, Jellies, Pickles, Popcorn",,Yes,39.129066,-108.323977,Colorado Proud Farm Fresh Directory; Colorado Proud member directory
Kold Prairie Mead,Wineries,Winery,,Elizabeth,Elbert,80107,(303) 738-0464,,https://koldprairiemead.com/,https://www.facebook.com/KoldPrairieMead,https://www.instagram.com/koldprairie/,,,"Fruit Wine, Wine",,,39.360266,-104.596915,Colorado Proud member directory
"Kovach Family Farms, LLC",Farms & Ranches,On-Farm / Ranch Sales,754 South Denver Avenue,Ft. Lupton,Weld,80621,,kovachfarms@gmail.com,,,,,,,,,40.070144,-104.810323,USDA local food directories
Kristin's Farm Stand,CSA & Farm Shares,CSA Farm,455 Sherman St,Denver,Denver,80203,(303) 325-2655,info@KristinsFarmStand.com,,https://www.facebook.com/KristinsFarmStand,,,"January, February, March, April, May, June, July, August, September, October, November, December",,,,39.723361,-104.985378,USDA local food directories
Kuepper Farms,Farms & Ranches,On-Farm / Ranch Sales,8701 Woodland Rd,LONGMONT,Boulder,80503,(720) 252-5624,,,,,,,Hay & Forage,,,40.237809,-105.147773,Colorado Proud member directory
La Dolce Vita Ranch,Farms & Ranches,On-Farm / Ranch Sales,1718 Elk Mountain Rd,Guffey,Park,80820,(303) 884-3094,,,,,,,"Beef, Eggs, Lamb",,,38.809205,-105.558903,Colorado Proud member directory
La Fiesta Restaurant,Restaurants & Caterers,Restaurant,2340 Champa Street,Denver,Denver,80205,(303) 292-2800,,https://lafiestadenver.com,https://www.facebook.com/LaFiestaDenver/,https://www.instagram.com/lafiesta_denver/,,,Salsa,,,39.753383,-104.984533,Colorado Proud member directory
La Veta Local Market,Farmers' Markets,Farmers' Market,306 S. Main St.,La Veta,Huerfano,81055,(719) 890-4047,kristina@wahatoya.org,,https://www.facebook.com/p/La-Veta-Farmers-Market-100081771473675/,,Thu: 3:00pm - 5:00pm,,,,,37.507819,-105.009046,USDA local food directories
Ladybug & Bee LLC,Shops & Grocers,Food Maker,1654 W. 113th Ave.,Westmimster,Adams,80234,(720) 785-3010,,,,https://www.instagram.com/ladybug.and.bee/profilecard/?igsh=ZHVvcHo2azdxeHNt,,,"Alfalfa, Bee Keeping, Body Care Products, Condiments & Sauces, Crops & Agricultural Products, Honey, Honey & Honey Products",,,39.902288,-105.007514,Colorado Proud member directory
LadyMoon.Org,CSA & Farm Shares,CSA Farm,1198 Bald Mountain Drive,Livermore,Larimer,80536,(970) 413-9506,,http://ladymoon.org,,,,,,,,40.739255,-105.431563,USDA local food directories
Lafayette Colorado Farmers Market,Farmers' Markets,Farmers' Market,100 N Public Rd,Lafayette,Boulder,80026,(303) 902-2451,info@lafayettefm.com,https://www.lafayettefm.com/,https://www.facebook.com/p/Lafayette-Farmers-Market-61571202432615/,https://instagram.com/lafayettefarmersmarket,Sun: 9am - 1pm,"May, June, July, August, September, October","Apples, Apricots, Asparagus, Beets, Bell Peppers, Broccoli, Brussels Sprouts, Cabbage, Cantaloupe, Carrots, Cauliflower, Celery, Cherries, Chile Peppers, Chile - Roasted, Cucumbers, Eggplant, Garlic, Grapes, Green Beans, Herbs, Honeydew, Kale, Leeks, Lettuce, Microgreens, Mushrooms, Nectarines, Okra, Onions, Peaches, Pears, Peas, Pinto Beans, Plums, Potatoes, Pumpkins, Radishes, Raspberries, Rhubarb, Spinach, Squash, Strawberries, Sweet Corn, Tomatoes, Turnips, Watermelon, Zucchini, Beef, Lamb, Pork, Poultry, Sausage, Baked Goods, Cheese, Eggs, Honey, Jams, Jellies, Pickles, Popcorn, Cider",Yes,,39.998448,-105.090287,Colorado Proud Farm Fresh Directory; Colorado Proud farmers market map; Colorado Farmers Market Association; USDA local food directories; Colorado Proud member directory
Lafayette Garden Design,Farms & Ranches,On-Farm / Ranch Sales,455 N. Lafayette Street,Denver,Denver,80218,(503) 880-7424,,https://www.lafayettegardendesign.com/,,https://www.instagram.com/LafayetteGarden,,,Flowers,,,39.72294,-104.970665,Colorado Proud member directory
Lakewood Farmers' Market,Farmers' Markets,Farmers' Market,9077 W Alameda Ave,Denver,Jefferson,80226,(303) 513-7610,dfmmgrrich@comcast.net,https://www.denverfarmersmarket.com/,https://www.facebook.com/denverfarmersmarket,https://www.instagram.com/metro.denver.farmers.market/,Sat: 10:00am - 2:00pm,"June, July, August, September, October","Fresh produce and goods from local farmers, vendors, and artisans",Yes,,39.711643,-105.098531,Colorado Farmers Market Association
Lancaster Family Farm,Farms & Ranches,On-Farm / Ranch Sales,15 Winding Trail,Ridgway,Ouray,81432,(720) 636-5836,,,https://www.facebook.com/profile.php?id=100083354258196,,,,"Chicken, Chicken (Prepared)",,,38.152587,-107.755616,Colorado Proud member directory
Landmark Greenwood Village Fresh Market,Farmers' Markets,Farmers' Market,7600 Landmark Way,Greenwood Village,Arapahoe,80111,(303) 442-1837,freshmarkets@comcast.net,,https://www.facebook.com/ColoradoFreshMarkets/,,,,,,,39.617653,-104.900374,USDA local food directories
Larimer County Farmers' Market,Farmers' Markets,Farmers' Market,200 W. Oak St.,Fort Collins,Larimer,80524,(970) 498-6000,larimercountyfm@gmail.com,https://www.larimer.gov/extension/larimer-county-farmers-market,https://www.facebook.com/larimercountyfm,https://www.instagram.com/larimercountyfm,Sat: 9am - 1pm,"May, June, July, August, September, October","Apples, Apricots, Asparagus, Beets, Bell Peppers, Broccoli, Brussels Sprouts, Cabbage, Cantaloupe, Carrots, Cauliflower, Celery, Cherries, Chile Peppers, Chile - Roasted, Cucumbers, Eggplant, Garlic, Green Beans, Kale, Herbs, Leeks, Lettuce, Microgreens, Mushrooms, Nectarines, Onions, Peaches, Pears, Peas, Plums, Pinto Beans, Potatoes, Pumpkins, Radishes, Rhubarb, Spinach, Squash, Sweet Corn, Tomatoes, Turnips, Watermelon, Zucchini, Beef, Buffalo, Lamb, Pork, Poultry, Sausage, Baked Goods, Cheese, Eggs, Honey, Jams, Jellies, Pickles, Cider, Juices, Handcrafted Gifts",Yes,,40.585665,-105.079053,Colorado Proud Farm Fresh Directory; Colorado Proud farmers market map; Colorado Farmers Market Association; USDA local food directories
Larimer Street Market,Farmers' Markets,Farmers' Market,2301 Larimer St,Denver,Denver,80205,(303) 534-5140,,,,,,,,,,39.755842,-104.988862,USDA local food directories
Larry Zierer,Agritourism; Farms & Ranches,Agritourism; On-Farm / Ranch Sales,47705 E County Road 34,Bennett,Arapahoe,80102,(303) 644-4110,lzbalpacas@aol.com,,,,,"January, February, March, April, May, June, July, August, September, October, November, December","We offer sales of alpaca related products (yarns, rovings, scarfs, blankets and socks) as well as the alpacas themselves",,,39.625965,-104.426581,Colorado Proud Farm Fresh Directory
Larson Family Farms,Farms & Ranches,On-Farm / Ranch Sales,14977 County Road 97,Haxtun,Logan,80731,(970) 629-5330,,https://www.larsonfamilyfarms1909.com,https://www.facebook.com/profile.php?id=61566348557905,,,,Popcorn & Popcorn Products,,,40.656332,-102.665465,Colorado Proud member directory
Latina Salsas,Shops & Grocers,Food Maker,3600 E 40th Ave,Denver,Denver,80236,(720) 205-9456,,https://latinasalsas.com,,,,,Salsa,,,39.772308,-104.945,Colorado Proud member directory
Laughing Buck Farm,Farms & Ranches,On-Farm / Ranch Sales,3724 North County Road 13,Fort Collins,Larimer,80524,(970) 203-4568,laughingbuckfarm@gmail.com,https://www.laughingbuckfarm.com,https://www.facebook.com/laughingbuckfarm,,,,,,,40.640424,-105.05668,USDA local food directories
Laurie Lee's Bees,Farms & Ranches,On-Farm / Ranch Sales,42465 Territory Way,Parker,Elbert,80138,(172) 095-1147,,,,,,,Honey & Honey Products,,,39.483841,-104.62697,Colorado Proud member directory
Lavender Association of Colorado,Agritourism,Agritourism,PO Box 582,Palisade,Mesa,81526,,info@coloradolavender.org,https://www.ColoradoLavender.org,https://www.facebook.com/ColoradoLavender,https://www.instagram.com/ColoradoLavender,Fri: 9 a.m. - 4 p.m.; Sat: 9 a.m. - 4 p.m. and 6 p.m.- 10 p.m.; Sun: 10 a.m. - 4 p.m.,June,"Herbs, Lavender, Handcrafted Gifts",,,39.104602,-108.36254,Colorado Proud Farm Fresh Directory
Laz U 2 Bar Goat Dairy & Farm,Farms & Ranches,On-Farm / Ranch Sales,10530 County Road 15,Del Norte,Rio Grande,81132,(719) 850-9914,lazu2bar@gmail.com,,,,,"January, February, March, April, May, June, July, August, September, October, November, December","Beef, Pork, Lamb, Cheese, Tours - come meet the ""girls"" and hug a baby goat or scotty calf",,,37.695321,-106.48143,Colorado Proud Farm Fresh Directory
Lazar Family Bakehouse,Shops & Grocers,Bakery,4000 E Quincy Ave,Cherry Hills Village,Arapahoe,80113,(303) 990-0779,,https://www.lazarfamilybakehouse.com,,,,,"Baked Goods, Cookies",,,39.63674,-104.943266,Colorado Proud member directory
Lazy 3X Ranch,Farms & Ranches,On-Farm / Ranch Sales,561 South Road,Mack,Mesa,81525,(970) 640-6612,,https://lazy3xranch.com,https://facebook.com/lazy3xranches/,https://instagram.com/lazy_3x_ranches/,,,Beef,,,39.28204,-108.946069,Colorado Proud member directory
Lazy acre beef,Farms & Ranches,On-Farm / Ranch Sales,205 Yankee Creek Trail,Evergreen,Clear Creek,80439,(720) 324-6848,,https://shoplazyacrebeef.com/,https://www.facebook.com/lazyacrenaturalbeef,https://www.instagram.com/lazyacrebeef/?hl=en,,,"Meat, Poultry & Game Processing",,,39.617502,-105.429185,Colorado Proud member directory
Lazy Acres Ranch LLC,Farms & Ranches,On-Farm / Ranch Sales,13912 N 87th st,Longmont,Boulder,80503,(303) 709-9176,lazyacresranchco@gmail.com,https://www.lazy-acres-ranch.com,https://www.facebook.com/profile.php?id=61559752634837,https://www.instagram.com/lazyacresranch?igsh=aGNuMWg3dW1lZTdw,,"January, March, February, April, May, June, July, August, September, October, November, December","Pork, Poultry, Sausage, Rabbit, Eggs",,,40.227921,-105.149196,Colorado Proud Farm Fresh Directory; Colorado Proud member directory
LaZyB Acres Alpacas,Farms & Ranches,On-Farm / Ranch Sales,47705 E County Road 34,Bennett,Arapahoe,80102,(303) 644-4110,,,,,,,"Fiber, Livestock Production Services, School Tours",,,39.627346,-104.428218,Colorado Proud member directory
"LDF, Inc. dba Longmont Dairy Farm",Farms & Ranches,On-Farm / Ranch Sales,920 Coffman Street,Longmont,Boulder,80501,(303) 776-8466,,https://www.longmontdairy.com,https://www.facebook.com/LongmontDairy,,,,Milk & Dairy Products,,,40.174794,-105.103419,Colorado Proud member directory
Leafcutter Farms,Farms & Ranches,On-Farm / Ranch Sales,1632 highway 550,durango,La Plata,81303,(720) 289-0725,,https://www.leafcutterfarms.com/,,https://www.instagram.com/leafcutterfarms/?hl=en,,,Mushrooms,Yes,,37.021204,-107.873636,Colorado Proud member directory
Ledingham Livestock,Farms & Ranches,On-Farm / Ranch Sales,56145 CR 21,Carr,Weld,80612,(970) 218-5929,ledinghamlivestock@gmail.com,https://www.ledinghamlivestock.com,https://www.facebook.com/ledinghamlivestock,https://www.instagram.com/ledingham.livestock/,Sat: 8 a.m. - 12 p.m.,"January, February, March, April, May, June, July, August, September, October, November, December","Beef, Lamb, Handcrafted Gifts",,,40.814748,-104.869647,Colorado Proud Farm Fresh Directory
Lee's Bees,Shops & Grocers,Food Maker,1243 Mulberry Lane,Highlands Ranch,Douglas,80129,,,,https://www.facebook.com/leesbeescoloradohoney/,https://www.instagram.com/leesbeesco/,,,Honey,,,39.538807,-105.002653,Colorado Proud member directory
Legacy Meats,Farms & Ranches,On-Farm / Ranch Sales; Meat Producer & Packer,402 5th Street 271,Kersey,Weld,80644,(970) 352-3677,belliottcattle@gmail.com,https://legacymeats.net,https://www.facebook.com/photo/?fbid=464881828970446&set=a.464881845637111,,Tue: 9a-3pm; Wed: 9a-3pm; Thu: 9a-3pm; Fri: 9a-3pm,"January, February, March, April, May, June, July, August, September, October, November, December",Beef,,,40.386708,-104.559399,Colorado Proud Farm Fresh Directory; Colorado Proud member directory
Lela’s Honey LLC,Farms & Ranches,On-Farm / Ranch Sales,53290 E 26th Ave,Strasburg,Adams,80136,(303) 668-9432,,https://www.lelashoney.com,,https://www.instagram.com/lelas.honey?igsh=ZGh5ajJkNDN2ZDlv&utm_source=qr,,,"Baked Goods, Bee Keeping, Crafts, Cultural Events & Activities, Easter Events & Activities, Educational Seminars, Fall Events & Activities, Fourth of July Events & Activities, Halloween Events & Activities, Honey, Honey & Honey Products, Local Delivery, Retreats, School Tours, Seasonal Events & Activities, Services - Food & Agricultural, Sugars, Syrups, Thanksgiving Events & Activities, Tours",,,39.750981,-104.361119,Colorado Proud member directory
Lenz Family Farms,Farms & Ranches,On-Farm / Ranch Sales,29220 County Road 54,Holyoke,Yuma,80734,(970) 332-5499,,https://www.lenzfamilyfarms.com,,https://www.instagram.com/lenzfamilyfarms/,,,Potatoes,,,40.351356,-102.259361,Colorado Proud member directory
Lewis Lazy L Ranch,Farms & Ranches,On-Farm / Ranch Sales,7980 CR 250,Salida,Chaffee,81201,(719) 850-3440,Kate.dvm93@gmail.com,,https://www.facebook.com/myredcows/,,,,Beef/Meat,,,38.53126,-106.117607,Chaffee Provides
Life Cycles Pasture,Farms & Ranches,On-Farm / Ranch Sales,1875 Locust Rd,Montrose,Montrose,81401,(541) 350-4261,batw2012@gmail.com,,https://www.facebook.com/pages/Life-Cycles-Pasture/400632466741298?ref=bookmarks,,,,,,,38.491708,-107.8606,USDA local food directories
Little Bread Hen Baking Company,Shops & Grocers,Food Maker,221 TEXAS AVE,Grand Junction,Mesa,81501,(970) 822-5326,,,https://www.facebook.com/profile.php?id=61554820554669,,,,"Baked Goods, Bread",,,39.0817,-108.569175,Colorado Proud member directory
Little Finch,Shops & Grocers; Restaurants & Caterers,Bakery; Restaurant,1490 16th Street Mall,Denver,Denver,80202,(303) 728-9746,,https://www.oliveandfinch.com/little-finch,https://www.facebook.com/people/Little-Finch/100084377987885/,https://www.instagram.com/littlefinchdenver/,,,Baked Goods,,,39.750424,-104.999124,Colorado Proud member directory
Little h Farm,Farms & Ranches,On-Farm / Ranch Sales,1675 Birch St,Cañon City,Fremont,81212,(719) 431-9935,,https://www.littlehfarm.farm,https://www.facebook.com/thelittlehfarm/,,,,"Crops & Agricultural Products, Eggs, Meat, Poultry & Game",,,38.418427,-105.219446,Colorado Proud member directory
Little Spouse Bread House,Shops & Grocers,Bakery,324 Judson St,Longmont,Boulder,80501,(303) 949-7921,,,,,,,Bread,,,40.167753,-105.117467,Colorado Proud member directory
Little Stone Farm,Farm Stands,Roadside Market,4025 Arleigh Dr,Berthoud,Larimer,80513,(303) 709-4859,,https://littlestonefarm.com,https://facebook.com/littlestonefarm,https://www.instagram.com/littlestonefarm/,,,"Flowers, Herbs, Vegetables",,,40.277928,-105.149587,Colorado Proud member directory
Live Stream Gardens,Farm Stands,Roadside Market,706 West Geneseo Street,Lafayette,Boulder,80026,(775) 293-1860,,,,https://instagram.com/livestreamgardens,,,"Basil, Bok Choy, Broccoli, Lettuce, Peas, Peas, Radishes, Sunflower",,,39.998995,-105.09877,Colorado Proud member directory
Living Water Fibers and Alpacas,Agritourism,Agritourism,3208 CR 18 North,Craig,,81625,,Info@livingwaterfibersandalpacas.com,https://livingwaterfibersandalpacas.com/,,,,,,,,,,USDA local food directories
Living Water Ranch,Farms & Ranches,On-Farm / Ranch Sales; Meat Producer & Packer,1551 W County Road 80C,Livermore,Larimer,80536,(970) 219-8001,,https://www.livingwaterranchcolorado.com/,https://www.facebook.com/livingwaterranch/,,,,Beef,,,40.821703,-105.272586,Colorado Proud member directory
Llama Trekking by Lookin Up Outfitters,Farms & Ranches; Agritourism,On-Farm / Ranch Sales; Agritourism,PO Box 1256,Westcliffe,Custer,81252,(719) 371-4839,,http://www.llamatrekwestcliffe.com,,,,,Llama,,,38.134722,-105.465835,Colorado Proud member directory
Lmc,Shops & Grocers,Food Maker,4067 SHERIDAN AVE,Loveland,Larimer,80538,(970) 988-7776,,,,,,,Bread,,,40.434507,-105.084535,Colorado Proud member directory
Local Brands Farm and Ranch Markets Cooperative,Wholesale & Food Hubs,Food Hub,9971 Cr 141,Hesperus,La Plata,81326,(970) 799-1090,,,https://www.facebook.com/lbfarmcoop,,,,,,,37.196601,-108.05087,USDA local food directories
Lockhart Honey Farms,Farms & Ranches,On-Farm / Ranch Sales,2729 Farabaugh Lane,Pueblo,Pueblo,81004,(719) 204-4323,,https://lockharthoneyfarms.com,https://www.facebook.com/lockharthoneyfarms,https://www.instagram.com/lockharthoneyfarms,,,"Honey, Honey & Honey Products",,,38.215469,-104.643213,Colorado Proud member directory
LoCo Food Distribution,Wholesale & Food Hubs,Food Hub,229 N U.S. Hwy 287,Fort Collins,Larimer,80524,(970) 493-3663,info@LoCoFoodDistribution.com,http://www.locofooddistribution.com,https://www.facebook.com/LoCoFoodDistribution,,,"January, February, March, April, May, June, July, August, September, October, November, December",,,,40.618015,-105.0804,USDA local food directories
Lollipop & Co.,Shops & Grocers,Grocery Store,307 Main Street,Westcliffe,Custer,81252,(719) 367-4325,,https://www.lollipopnco.com/,https://www.facebook.com/Lollipop-Co-113947934537952/,https://instagram.com/lollipopandcompany?igshid=NWRhNmQxMjQ=,,,"Candy & Confections, Popcorn & Popcorn Products",,,38.13633,-105.466921,Colorado Proud member directory
Lone Pine Alpacas,Agritourism,Agritourism,19605 Oslo Grove,Colorado Springs,El Paso,80908,,,,,,,,,,,39.115501,-104.68742,USDA local food directories
Lone Tree Farmers' Market,Farmers' Markets,Farmers' Market,8585 S. Yosemite St.,Lone Tree,Douglas,80124,(303) 621-8081,simmons03@att.net,,,,,,,,,39.561532,-104.881202,USDA local food directories
Long Shadow Farm,Farms & Ranches,On-Farm / Ranch Sales,101 Bothun Road,Berthoud,Larimer,80513,(970) 232-6667,,,https://www.facebook.com/LShadowF,https://www.instagram.com/long.shadow.farm,,,"Beef, Chicken, Chicks, Duck, Eggs, Lamb, Pork, Quail, Turkey",,,40.296245,-105.139264,Colorado Proud member directory
Long's Gardens,U-Pick; Agritourism; Farms & Ranches,U-Pick; Agritourism; On-Farm / Ranch Sales,3240 Broadway St,Boulder,Boulder,80304,(303) 442-2353,info@longsgardens.com,https://www.longsgardens.com,,https://www.instagram.com/longsgardens,,"April, May, June",Flowers,,,40.034475,-105.281374,Colorado Proud Farm Fresh Directory; Colorado Proud member directory
Longmont Farmers Market,Farmers' Markets,Farmers' Market,9595 Nelson Rd Unit D,Longmont,Boulder,80501,(720) 612-8185,hello@bcfm.org,https://bcfm.org/markets/longmont-farmers-market/,https://www.facebook.com/LongmontFarmersMarket,https://www.instagram.com/longmontfarmersmarket/,Sat: 8:00 a.m. - 1:00 p.m.,"April, May, June, July, August, September, October, November","Apples, Apricots, Asparagus, Beets, Bell Peppers, Broccoli, Cabbage, Cantaloupe, Carrots, Cauliflower, Celery, Cherries, Chile Peppers, Chile - Roasted, Cucumbers, Eggplant, Garlic, Green Beans, Herbs, Honeydew, Kale, Leeks, Lettuce, Microgreens, Mushrooms, Nectarines, Okra, Onions, Peaches, Pears, Peas, Pinto Beans, Plums, Potatoes, Pumpkins, Radishes, Raspberries, Rhubarb, Spinach, Squash, Strawberries, Sweet Corn, Tomatoes, Turnips, Watermelon, Zucchini, Beef, Lamb, Pork, Sausage, Jerky, Baked Goods, Cheese, Eggs, Honey, Jams, Jellies, Pickles, Popcorn",Yes,,40.155552,-105.129036,Colorado Proud Farm Fresh Directory; Colorado Proud farmers market map
Longroots Ranch,Farms & Ranches,On-Farm / Ranch Sales,8023 Hygiene Road,Longmont,Boulder,80503,(603) 667-5677,,https://www.longrootsranch.com/,https://www.facebook.com/profile.php?id=61577721011379,https://www.instagram.com/longrootsranch,,,"Furs / Hides / Pelts, Lamb, Pork",,,40.189848,-105.165924,Colorado Proud member directory
"Los Rios Farm, LLC",Farms & Ranches,On-Farm / Ranch Sales,1528 South County Road 17,Berthoud,Larimer,80513,(970) 381-8238,,,https://www.facebook.com/LosRiosFarm/,https://www.instagram.com/LosRiosFarm,,,"Alfalfa, Barley, Beans (Field/Dry), Buckwheat, Garlic, Grain & Cereal Products, Grass-Legume, Hamburgers, Hay & Forage, Herbs, Livestock - Beef Cattle, Pork, School Tours, Spinach, Tomatoes, Vegetables, Wheat",,,40.277816,-105.091753,Colorado Proud member directory
Lost Greens Farm,CSA & Farm Shares,CSA Farm,3701 Gilpin St,Denver,Denver,80216,(970) 631-3623,,https://lostgreensfarm.substack.com,,,,,,,,39.768211,-104.967252,USDA local food directories
Lost Rock Farm,Farms & Ranches,On-Farm / Ranch Sales,,Broomfield,Broomfield,,(610) 223-6127,,,https://facebook.com/lostrockfarm,https://instagram.com/lostrockfarm,,,"Beans, Beets, Carrots, Cauliflower, Chard, Cucumbers, Eggplant, Flowers, Greens, Herbs, Hot Peppers (Chili Peppers), Kale, Lettuce, Peas, Peas, Peppers, Tomatoes, Turnips",,,39.920541,-105.08665,Colorado Proud member directory
Lotus Asian Market,Shops & Grocers,Grocery Store,844 S Buckley Rd.,Aurora,Arapahoe,80017,(303) 752-3235,,,,,,,"Baked Goods, Beverage Products, Condiments & Sauces, Rice, Vegetables",Yes,,39.701285,-104.790259,Colorado Proud member directory
Louisville Farmers Market,Farmers' Markets,Farmers' Market,824 Front Street,Louisville,Boulder,80027,(303) 902-2451,kellyenterprisesltd@gmail.com,https://realfarmersmarketco.com,https://www.facebook.com/LouisvilleFarmersMarket/,https://instagram.com/realfarmersmarket,Sat: 9am - 1pm,"May, June, July, August, September, October","Apples, Apricots, Asparagus, Beets, Bell Peppers, Broccoli, Brussels Sprouts, Cabbage, Cantaloupe, Carrots, Cauliflower, Celery, Cherries, Chile Peppers, Chile - Roasted, Cucumbers, Eggplant, Garlic, Green Beans, Herbs, Honeydew, Kale, Leeks, Lettuce, Microgreens, Mushrooms, Nectarines, Okra, Onions, Peaches, Pears, Peas, Plums, Potatoes, Pumpkins, Radishes, Rhubarb, Spinach, Squash, Sweet Corn, Tomatoes, Turnips, Watermelon, Zucchini, Beef, Buffalo, Jerky, Pork, Sausage, Alaskan Salmon, Crab and Cod, Baked Goods, Cheese, Eggs, Honey, Jams, Jellies, Pickles, Juices, Handcrafted Gifts",Yes,,39.97841,-105.130758,Colorado Proud Farm Fresh Directory; Colorado Proud farmers market map; USDA local food directories
Loutzenhiser Cattle Company,Farms & Ranches,On-Farm / Ranch Sales,10599 County Road 2,Flagler,Kit Carson,80815,(970) 302-9804,,http://loutzenhisercattle.com,,,,,"Antelope, Beef, Bred Cows, Bred Heifers, Cow-Calf Pairs, Coyote, Feeder Calves, Hamburgers, Hay & Forage, Straw, Yearling / Open Heifers",,,39.193059,-103.118069,Colorado Proud member directory
Loveland East Farmers Market at Jax,Farmers' Markets,Farmers' Market,950 E.Eisenhower Blvd,Loveland,Larimer,80537,(970) 231-2020,,,https://www.facebook.com/p/Loveland-East-Farmers-Market-at-Jax-100083436094676/,,,,,,,40.407233,-105.064051,USDA local food directories
Loveland Farmers Market at Fairgrounds Park,Farmers' Markets,Farmers' Market,700 S Railroad Ave,Loveland,Larimer,80537,(970) 962-2446,kerry.helke@cityofloveland.org,https://www.lovgov.org/services/parks-recreation/events/farmers-market,https://www.facebook.com/CityofLovelandFarmersMarket/,https://www.instagram.com/lovelandcofarmersmarket,Sun: 9:00am - 1:00pm,"June, July, August, September","Local produce, dairy, meat, poultry, baked goods, craft beer, bath and body care, artisan goods, and concessions",Yes,,40.388396,-105.079162,Colorado Proud Farm Fresh Directory; Colorado Proud farmers market map; Colorado Farmers Market Association; USDA local food directories; Colorado Proud member directory
Loveland Farmers' Market,Farmers' Markets,Farmers' Market,3133 N. Garfield,Loveland,Larimer,80538,(970) 495-4889,,https://www.fortnet.org/market,,,,,,,,40.424516,-105.077557,USDA local food directories
Loveland Green Market,Farmers' Markets,Farmers' Market,4229 W. Eisenhower Blvd.,Loveland,Larimer,80537,(970) 495-4889,fcfm2008@wildblue.net,http://www.fortnet.org/market/,,,,,,,,40.40732,-105.137465,USDA local food directories
Loveland West Farmers Market at JAX,Farmers' Markets,Farmers' Market,2665 W Eisenhower Blvd,Loveland,Larimer,80537,(970) 231-2020,treatsbyagnes@hotmail.com,,https://www.facebook.com/LovelandWestFarmersMarket/,https://www.instagram.com/loveland.west.farmers.market/,Tue: 9 a.m. - 1 p.m.,"April, May, June, July, August, September, October, November","Apples, Apricots, Asparagus, Beets, Bell Peppers, Broccoli, Brussels Sprouts, Cabbage, Cantaloupe, Carrots, Cauliflower, Celery, Cherries, Chile Peppers, Chile - Roasted, Cucumbers, Eggplant, Garlic, Green Beans, Herbs, Honeydew, Kale, Leeks, Lettuce, Microgreens, Mushrooms, Nectarines, Okra, Onions, Peaches, Pears, Peas, Pinto Beans, Plums, Potatoes, Pumpkins, Radishes, Raspberries, Rhubarb, Spinach, Squash, Strawberries, Sweet Corn, Tomatoes, Turnips, Watermelon, Zucchini, Corn, Beef, Pork, Sausage, Baked Goods, Eggs, Honey, Jams, Jellies, Pickles, Popcorn, Handcrafted Gifts, Hot Sauce, Tamales, House Plants, Dumplings, GF Items, Ice Cream, Snow Cones, Face Painting",Yes,,40.407437,-105.113024,Colorado Proud Farm Fresh Directory; Colorado Proud farmers market map; Colorado Farmers Market Association
Lower Valley Pumpkin Patch and Corn Maze,Agritourism,Agritourism,23 And L Road,Grand Junction,Mesa,81505,(970) 270-7060,constableslowervalleyag@msn.com,,,,,,,,,39.17862,-108.62674,USDA local food directories
Lowry Farmers' Market,Farmers' Markets,Farmers' Market,7581 E. Academy Blvd.,Denver,Denver,80230,(303) 587-8721,wilson@eventfulpro.com,,,,,,,,,39.720195,-104.897015,USDA local food directories
"Luark Ranch & Outfitters, LLC",Farms & Ranches; Agritourism; Shops & Grocers,On-Farm / Ranch Sales; Agritourism; Food Maker,2834 Luark Road,Burns,Eagle,80426,(970) 653-4324,,,,,,,Beef,,,39.897388,-106.924055,Colorado Proud member directory
Lucky Lockette Ranch LLC,Farms & Ranches,On-Farm / Ranch Sales; Meat Producer & Packer,227 Hazle Ln,Wetmore,Custer,81253,(303) 229-5869,,,,,,,Beef,,,38.238059,-105.084711,Colorado Proud member directory
Lukens Farms,Agritourism; Farms & Ranches,Agritourism; On-Farm / Ranch Sales,320 East State Highway 14,Fort Collins,Larimer,80524,(303) 579-2668,Lukensfarms@gmail.com,,https://www.facebook.com/lukensfarms,,,,,,,40.619239,-105.080594,USDA local food directories
Lulu's Farm Roadside Market,Farm Stands,Roadside Market,13201 E 144th Ave,Brighton,Adams,80601,(303) 659-3300,info@lulusfarm.com,http://lulusfarm.com,https://www.facebook.com/Lulusfarm/,,Mon-Sun: 9:00am - 6:00pm,,"Fresh produce (peaches, sweet corn, chiles, tomatoes, vegetables, fruit, herbs), roasted green chile, naturally raised beef, frozen chili and spice blends, smokers/grills, propane, outdoor furniture and storage",,,39.957823,-104.835218,USDA local food directories
Lunch Wired,Shops & Grocers; Restaurants & Caterers,Bakery; Caterer,"12201 E. Arapahoe Rd., Unit C-3",Centennial,Arapahoe,80112,(720) 292-6174,,https://www.lunchwired.com,https://www.facebook.com/lunchwired,https://www.instagram.com/lunch_wired/?hl=en,,,"Baked Goods Manufacturing, Prepared Food, Prepared Food Manufacturing, Snack Food Products",,,39.595701,-104.847182,Colorado Proud member directory
Lupita's,Restaurants & Caterers,Restaurant,222 E Main Street,Oak Creek,Routt,80467,(970) 846-5940,,https://www.lupitascantina.com,https://www.facebook.com/lupitascantina,https://www.instagram.com/lupitastacotemple,,,Condiments & Sauces,,,40.275785,-106.955844,Colorado Proud member directory
Lusk Farms Farmers Market,Farm Stands,Roadside Market,26020 West US Highway 50,La Junta,Otero,81050,(719) 384-6200,,,https://www.facebook.com/p/Lusk-Farms-Farmers-Market-100057364211893/,,,,,,,38.004069,-103.60092,USDA local food directories
Lyons Farmers Market,Farmers' Markets,Farmers' Market,350 4th Ave,Lyons,Boulder,80540,(423) 443-2440,abundant.spaces@gmail.com,https://fosterabundantspaces.com,,https://instagram.com/abundant.spaces,Sun: 9am - 1pm,"May, June, July, August, September, October","Cucumbers, Cauliflower, Carrots, Cabbage, Brussels Sprouts, Broccoli, Bell Peppers, Beets, Apples, Eggplant, Garlic, Green Beans, Herbs, Kale, Leeks, Lettuce, Microgreens, Mushrooms, Onions, Peaches, Plums, Potatoes, Pumpkins, Radishes, Spinach, Squash, Tomatoes, Turnips, Zucchini, Beef, Lamb, Pork, Poultry, Baked Goods, Eggs, Honey, Jams, Pickles, Popcorn, Juices, Handcrafted Gifts",,,40.222011,-105.269837,Colorado Proud Farm Fresh Directory; Colorado Proud farmers market map
M & H Ag llc,Farms & Ranches,On-Farm / Ranch Sales,42495 lamborn mesa rd,Paonia,Delta,81428,,,,,,,,"Beans, Crops & Agricultural Products, Nut & Seed Products, Vegetables",,Yes,38.842562,-107.567204,Colorado Proud member directory
Maggie’s Bread and Butter LLC,Shops & Grocers,Bakery; Food Maker,701 Applegate Trail,Ault,Weld,80610,(501) 593-0698,,http://www.magsbakesbread.com,https://www.facebook.com/share/1DjDerR5dP/?mibextid=wwXIfr,http://www.instagram.com/magsbakesbread,,,"Bagels, Baked Goods, Bread, Cookies",,,40.586104,-104.742188,Colorado Proud member directory
Magic Sourdough,Shops & Grocers,Food Maker,2591 Legacy Way,Grand Junction,Mesa,81503,(970) 623-4126,,https://www.magicsourdough.com/,,,,,"Baking Mixes & Supplies, Bread",,Yes,39.047333,-108.574101,Colorado Proud member directory
Maker Meadows,Shops & Grocers,Food Maker,,,,,,,,,,,,,,,,,Colorado Proud member directory
Malara Gardens,Garden Centers; Farms & Ranches,Garden Center / Greenhouse; On-Farm / Ranch Sales,7190 Kipling St,Arvada,Jefferson,80004,(303) 424-1452,lisa@malaragardens.com,https://www.malaragardens.com,https://www.facebook.com/malaragardens,https://instagram.com/malaragardens,,"March, April, May, June, July, August, September, October, November, December","Apples, Apricots, Asparagus, Beets, Bell Peppers, Broccoli, Cabbage, Cantaloupe, Cauliflower, Cherries, Chile Peppers, Chile - Roasted, Cucumbers, Eggplant, Garlic, Green Beans, Herbs, Lettuce, Nectarines, Onions, Peaches, Pears, Peas, Pinto Beans, Plums, Potatoes, Pumpkins, Rhubarb, Squash, Sweet Corn, Tomatoes, Watermelon, Zucchini, Honey, Jams, Jellies, Pickles, Cider, Juices, Christmas Trees",,,39.826746,-105.109335,Colorado Proud Farm Fresh Directory; Colorado Proud member directory
Mallory Mini Farm,Farms & Ranches,On-Farm / Ranch Sales,7513 County Road 16,Frederick,Weld,80530,(970) 308-5860,,,https://www.facebook.com/MalloryMiniFarm,,,,"Beef, Eggs",,,40.102396,-104.914201,Colorado Proud member directory
Mancos Valley Farmers Market,Farmers' Markets,Farmers' Market,150 Grand Ave,Mancos,Montezuma,81328,(970) 533-7725,info@mancosvalleyresources.com,https://www.mancosvalleyresources.com/2019/07/mancos-farmers-market/,https://www.facebook.com/MancosValleyFarmersMarket,https://www.instagram.com/mancos_valley_farmers_market/,Thu: 4:00pm - 7:00pm,"June, July, August, September, October",High-quality products from local Mancos Valley producers of all kinds,Yes,,37.345658,-108.287712,Colorado Farmers Market Association; USDA local food directories
Manitou Winery,Wineries,Winery,934/STE 108 Manitou Avenue,Manitou Springs,El Paso,80829,(719) 685-1030,,http://winerymsprings.com/,https://www.facebook.com/,https://instagram.com/manitouwinery,,,Wine,,,38.859326,-104.918061,Colorado Proud member directory
Marc Arnusch Farms,Farms & Ranches; Shops & Grocers,On-Farm / Ranch Sales; Food Maker,33521 County Road 16,Keenesburg,Weld,80643,(303) 732-4074,,https://arnuschfarms.com,https://www.facebook.com/arnuschfarms,https://www.instagram.com/arnuschfarms/?next=%2F,,,"Alfalfa, Barley, Corn, Crops & Agricultural Products, Grain & Cereal Products, Hay & Forage, Haylage, Sorghum, Straw, Value-Added Food Products, Value-Added Non-Food Products, Wheat",,,40.102445,-104.422252,Colorado Proud member directory
Marczyk Fine Foods,Shops & Grocers,Grocery Store,4850 E 39th Ave,Denver,Denver,80207,(720) 738-3216,,https://marczykfinefoods.com/,,,,,"Baked Goods, Beef, Bread, Lamb, Pork, Prepared Food, Snack Food Products",Yes,Yes,39.771427,-104.931311,Colorado Proud member directory
Marigold Livestock Co.,Farms & Ranches,On-Farm / Ranch Sales,543 Hooks Spur Road,Basalt,Eagle,81621,,,https://www.marigoldlivestock.com,,https://@marigoldlivestock.com,,,"Chicken, Lamb, Turkey",,,39.379638,-107.091395,Colorado Proud member directory
Market on Main St. (The Triangle Oasis),Shops & Grocers,Farm Store,125 N. F St,Salida,Chaffee,,,thetriangleoasis@gmail.com,https://www.thetriangleoasis.com/markets,,,,,"Food, produce, veggies, flowers, locally made goods",,,38.536706,-105.991271,Farmers market vendor lists
Market on the Plaza,Farmers' Markets,Farmers' Market,Heritage Plaza,Mountain Village,San Miguel,81435,(970) 369-8606,marketontheplaza@mtnvillage.org,https://townofmountainvillage.com/explore/market-on-the-plaza/,https://www.facebook.com/townofmountainvillage,https://instagram.com/townofmountainvillage,Wed: 11 a.m. - 4 p.m.,"June, July, August, September","Apples, Apricots, Asparagus, Beets, Bell Peppers, Cabbage, Cantaloupe, Carrots, Cherries, Cucumbers, Green Beans, Herbs, Kale, Lettuce, Microgreens, Nectarines, Onions, Peaches, Eggplant, Garlic, Pumpkins, Potatoes, Radishes, Spinach, Squash, Strawberries, Sweet Corn, Tomatoes, Turnips, Watermelon, Zucchini, Beef, Lamb, Pork, Sausage, Baked Goods, Cheese, Eggs, Honey, Jams, Jellies, Popcorn, Pickles, Cider, Juices, Handcrafted Gifts, Free Wine Tastings",,,37.936061,-107.847985,Colorado Proud Farm Fresh Directory; Colorado Proud farmers market map
Marketplace Bakery,Shops & Grocers,Bakery,1515/# 1B Main Street,Longmont,Boulder,80501,(303) 666-5544,,,,,,,"Baked Goods, Bread",,,40.185286,-105.103136,Colorado Proud member directory
Marlow Ranch,Farms & Ranches,On-Farm / Ranch Sales,5255 North Yoder Road,Yoder,El Paso,80864,(716) 465-4031,,,,,,,,,,38.907079,-104.21692,Colorado Proud member directory
MarsRoom LLC (Gourmet & Medicinal Mushrooms),Farms & Ranches,On-Farm / Ranch Sales,831 East 73rd Avenue,Denver,Adams,80229,(718) 510-4095,,https://marsroom.us,https://www.facebook.com/MarsRoomLLC,https://www.instagram.com/marsroom_mushroom/,,,Mushrooms,,,39.8292,-104.976611,Colorado Proud member directory
Martino Cattle Company LLC,Farms & Ranches,On-Farm / Ranch Sales; Meat Producer & Packer,,,,,(719) 289-1095,,https://spark.adobe.com/page/raV1WUqYA76Lz/,https://facebook.com/pg/martinocattle/menu/,https://www.instagram.com/martinocattle/?hl=en,,,Beef,,,,,Colorado Proud member directory
Masala Mingle Indian Bistro & Bar,Restaurants & Caterers,Restaurant,"326 S Nevada Ave, Colorado Springs, CO 80903",Colorado Springs,El Paso,80903,(719) 426-9437,,https://masalaminglecos.com/,https://www.facebook.com/masalaminglecos,https://www.instagram.com/masalaminglecos/,,,Prepared Food,,,38.82855,-104.82238,Colorado Proud member directory
Mattics Orchards,Farm Stands; Farms & Ranches,Roadside Market; On-Farm / Ranch Sales,8163 High Mesa Road,Olathe,Montrose,81425,(970) 323-5657,TaKerEnt@aol.com,,https://www.facebook.com/matticsorchards,,,"August, September, October","Apples, Apricots, Beets, Bell Peppers, Broccoli, Cabbage, Cantaloupe, Cauliflower, Chile Peppers, Chile - Roasted, Cucumbers, Eggplant, Garlic, Green Beans, Kale, Leeks, Nectarines, Onions, Peaches, Pears, Pinto Beans, Plums, Potatoes, Pumpkins, Squash, Sweet Corn, Tomatoes, Watermelon, Zucchini, Honey, Baked Goods",,,38.573424,-108.004657,Colorado Proud Farm Fresh Directory; Colorado Proud member directory
May Farms,Agritourism; Farms & Ranches,Agritourism; On-Farm / Ranch Sales,64001 US Highway 36,Byers,Arapahoe,80103,,mayfarms@email.com,,https://www.facebook.com/mayfarms,,,,,,,39.715312,-104.239664,USDA local food directories
Mayberry Farm,Farms & Ranches,On-Farm / Ranch Sales,6889 S County Road 185,Byers,Arapahoe,80103,(303) 249-8335,farmatmayberry@gmail.com,https://mayberryfarm.eatfromfarms.com/,,https://instagram.com/Kercher_Ranch,,"January, February, March, April, May, June, July, August, September, October, November, December","Beef, Pork, Poultry, Sausage, Eggs",,,39.590559,-104.195943,Colorado Proud Farm Fresh Directory
Mazzotti Farms llc,Agritourism,Agritourism,"24120 County Road 8 Hudson, Co 80642",Hudson,Weld,80642,(303) 710-2409,amazzotti@aol.com,https://mazzottifarms.com,,,Sat: 10 a.m. - 5 p.m.; Sun: 10 a.m. - 5 p.m.,October,Pumpkins,,,40.043592,-104.600704,Colorado Proud Farm Fresh Directory; USDA local food directories
McClure Orchards - ORGANIC,Agritourism,Agritourism,179 O Road,Paonia,Delta,81428,(970) 527-6241,mccluresorchard@gmail.com,,https://www.facebook.com/mcclures.orchard,,,,,,,38.856595,-107.590707,USDA local food directories
McDevitt Taco Supply,Restaurants & Caterers,Restaurant; Caterer,110/4800 c Baseline Road,Lafayette,Boulder,80026,(720) 515-7543,,,https://Facebook.com/mcdevitttacosupply.com,https://www.instagram.com/tacosupply,,,"Cilantro, Coffee, Corn, Corn Chips, Garlic, Greens, Hot Peppers (Chili Peppers)",,,39.999935,-105.092096,Colorado Proud member directory
McShea Peanuts,Shops & Grocers,Food Maker,,,,,(717) 271-1828,,,,,,,Nuts,,,,,Colorado Proud member directory
McWiggly Worm Farm LLC,Farms & Ranches,On-Farm / Ranch Sales,Pueblo West,Pueblo West,Pueblo,81007,(719) 470-2920,mcwiggly719@gmail.com,,https://www.facebook.com/profile.php?id=61558386928695,,,"March, April, May, June, July, August, September, October","Composting worms, fishing worms, worm castings and worm casting tea/extract",,,38.303149,-104.694083,Colorado Proud Farm Fresh Directory; Colorado Proud member directory
MeadKrieger Meadery LLC,Wineries,Winery,,Loveland,Larimer,80537,(970) 391-9768,,https://www.meadkrieger.com/,https://www.facebook.com/MeadKrieger/,https://www.instagram.com/meadkrieger/,,,Wine,,,40.372134,-105.196079,Colorado Proud member directory
"Meadowlark Garden, LLC",Farm Stands; Shops & Grocers,Roadside Market; Grocery Store,2259 Broadway,Grand Junction,Mesa,81507,(720) 771-9127,,https://www.meadowlarkgardencenter.com/,https://www.facebook.com/MeadowlarkGJ,https://www.instagram.com/meadowlarkgardenmarket/,,,"Beef, Bread, Cheese, Eggs, Fruit, Nursery & Horticulture Products, Pork, Vegetables",,,39.076957,-108.634936,Colorado Proud member directory
Meadows Edge Farm,Farms & Ranches,On-Farm / Ranch Sales,29135 Co Rd 331,Buena Vista,Chaffee,81211,(401) 714-1489,meadowsedgefarmbv@gmail.com,,https://www.facebook.com/meadowsedgefarmbv/,https://www.instagram.com/meadowsedgefarmbv/,,,"Veggies, Spices/Garlic",,,38.840848,-106.155406,Chaffee Provides
Meat Cleaver,Farms & Ranches,Meat Producer & Packer,5334 Tennyson Street,Denver,Adams,80212,(303) 458-7563,,https://www.meatcleavergameprocessing.com,https://www.facebook.com/meatcleaverdenver,https://www.instagram.com/meatcleaverdenver,,,"Beef, Deer (Venison), Elk, Livestock - Beef Cattle, Meat, Poultry & Game Processing",,,39.794584,-105.043276,Colorado Proud member directory
Meat Sweats LLC; DBA: Littleton Meats,Shops & Grocers,Grocery Store,3615/1 West Bowles Avenue,Littleton,Arapahoe,80123,(954) 618-8721,,https://www.littletonmeats.com,https://www.facebook.com/littletonmeats,https://www.instagram.com/littletonmeats,,,"Bread, Coffee, Cured Meat Products, Fruit, Grain & Cereal Products, Honey & Honey Products, Jam, Jam, Jelly & Preserves, Meat, Poultry & Game, Prepared Food Manufacturing, Spices & Seasoning, Vegetables",Yes,,39.610223,-105.034943,Colorado Proud member directory
Meet America Inc.,Farms & Ranches,Meat Producer & Packer,,,,,(970) 759-9217,,,,,,,"Meat, Poultry & Game",,,,,Colorado Proud member directory
Melanie's CO Kitchen,Shops & Grocers,Food Maker,773 Penn Rd.,Elizabeth,Elbert,80107,(303) 731-7830,,https://bakesy.shop/b/melanies-co-kitchen,https://www.facebook.com/share/1EgfdweWq7/,https://www.instagram.com/melaniesco.kitchen?igsh=MXd4OXYzbjdyeTdrZQ==,,,"Bagels, Baked Goods, Bread, Cookies, Muffins, Tortillas",,,39.438581,-104.648676,Colorado Proud member directory
Memorial Park Farmers' Market,Farmers' Markets,Farmers' Market,1605 E. Pikes Peak Ave.,Colorado Springs,El Paso,80916,(719) 574-1284,Email not found,,,,,,,,,38.832714,-104.742835,USDA local food directories
Mercadillo en el Rio,Farmers' Markets; Farms & Ranches,Farmers' Market; On-Farm / Ranch Sales,"6935 CO-17, Alamosa, CO 81101",Alamosa,Alamosa,81101,(719) 937-2319,,https://www.riograndefarmpark.org,https://www.facebook.com/riograndefarmpark/,https://www.instagram.com/riograndefarmpark/,Wed: 3:00pm - 7:00pm,"July, August, September","Produce, Herbs, Prepared Food (food trucks), Regional Vendor Goods",Yes,,37.474796,-105.859693,Colorado Farmers Market Association; Colorado Proud member directory
Mercado Del Norte,Farmers' Markets,Farmers' Market,710 Spruce Street,Del Norte,Rio Grande,81132,(719) 580-4863,,https://www.solmountainfarm.com/,https://www.facebook.com/MercadoDelNorteCO,https://www.instagram.com/mercado_delnorte/,,,Vegetables,Yes,,37.679025,-106.353225,Colorado Proud member directory
Mershops Market Days at Town Center Aurora (Presented by Grateful Garden llc),Farm Stands,Roadside Market,Food Court Parking lot 14200 E Alameda Ave,Aurora,Denver,80012,(720) 619-0619,katrina@gratefulgardenllc.com,,https://www.facebook.com/gratefulgardenllc,https://www.instagram.com/gratefulgarden/,Sat: 10 am - 2pm,"June, July, August, September","Cherries, Chile Peppers, Herbs, Kale, Leeks, Lettuce, Microgreens, Mushrooms, Okra, Nectarines, Peaches, Spinach, Beef, Buffalo, Jerky, Lamb, Pork, Poultry, Sausage, Baked Goods, Eggs, Honey, Jams, Jellies, Pickles, Popcorn, Cheese, Cider",Yes,,39.707505,-104.823877,Colorado Proud Farm Fresh Directory
Mesa Park Fruit Co LLC,Farms & Ranches,On-Farm / Ranch Sales,3321 C Road,Palisade,Mesa,81526,(303) 250-0535,,https://mesaparkfruit.com,https://facebook.com/mesaparkfruit,https://instagram.com/mesaparkfruit,,,"Cherries, Peaches",,,39.046394,-108.436137,Colorado Proud member directory
Mesa Winds Farm and Winery,Wineries; Restaurants & Caterers,Winery; Restaurant,31262 L Road,Hotchkiss,Delta,81419,(970) 399-7491,,https://www.mesawindswinery.com/,https://www.facebook.com/MesaWindsWinery/,https://www.instagram.com/mesawindsfarm/,,,"Apples, Grapes, Peaches, Wine",,Yes,38.81515,-107.779578,Colorado Proud member directory
Metro Denver Farmers' Market at Wheat Ridge,Farmers' Markets,Farmers' Market,4260 Wadsworth Blvd,Wheat Ridge,Jefferson,80033,(303) 887-3276,melina@thepizzabandit.com*larabourdreaux@gmail.com*contact@buyMAHA.com*22uniquephotostj@gmail.com*in,http://www.denverfarmersmarket.com,http://www.facebook.com/denverfarmersmarket,,,,,,,39.77538,-105.08139,USDA local food directories
Metro Denver Farmers' Market-Lakewood,Farmers' Markets,Farmers' Market,9077 W Alameda Ave,Lakewood,Jefferson,80226,(303) 887-3276,melina@thepizzabandit.com*larabourdreaux@gmail.com*contact@buyMAHA.com*22uniquephotostj@gmail.com*in,,,,Sat: 10:00am - 2:00pm,"June, July, August, September, October",,,,39.711028,-105.098822,USDA local food directories
Metro Denver Farmers' Market-Littleton,Farmers' Markets,Farmers' Market,7301 S Santa Fe Dr,Littleton,Arapahoe,80120,(303) 887-3276,melina@thepizzabandit.com*larabourdreaux@gmail.com*contact@buyMAHA.com*22uniquephotostj@gmail.com*in,http://www.denverfarmersmarket.com/index.html,,,,,,,,39.588668,-105.022597,USDA local food directories
Meyer Natural Foods,Farms & Ranches,Meat Producer & Packer,1990 Rocky Mountain Avenue,Loveland,Larimer,80538,(197) 029-2555,,https://www.meyernaturalfoods.com/,,,,,Beef,,,40.411817,-105.001594,Colorado Proud member directory
Micro Farms,CSA & Farm Shares,CSA Farm,7020 W. 61st Ave,Arvada,Jefferson,80003,,,http://microfarmscolorado.com,,,,,,,,39.807371,-105.074662,USDA local food directories
Midnite Cattle Company,Farms & Ranches,On-Farm / Ranch Sales,21602 Colorado 12,Trinidad,Las Animas,81082,(719) 859-0038,,,,,,,Beef,,,37.123473,-104.76362,Colorado Proud member directory
Miette et Chocolat,Shops & Grocers,Bakery,2501 Dallas St,Aurora,Adams,80010,(303) 658-0861,,https://mietteetchocolat.com,,,,,"Baked Goods, Baked Goods Manufacturing, Candy & Confections, Chocolate & Cocoa Products, Chocolate Manufacturing, Cookies, Smoothies",,,39.753048,-104.877388,Colorado Proud member directory
Milagro Foods,Farms & Ranches; Shops & Grocers,On-Farm / Ranch Sales; Food Maker,41322 London Drive,Parker,Elbert,80138,(303) 506-9936,,https://frangiosafarms.com/,https://www.facebook.com/profile.php?id=100083687790991,,,,"Honey & Honey Products, Jam, Jam, Jelly & Preserves",,,39.465547,-104.658656,Colorado Proud member directory
Milan Family Farms,Farms & Ranches,On-Farm / Ranch Sales,6150 Wampum Pt,Fountain,El Paso,80817,(615) 881-3808,,https://stockandsprout.com/profile/l9f16d0pFtZGceo6MmQbaHFZ9L22,https://www.facebook.com/profile.php?id=61558371971210,,,,"Eggs, Meat, Poultry & Game, Milk & Dairy Products, Pork",,,38.565891,-104.71619,Colorado Proud member directory
Milberger Farms at Peppes,Garden Centers; Agritourism; Restaurants & Caterers,Garden Center / Greenhouse; Agritourism; Restaurant,28570 E Us HWY 50,Pueblo,Pueblo,81006,(719) 948-3305,milbergerfarmsatpeppes@gmail.com,https://milbergerfarms.com,https://Facebook.com/WherePuebloChileisKing,,Mon: winter 7am-3pm / summer 7am-5pm; Tue: winter 7am-3pm / summer 7am-5pm; Wed: winter 7am-3pm / summer 7am-5pm; Thu: winter 7am-3pm / summer 7am-5pm; Fri: winter 7am-3pm / summer 7am-8pm; Sat: winter 7am-3pm / summer 7am-5pm; Sun: winter 7am-3pm / summer 7am-5pm,"January, February, March, April, May, June, July, August, September, October, November, December","Asparagus, Beets, Bell Peppers, Broccoli, Cantaloupe, Cauliflower, Chile Peppers, Chile - Roasted, Cucumbers, Apples, Apricots, Cabbage, Cherries, Eggplant, Green Beans, Herbs, Onions, Grapes, Mushrooms, Lettuce, Peaches, Pears, Pinto Beans, Pumpkins, Radishes, Squash, Sweet Corn, Tomatoes, Watermelon, Zucchini, Peas, Plums, Potatoes, Beef, Pork, Sausage, Jerky, Baked Goods, Cheese, Honey, Jams, Jellies, Pickles, Popcorn, Juices",Yes,Yes,38.244555,-104.51925,Colorado Proud Farm Fresh Directory
Mile High Farms,Agritourism,Agritourism,11 Cavanaugh Road,Bennett,Arapahoe,80102,(303) 344-2676,info@milehighfarms.com,,https://www.facebook.com/milehighfarms,,,,,,,39.715936,-104.550811,USDA local food directories
Mile High Mycro Farms,Farm Stands,Roadside Market,7881 Kenwood Street,Commerce City,Adams,80022,(918) 691-4966,,https://www.milehighmycrofarms.co,,https://instagram.com/milehighmycrofarms?igshid=YmMyMTA2M2Y=,,,"Amaranth, Basil, Beets, Broccoli, Chives, Cilantro, Greens, Kale, Microgreens, Mushrooms, Onions, Oyster, Peas, Peas, Radishes, Sunflower, Tomatoes",,,39.839604,-104.918011,Colorado Proud member directory
Mile High Thai,Restaurants & Caterers,Restaurant,810 Vallejo Street,Denver,Denver,80204,(720) 319-8007,,https://www.milehighthai.com,https://www.facebook.com/milehighthaidenver,https://www.instagram.com/milehighthai/,,,"Beef, Catering Services",,,39.729727,-105.012643,Colorado Proud member directory
Mile-Hi Provisions,Shops & Grocers,Food Maker,5682 South Sicily Circle,Aurora,Arapahoe,80015,(303) 229-5879,,https://milehiprovisions.com/,https://www.facebook.com/milehiprovisions,https://www.instagram.com/milehiprovisions,,,"Jam, Jam, Jelly & Preserves, Pickles & Pickled Products",,,39.613497,-104.727259,Colorado Proud member directory
Milk and Honey Coffee,Shops & Grocers,Bakery,2401/Unit 102 Blake Street,Denver,Denver,80205,,,https://www.milknhoneycoffeeco.com,,https://www.instagram.com/milknhoney_coffee/,,,"Coffee, Coffee Beans",,,39.758435,-104.989276,Colorado Proud member directory
Mill Haus Coffee,Shops & Grocers; Restaurants & Caterers,Bakery; Restaurant; Caterer,1109 Broad Street,Milliken,Weld,80543,(970) 451-4176,,https://www.millhauscoffee.com,https://www.facebook.com/millhaus2021,https://www.instagram.com/millhaus2021,,,"Baked Goods, Beverage Products, Bread, Cakes, Catering Services, Chocolate & Cocoa Products, Coffee, Coffee Beans, Cookies, Dog Treats, Eggs, Events, Muffins, Non-Alcoholic Beverages & Products, Off-Premise Catering, Prepared Food, Sandwiches / Subs / Hoagies, Smoothies, Soft Drinks",,,40.330206,-104.855508,Colorado Proud member directory
Miller Farms Corn Maze & Fall Festival,Agritourism,Agritourism,13912 Cr 19,Platteville,Weld,80651,(970) 785-6133,,,,,,,,,,40.203676,-104.885168,USDA local food directories
Mills Bros Farm Market,Farms & Ranches,On-Farm / Ranch Sales,Hwy. 50,Rocky Ford,,,,,,,,,,,,,,,USDA local food directories
Mimi's Place Cottage Bakery,Shops & Grocers,Bakery,3275 S Huron St,Englewood,Arapahoe,80110,(720) 325-3896,,http://facebook.com/mimiscottagebakery,http://facebook.com/mimiscottagebakery,,,,"Baked Goods, Cookies",,,39.657254,-104.997417,Colorado Proud member directory
Minion Ranch,Farms & Ranches,On-Farm / Ranch Sales,7775 South Johnson Road,Rush,El Paso,80833,(719) 502-7274,,,https://www.facebook.com/Minion-Ranch-102455802432808,,,,"Beef, Chicken, Pork",,,38.719708,-104.071053,Colorado Proud member directory
Minix Ranch LLC,Farms & Ranches,On-Farm / Ranch Sales,,Calhan,El Paso,80808,(719) 440-7181,,,,,,,"Beef, Lamb",,,39.035546,-104.297186,Colorado Proud member directory
Minoru Farm,Farms & Ranches,On-Farm / Ranch Sales,,,,,(720) 935-1763,,,,https://www.instagram.com/_minoru_farm_,,,Vegetables,,,,,Colorado Proud member directory
Minturn Market,Farmers' Markets,Farmers' Market,100 Main St.,Minturn,Eagle,81645,(970) 445-2415,events@minturn.org,https://www.minturn.org,https://www.facebook.com/minturnmarket/,https://www.instagram.com/minturnmarket/,"Sat: 9am - 2pm, Saturdays  June 20th through September 12th (Closed on July 4th)","June, July, August, September","Apples, Apricots, Bell Peppers, Beets, Cantaloupe, Carrots, Cherries, Cucumbers, Green Beans, Herbs, Honeydew, Microgreens, Mushrooms, Nectarines, Onions, Peaches, Pears, Eggplant, Peas, Plums, Potatoes, Radishes, Raspberries, Squash, Strawberries, Sweet Corn, Tomatoes, Watermelon, Zucchini, Beef, Lamb, Pork, Baked Goods, Cheese, Eggs, Honey, Jams, Jellies, Wine, Handcrafted Gifts",,,39.589326,-106.431746,Colorado Proud Farm Fresh Directory; Colorado Proud farmers market map; USDA local food directories
Miraflora Farm,CSA & Farm Shares,CSA Farm,,Boulder,,,(720) 935-2754,,http://www.MirafloraFarm.com,,,,,,,,,,USDA local food directories
Miraflora Wagyu,Farms & Ranches,On-Farm / Ranch Sales; Meat Producer & Packer,8110 Ouray Drive,Longmont,Boulder,80503,(720) 935-2754,,https://miraflorawagyu.com/,https://www.facebook.com/people/Miraflora-Wagyu/61556403424714/,https://www.instagram.com/miraflorawagyu/,,,"Beef, Livestock - Beef Cattle",,,40.12175,-105.23452,Colorado Proud member directory
Modern Farmsteads,Farm Stands,Roadside Market,1618 3rd Avenue,Longmont,Boulder,80501,(720) 534-6032,,https://www.modernfarmsteads.com,https://www.facebook.com/mfarmsteads,https://www.instagram.com/modernfarmsteads/?hl=en,,,"Beets, Cucumbers, Hot Peppers (Chili Peppers), Peppers, Pumpkins, Summer Squash, Tomatoes",,,40.166855,-105.119696,Colorado Proud member directory
Mollohan Farm and Ranch,Farms & Ranches,On-Farm / Ranch Sales,52480 County Road TT,Otis,Washington,80743,(970) 630-4484,,,,,,,Beef,,,40.331271,-102.924614,Colorado Proud member directory
"Monroe Family Farm, LLC",CSA & Farm Shares; Garden Centers,CSA Farm; Garden Center / Greenhouse,25525 County Road 48,KERSEY,Weld,80644,(970) 284-7941,jacquie@monroefarm.com,https://www.monroefarm.com,https://www.facebook.com/monroeorganicfarm/,https://www.instagram.com/monroefarmilyfarms/,Mon: 7am - 4pm; Tue: 7am - 4pm; Wed: 7am - 4pm; Thu: 7am - 4pm; Fri: 7am-4pm,"June, July, August, September, October, November, December","Asparagus, Beets, Bell Peppers, Broccoli, Cabbage, Cantaloupe, Carrots, Cauliflower, Chile Peppers, Chile - Roasted, Cucumbers, Eggplant, Garlic, Green Beans, Herbs, Honeydew, Kale, Leeks, Lettuce, Onions, Peas, Potatoes, Pumpkins, Radishes, Spinach, Squash, Strawberries, Sweet Corn, Tomatoes, Turnips, Watermelon, Zucchini, Beef, Lamb, Pork, Eggs, Honey, Popcorn, Olive Oil",,,40.336479,-104.57379,Colorado Proud Farm Fresh Directory
Monte Vista Farmers Market,Farmers' Markets,Farmers' Market,"947 1st Ave (at 1st Ave & Jefferson St), Monte Vista, CO 81144",Monte Vista,Rio Grande,81144,(719) 469-7381,montefarmersmarket@gmail.com,https://www.facebook.com/MonteVistaFarmersMarket,https://www.facebook.com/MonteVistaFarmersMarket,https://www.instagram.com/monte_vista_farmers_market,Fri: 9:00am - 1:00pm,"July, August, September","Apples, apricots, beets, bell peppers, broccoli, cantaloupe, carrots, cherries, chile peppers, roasted chiles, cucumbers, garlic, green beans, herbs, honeydew, kale, lettuce, microgreens, nectarines, onion, peaches, pears, peas, pinto beans, potatoes, pumpkins, radishes, rhubarb, spinach, squash, sweet corn, tomatoes, turnips, watermelon, zucchini, baked goods, cheese, honey, jams/jellies, pickles, handcrafted gifts, goat milk soap, lotion, salvage art sculptures, fudge, local specialty drinks and lunches",Yes,,37.579905,-106.143299,Colorado Farmers Market Association; USDA local food directories
Montrose Farmers Market,Farmers' Markets,Farmers' Market,Centennial Plaza,Montrose,Montrose,81401,(970) 249-0705,office@valleyfoodpartnership.org,https://www.valleyfoodpartnership.org,https://www.facebook.com/MontroseFarmersMarket,https://www.instagram.com/montrosecoloradofarmersmarket/?hl=en,"Sat: Summer Season: 9 am - 1 pm, Winter Season: 10 am - 1 pm","January, February, March, April, May, June, July, August, September, November, October, December","Apples, Apricots, Asparagus, Beets, Bell Peppers, Broccoli, Cabbage, Cantaloupe, Carrots, Cauliflower, Celery, Cherries, Chile Peppers, Chile - Roasted, Cucumbers, Eggplant, Garlic, Grapes, Green Beans, Herbs, Honeydew, Kale, Leeks, Microgreens, Mushrooms, Onions, Nectarines, Peaches, Pears, Peas, Pinto Beans, Plums, Potatoes, Pumpkins, Radishes, Rhubarb, Spinach, Squash, Sweet Corn, Tomatoes, Turnips, Watermelon, Zucchini, Beef, Pork, Poultry, Sausage, Baked Goods, Cheese, Eggs, Honey, Jams, Jellies, Pickles, Cider, Juices, Handcrafted Gifts",Yes,,38.478148,-107.862212,Colorado Proud Farm Fresh Directory; Colorado Proud farmers market map; USDA local food directories; Colorado Proud member directory
Monument Hill Farmers' Market,Farmers' Markets,Farmers' Market,"66 Jefferson Street, Monument, CO 80132",Monument,El Paso,80132,(719) 351-0012,corderamarket@yahoo.com,,https://www.facebook.com/monumenthillfarmersmarket/,,Sat: 8:00am - 2:00pm,"May, June, July, August, September, October",,,,39.090786,-104.870729,USDA local food directories
Moon Farm Pumpkin Patch,Agritourism,Agritourism,360 18 1/2 Road,Fruita,Mesa,81521,(970) 261-6490,,,https://www.facebook.com/moonfarmpumpkinpatch/,,,,,,,39.188671,-108.710531,USDA local food directories
Moonstone Farm,Farms & Ranches,On-Farm / Ranch Sales,,Salida,Chaffee,,(719) 239-2021,jen@moonstoneventures.com,,,,,,"Flowers, Poultry/Eggs, Spices/Garlic, Veggies",,,38.52401,-105.998648,Chaffee Provides
Moriah Ranch,Farms & Ranches,On-Farm / Ranch Sales,6002 County Road 24,Coalmont,Jackson,80430,(970) 396-5973,,https://moriahgrassfed.com,,,,,"Beef, Bred Heifers, Eggs, Hay & Forage, Lamb",,,40.577879,-106.52047,Colorado Proud member directory
Morning Fresh Dairy,Farms & Ranches,On-Farm / Ranch Sales,5821 W County Rd 54E,Bellvue,Larimer,80512,(970) 482-5789,,https://www.morningfreshdairy.com/,https://www.facebook.com/morningfreshdairy,https://www.instagram.com/morningfreshdairy/,,,Milk & Dairy Products,,,40.648293,-105.183916,Colorado Proud member directory
Morton's Organic Orchards,Farms & Ranches,On-Farm / Ranch Sales,3651 E 1/2 Road,Palisade,Mesa,81526,,hburtness1@msn.com,https://mortonsorganicorchards.com/,,,,,,,,39.083522,-108.37491,USDA local food directories
Mother Bunny LLC,Shops & Grocers,Food Maker,2552 Beech Ct,Golden,Jefferson,80401,(303) 718-6751,,,,https://www.instagram.com/motherbunnyllc/,,,"Baked Goods, Events",,,39.753807,-105.144404,Colorado Proud member directory
MouCo Cheese Company,Farms & Ranches,On-Farm / Ranch Sales,Duff Drive,Fort Collins,Larimer,80524,(970) 498-0107,,https://www.mouco.com,https://www.facebook.com/MouCo.Cheese.Company,https://www.instagram.com/mouco_cheese_company/,,,Cheese,Yes,,40.590453,-105.052826,Colorado Proud member directory
Mountain Goat Lodge,Farms & Ranches,On-Farm / Ranch Sales,9582 US Highway 285,Salida,Chaffee,81201,(206) 218-8201,mtglodge@gmail.com,https://mountaingoatlodge.com,,,,,Dairy,,,38.558605,-106.08301,Chaffee Provides
Mountain Jam,Shops & Grocers,Food Maker,1061/F204 West Beaver Creek Boulevard,Avon,Eagle,81620,(970) 456-5115,,https://mountainjamllc.shop/,https://www.facebook.com/profile.php?id=100094907144416&mibextid=hrBMPu,,,,,,,39.635624,-106.536364,Colorado Proud member directory
Mountain Mama Bakery,Shops & Grocers,Food Maker,108 Hawthorne Way,Parachute,Garfield,81635,(734) 735-7453,,,https://www.facebook.com/share/1fmCWqUQpx/?mibextid=wwXIfr,,,,"Baked Goods, Bread, Cookies",,,39.431323,-108.043058,Colorado Proud member directory
Mountain Market & Supply,Shops & Grocers,Grocery Store,112 W Second Street,Eagle,Eagle,81631,(719) 838-3852,mountainmarketeagle@gmail.com,,https://www.facebook.com/profile.php?id=61563573157184,https://www.instagram.com/mtnmarketandsupply/,Tue: 11am-6pm; Wed: 11am-6pm; Thu: 11am-7pm; Fri: 12pm-5pm; Sat: 11am-6pm,"January, February, March, May, April, June, July, August, September, October, November, December","Apples, Apricots, Asparagus, Beets, Bell Peppers, Broccoli, Brussels Sprouts, Cabbage, Cantaloupe, Carrots, Cauliflower, Celery, Cherries, Chile Peppers, Cucumbers, Eggplant, Garlic, Herbs, Kale, Leeks, Lettuce, Microgreens, Mushrooms, Nectarines, Onions, Peaches, Pears, Peas, Plums, Potatoes, Pumpkins, Radishes, Raspberries, Rhubarb, Spinach, Squash, Strawberries, Sweet Corn, Tomatoes, Watermelon, Zucchini, Beef, Jerky, Pork, Poultry, Sausage, Bison, Elk, Baked Goods, Cheese, Eggs, Honey, Jams, Jellies, Pickles, Cider, Juices, Handcrafted Gifts, Bulk refill products",,,39.655098,-106.828339,Colorado Proud Farm Fresh Directory
"Mountain Meadow Kitchen, LLC",Shops & Grocers,Food Maker,,Manitou Springs,El Paso,80829,(719) 357-5789,,,,https://www.instagram.com/mountainmeadowkitchen?igsh=bDB3dmQ5OHM5ZGwx,,,Baked Goods,,,38.857558,-104.912818,Colorado Proud member directory
Mountain Oven Organic Bakery,Shops & Grocers,Bakery,395 Clark Avenue,Paonia,Delta,81428,(970) 765-7130,,https://www.mountainoven.com,https://www.facebook.com/mountainoven,https://www.instagram.com/mountainoven/,,,"Baked Goods, Baking Mixes & Supplies, Bread, Doughs & Crusts, Events, Flour, Grain Processing, Production & Manufacturing, Seasonal Events & Activities, Value-Added Food Products, Wheat",,,38.869433,-107.585975,Colorado Proud member directory
Mountain River Beef Co.,Farms & Ranches,On-Farm / Ranch Sales; Meat Producer & Packer,112 E. Cranston Ave. Suite C,Fowler,Otero,81039,(719) 434-4907,,https://www.mountainriverbeefco.com,https://www.facebook.com/mountainriverbeefco,https://www.instagram.com/mtriverbeef,,,Beef,,,38.130586,-104.023254,Colorado Proud member directory
Mountain Roots Produce,CSA & Farm Shares,CSA Farm,41095 Rd G,Mancos,Montezuma,81328,(828) 319-5252,Mike@mountainrootsproduce.com,https://Mountainrootsproduce.com,,,,"May, June, July, August, September, October",,,,37.31657,-108.573978,USDA local food directories
Mountain View Meats,Farms & Ranches,On-Farm / Ranch Sales; Meat Producer & Packer,5202 North County Rd 19,Fort Collins,Larimer,80524,(970) 829-7846,hello@mvmeatsfc.com,https://www.MVmeatsFC.com,https://www.facebook.com/MVmeatsFC,https://www.instagram.com/MVmeatsFC,Mon: 1pm - 5pm; Wed: 1pm - 5pm; Fri: 1pm - 5pm,"December, November, October, September, August, July, June, May, April, March, January, February","Pork, Beef, Eggs",Yes,,40.762762,-105.117839,Colorado Proud Farm Fresh Directory; USDA local food directories; Colorado Proud member directory
Mountainside Bakery,Shops & Grocers,Bakery,9546 South Dallman Drive,Conifer,Jefferson,80433,(720) 446-9148,,https://mountainsidebakery.com,https://www.facebook.com/mtnsidebakery,https://www.instagram.com/mtnsidebakery,,,"Baked Goods, Baking Mixes & Supplies",,Yes,39.543807,-105.29542,Colorado Proud member directory
Moxie Bread Co,Shops & Grocers,Bakery,641 Main Street,Louisville,Boulder,80027,(720) 420-9616,,https://www.moxiebreadco.com,,https://instagram.com/moxiebreadco,,,Baked Goods,,,39.976717,-105.132303,Colorado Proud member directory
Mueller's Little Farm,Agritourism,Agritourism,190 W Bowles Ave,Littleton,Arapahoe,80123,(303) 810-1466,,,https://www.facebook.com/muellerslittlefarm/,,,,,,,39.611476,-105.030242,USDA local food directories
Mulays' Sausage Corporation,Farms & Ranches,Meat Producer & Packer,1727 Main Street,Longmont,Boulder,80501,(970) 349-1423,,https://mulays.com/,https://www.facebook.com/mulays/,https://www.instagram.com/mulayssausage/,,,Pork,,,40.189828,-105.104152,Colorado Proud member directory
Munson Farms,Agritourism,Agritourism,,Boulder,Boulder,80301,(303) 442-5330,smiller@escalanteranch.com,,,,,,,,,40.0334,-105.17852,USDA local food directories
Muriel L MacGregor Charitable Trust | MacGregor Ranch,Farms & Ranches,On-Farm / Ranch Sales,,Estes Park,Larimer,80517,(970) 586-3749,,https://www.macgregorranch.org,https://www.facebook.com/macgregorranch/,https://www.instagram.com/macgregor_ranch/,,,Beef,,,40.397736,-105.520887,Colorado Proud member directory
Mushroom Love Co,Farms & Ranches,On-Farm / Ranch Sales,,,Chaffee,,(970) 420-8359,morgan.tristana@gmail.com,http://www.mushroomloveco.com,https://www.facebook.com/Mushroom-Love-Co-334280667437315/,,,,"Gourmet mushrooms (lion's mane, king oyster), mushroom growing supplies, classes, CSA membership",,,38.848625,-106.161746,Chaffee Provides
Musso Farms,Farm Stands,Roadside Market,35779 Hillside Rd,Pueblo,Pueblo,81006,(719) 948-3581,socochileinc@gmail.com,https://www.mussofarmschileroom.com/?srsltid=AfmBOopmJHrwp3V5nJcpVdJMXROam98ePfp2E4mcVodnHUJ8LBP7fJ7z,https://www.facebook.com/MussoFarms/,,,"June, July, August, September, October","Asparagus, Beets, Bell Peppers, Broccoli, Cabbage, Cantaloupe, Carrots, Chile Peppers, Chile - Roasted, Cucumbers, Eggplant, Garlic, Green Beans, Herbs, Onions, Peas, Pinto Beans, Potatoes, Pumpkins, Radishes, Squash, Strawberries, Sweet Corn, Tomatoes, Watermelon, Zucchini, Jerky, Baked Goods, Cheese, Honey, Pickles, Chile powder and other spices, Pueblo Chile Pasta, freeze chile, numerous other products.",Yes,,38.2437,-104.46138,Colorado Proud Farm Fresh Directory
Mutual Dream Farm,Farms & Ranches,On-Farm / Ranch Sales,PO Box 982,Bailey,Park,80421,(720) 315-4761,Mutualdreamfarm@gmail.com,https://www.mutualdreamfarm.com,https://www.facebook.com/MutualDreamFarm,https://instagram.com/mutualdreamfarm,,"March, May, June, April, July, August, September, October, November, December, February, January",Goat,,,39.446169,-105.460004,Colorado Proud Farm Fresh Directory; Colorado Proud member directory
MVP Sweet Honey,Farms & Ranches,On-Farm / Ranch Sales,768 Pense Dr,Craig,Moffat,81625,(970) 620-0952,,,,,,,Honey,,,40.540604,-107.561354,Colorado Proud member directory
Mycenae,Farms & Ranches,On-Farm / Ranch Sales,600 South Public Road,Lafayette,Boulder,80026,(720) 400-3933,,http://www.mycenae-mushrooms.com,https://www.facebook.com/Mycenaellp/,,,,Mushrooms,,,39.992892,-105.089901,Colorado Proud member directory
"MycoTechnology, Inc.",Shops & Grocers,Food Maker,"18250 E. 40th Ave., Suite 50",Aurora,Adams,80011,(720) 547-0144,,https://www.mycoiq.com/,,,,,Value-Added Food Products,,,39.768829,-104.776001,Colorado Proud member directory
Nahmdy's Nuts LLC,Shops & Grocers,Food Maker,2925 Dynamic Drive,Colorado Springs,El Paso,80920,(719) 201-8435,,,,,,,Nuts,,,38.965667,-104.771121,Colorado Proud member directory
Nana's house Cafe/ Nana's BBQ,Restaurants & Caterers,Caterer,Po box 166,Avondale,Pueblo,81022,(719) 248-6996,,,,,,,"Barbecue, Beans, Beef, Catering Services, Christmas Events & Activities, Corn, Cultural Events & Activities, Easter Events & Activities, Equestrian Events, Events, Fall Events & Activities, Fourth of July Events & Activities, Halloween Events & Activities, Hamburgers, Hot Dogs (Prepared), Hot Peppers (Chili Peppers), Lettuce, Off-Premise Catering, Olives, Onions, Pasta (Dry), Peppers, Pork, Potato Chips, Potatoes, Ribs (Prepared), Seasonal Events & Activities, Snack Food Products, Soft Drinks, Spices & Seasoning, Sweet Corn, Thanksgiving Events & Activities, Tortillas, Turkey, Vegetables, Winter Events & Activities",,,38.237502,-104.351079,Colorado Proud member directory
Naomi's Sprouted Seed Truffles,Shops & Grocers,Food Maker,6150 Willow Lane,Boulder,Boulder,80301,(720) 371-6688,,https://naomissproutedseedtruffles.com,,,,,Chocolate & Cocoa Products,,,40.059712,-105.210638,Colorado Proud member directory
Nathy’s Cake Shop,Shops & Grocers,Bakery,22858 e radcliff,Aurora,Arapahoe,80015,(918) 808-3947,,https://www.instagram.com/nathycakeshop?igsh=a2ttcjB6MnhubG53&utm_source=qr,,https://www.instagram.com/nathycakeshop?igsh=a2ttcjB6MnhubG53&utm_source=qr,,,"Bread, Cakes",,,39.635529,-104.812058,Colorado Proud member directory
Native Hill Farm,U-Pick; CSA & Farm Shares; Farm Stands; Farms & Ranches,U-Pick; CSA Farm; Roadside Market; On-Farm / Ranch Sales,2100 County Rd 54G,Fort Collins,Larimer,80524,(970) 980-1366,info@nativehillfarm.com,https://www.Nativehillfarm.com,,https://instagram.com/nativehillfarm,Mon: 9 a.m. - 6 p.m.; Tue: 9 a.m. - 6 p.m.; Wed: 9 a.m. - 6 p.m.; Thu: 9 a.m. - 6 p.m.; Fri: 9 a.m. - 6 p.m.; Sat: 9 a.m. - 6 p.m.; Sun: 9 a.m. - 6 p.m.,"January, February, March, May, June, July, August, September, October, November, December","Beets, Bell Peppers, Broccoli, Cabbage, Cantaloupe, Carrots, Cauliflower, Celery, Chile Peppers, Chile - Roasted, Cucumbers, Eggplant, Garlic, Green Beans, Kale, Leeks, Lettuce, Onions, Peas, Potatoes, Pumpkins, Radishes, Spinach, Squash, Tomatoes, Turnips, Watermelon, Zucchini, Eggs, Honey",Yes,Yes,40.625554,-105.114265,Colorado Proud Farm Fresh Directory; Colorado Proud member directory
Nederland Farmers Market,Farmers' Markets,Farmers' Market,80 E Second St,Nederland,Boulder,80466,(303) 847-2851,Vending@nederlandfarmersmarket.com,https://www.nederlandfarmersmarket.org,https://www.facebook.com/NederlandFarmersMarket,https://instagram.com/nederlandfarmersmarket,Sun: 10:00am-2:00pm,"May, June, July, August, September, October, November","Apples, Apricots, Asparagus, Bell Peppers, Beets, Broccoli, Cantaloupe, Carrots, Celery, Cherries, Chile Peppers, Chile - Roasted, Cucumbers, Brussels Sprouts, Cabbage, Cauliflower, Eggplant, Garlic, Green Beans, Herbs, Honeydew, Kale, Leeks, Lettuce, Microgreens, Mushrooms, Onions, Peaches, Pears, Nectarines, Okra, Peas, Pinto Beans, Plums, Potatoes, Pumpkins, Radishes, Rhubarb, Spinach, Squash, Sweet Corn, Strawberries, Tomatoes, Turnips, Watermelon, Zucchini, Raspberries, Beef, Lamb, Pork, Poultry, Sausage, Salmon, Baked Goods, Cheese, Eggs, Honey, Pickles, Popcorn",Yes,,39.96253,-105.508976,Colorado Proud Farm Fresh Directory; Colorado Proud farmers market map; Colorado Farmers Market Association; USDA local food directories; Colorado Proud member directory
Nelms Farm,Agritourism,Agritourism,5305 Orchard St,Golden,Jefferson,80403,,ralphnelms@aol.com,https://www.nelmsfarm.com/,,,,,,,,39.792311,-105.179895,USDA local food directories
Neve Foods,Shops & Grocers,Grocery Store,165 Charolais Circle X2253,EDWARDS,Eagle,81632,(570) 899-3902,,https://eatneve.com/,https://www.facebook.com/profile.php?id=61565242208896,https://www.instagram.com/eat_neve/,,,,,,39.648876,-106.581386,Colorado Proud member directory
New Roots Farm LLC,CSA & Farm Shares; Farms & Ranches,CSA Farm; On-Farm / Ranch Sales,"1630 Grand Ave Canon City, CO 81212",Canon City,Fremont,81212,(719) 671-6491,newrootsfarmllc@gmail.com,https://www.newrootsfarmllc.com,https://facebook.com/newrootsfarmllc,https://instagram.com/newrootsfarmllc,Mon: 7 am - 12 pm,"June, July, August, September, October","Apples, Cherries, Beets, Bell Peppers, Broccoli, Cantaloupe, Carrots, Cabbage, Chile Peppers, Chile - Roasted, Cucumbers, Eggplant, Garlic, Green Beans, Herbs, Kale, Leeks, Lettuce, Onions, Pumpkins, Radishes, Spinach, Squash, Tomatoes, Turnips, Zucchini",Yes,,38.42838,-105.20609,Colorado Proud Farm Fresh Directory; Colorado Proud member directory
Next Horizon Land & Cattle,Farms & Ranches; Agritourism,On-Farm / Ranch Sales; Agritourism,14937 E County Line Road,Longmont,Boulder,80504,(983) 444-7625,,https://www.nexthorizoncattle.com,https://www.facebook.com/nexthorizoncattle,https://www.instagram.com/nexthorizoncattle,,,"Beef, Bred Cows, Bred Heifers, Cow-Calf Pairs, Hay & Forage, Livestock - Beef Cattle, Livestock Production Services, Seasonal Events & Activities, Stock / Yearling Cattle, Tours, Yearling / Open Heifers",,,40.245713,-105.056182,Colorado Proud member directory
Nieslanik Beef,Farm Stands; Restaurants & Caterers; Farms & Ranches,Roadside Market; Restaurant; On-Farm / Ranch Sales,761 Ranch View Drive,CARBONDALE,Garfield,81623,(970) 963-1644,orders@nieslanikbeef.com,https://nieslanikbeef.com,https://nieslanikbeef.com,https://nieslanikbeef.com,Mon: 8am - 5pm; Tue: 8am - 5pm; Wed: 8am - 5pm; Thu: 8am - 5pm; Fri: 8am - 5pm; Sat: 8am - 5pm; Sun: 9am - 11am,"January, February, March, April, May, June, July, August, September, October, November, December","Beef, Jerky, Lamb, Pork, Sausage, Nieslanik Beef can deliver in their supper cool refrigerated truck",,,39.388886,-107.189214,Colorado Proud Farm Fresh Directory; Colorado Proud member directory
No-MaTer Sauce Company LLC,Shops & Grocers,Grocery Store,9878 West Belleview Avenue,Littleton,Jefferson,80123,(720) 819-5377,,,https://www.facebook.com/nomatersaucecompany/,https://www.instagram.com/nomatersaucecompany/,,,Condiments & Sauces,,,39.622656,-105.108467,Colorado Proud member directory
NoCo Gluten Free Bakeshop,Shops & Grocers,Bakery,8429 Three Silos Dr,Wellington,Larimer,80549,(763) 297-0641,,https://www.nocogfbakeshop.com/,,,,,,,,40.707135,-105.018129,Colorado Proud member directory
Noco Virtual Farmers Market,Farms & Ranches,Farm Products (online),3307 South College Avenue,Fort Collins,Larimer,80524,(970) 402-6002,info@nocovirtualfarmersmarket.com*candida@nocovirtualfarmersmarket.com,,https://www.facebook.com/groups/499722194053286/,,,,,,,40.587825,-105.077579,USDA local food directories
Nordic Fox Farm LLC,Farms & Ranches,On-Farm / Ranch Sales,148 e bridge street Box 271,hotchkiss,Delta,81419,(970) 872-8126,,https://www.nordicfoxfarm.com,https://www.facebook.com/NordicFoxFarm,https://www.instagram.com/nordicfoxfarm/,,,"Apples, Basil, Beets, Blackberries, Corn, Elderberries, Fruit, Garlic, Ginger, Herb & Spice Processing, Herbs, Horseradish, Hot Peppers (Chili Peppers), Popcorn & Popcorn Products, Raspberries, Spices & Seasoning",,,38.7992,-107.72,Colorado Proud member directory
Northern Colorado Corn Maze,Agritourism,Agritourism,2318 S. Cty. Rd. 5,Fort Collins,Larimer,80525,(970) 308-5843,countrysidefarms2318@yahoo.com,,,,,,,,,40.555859,-104.982106,USDA local food directories
Northern Colorado Winters Market,Farmers' Markets,Farmers' Market,PO Box 1545,Fort Collins,Larimer,80522,(970) 658-5198,,https://www.belocalnc.org/,,,,,,,,40.58357,-105.080745,USDA local food directories
Northern Cowgirl & Company,Farm Stands; Shops & Grocers,Roadside Market; Bakery; Food Maker,37715 County Road 51,EATON,Weld,80615,(810) 990-7177,,https://www.northerncowgirl.com,https://www.facebook.com/northerncowgirlandcompany,https://www.instagram.com/northerncowgirlandcompany,,,"Baked Goods, Baking Mixes & Supplies, Cakes, Cookies, Eggs, Fall Events & Activities, Firewood, Potatoes, Pumpkins, Spice Blends, Summer Squash, Sunflower, Sweet Corn, Tomatoes, Vegetables",,,40.546834,-104.583577,Colorado Proud member directory
Northfield Farmers Market,Farmers' Markets,Farmers' Market,8340 Northfield Boulevard,Denver,Denver,80238,(303) 375-5475,,https://www.stapletondenver.com/whats-happening/stapleton-farmers-market-every-sunday-36043,,,,,,,,39.785277,-104.891009,USDA local food directories
Norwegian Kransekake and Lefse Colorado,Shops & Grocers,Food Maker,925/C East Prospect Road,Fort Collins,Larimer,80525,(719) 293-5313,,,https://www.facebook.com/NorwegianGlutenFreeorOriginalKransekake,,,,,,,40.566637,-105.059676,Colorado Proud member directory
Norwood Farm and Craft Market,Farmers' Markets,Farmers' Market,1165 Summit Street,Norwood,San Miguel,81423,(970) 327-4393,,,https://www.facebook.com/Norwood-Farm-Craft-Market-349308959339/,,Sat: 9:00am - 1:00pm (June-September); Sat: 10:00am - 12:00pm (October-May),"January, February, March, April, May, June, July, August, September, October, November, December","Fruits, vegetables, flowers, and herbs in season (organic and conventional); grass-fed beef and pastured pork; farm fresh eggs; artisan baked goods; honey; homemade jams; lavender products; hard shell gourds; handcrafted glass jewelry; handspun alpaca and wool yarn and handmade garments; local silversmith jewelry; handcrafted quilts and sewn items; also children's activities, music, cooking and canning demonstrations, flea market items, and CSU Extension information",Yes,,38.131778,-108.296525,USDA local food directories
Not Your Momma's Biscuits,Shops & Grocers,Food Maker,13545 Gymkhana Road,Peyton,El Paso,80831,(719) 659-0955,,,,,,,Baking Mixes & Supplies,,,38.885892,-104.576662,Colorado Proud member directory
Nothing But,Shops & Grocers,Food Maker,7320 Pine Cone Rd,Colorado Springs,El Paso,80908,(719) 822-0336,,https://nothingbut.site,https://www.facebook.com/TheNothingButStore,,,,Snack Food Products,,,39.057332,-104.688631,Colorado Proud member directory
Nunya Beeswax 303,Farms & Ranches,On-Farm / Ranch Sales,1139 Lilac Street,Broomfield,Broomfield,80020,,,,,,,,Honey & Honey Products,,,39.932266,-105.097917,Colorado Proud member directory
Nutrient Farm,Farms & Ranches; Farm Stands; Agritourism; Shops & Grocers,On-Farm / Ranch Sales; Roadside Market; Agritourism; Meat Producer & Packer; Grocery Store,9108 Colorado River Road,New Castle,Garfield,81647,(970) 440-1383,,https://www.nutrientfarm.com,https://www.facebook.com/profile.php?id=61567288171770,https://www.instagram.com/nutrientfarm/,,,"ATV / Motobike Rides, Animal & Pet Food, Barbecue, Basil, Beans, Beef, Beets, Beverage Products, Bird Watching, Blackberries, Blueberries, Body Care Products, Bok Choy, Butter, Cabbage, Celery, Chard, Cheese, Chives, Chocolate & Cocoa Products, Cider, Cilantro, Coffee, Coffee Beans, Collards, Condiments & Sauces, Corn, Crops & Agricultural Products, Cucumbers, Cultural Events & Activities, Cured Meat Products, Dairy Alternative Products, Dill, Dried Fruit, Educational Seminars, Eggplant, Elderberries, Essential Oils, Events, Fall Events & Activities, Fats & Oils, Feeder Calves, Figs, Fishing, Flats / Bay / Wade Fishing, Flowers, Fly Fishing, Food Supplements, Frozen Dairy Desserts, Fruit, Furs / Hides / Pelts, Garlic, Goat, Greens, Hamburgers, Hay & Forage, Herbs, Hiking, Honey, Honey & Honey Products, Hot Peppers (Chili Peppers), Hunting, Ice Cream, Jam, Jam, Jelly & Preserves, Juice, Kale, Kohlrabi, Lettuce, Livestock - Beef Cattle, Local Delivery, Mango, Maple Syrup, Marjoram, Meat, Poultry & Game, Milk & Dairy Products, Mint, Muskmelons, Mustard, Non-Alcoholic Beverages & Products, Okra, Olives, Onions, Oranges, Oregano, Papaya, Parsley, Parsnips, Peppers, Pickles & Pickled Products, Pomegranates, Pumpkins, Radishes, Raspberries, Rosemary, Sage, Salsa, Salsify, Savory, School Tours, Seasonal Events & Activities, Services - Food & Agricultural, Snack Food Products, Spice Blends, Spices & Seasoning, Spinach, Stock / Yearling Cattle, Straw, Strawberries, Stream Fishing, Summer Squash, Sweet Corn, Syrups, Tarragon, Tea, Thyme, Tomatillos, Tomatoes, Tours, Trail Rides, Value-Added Food Products, Value-Added Non-Food Products, Vegetables, Vinegar, Vitamins, Water, Watermelon, Winter Events & Activities, Winter Squash, Zucchini",,Yes,39.566942,-107.482989,Colorado Proud member directory
Off Beet Farm,CSA & Farm Shares,CSA Farm,3796 63rd St,Boulder,Boulder,80301,,,http://offbeetfarmcolorado.com,,,,,,,,40.044719,-105.206804,USDA local food directories
Old Colorado City Farmers Market,Farmers' Markets,Farmers' Market,2408 West Colorado Avenue,Colorado Springs,El Paso,80904,(719) 574-1283,,https://www.pikespeakfarmersmarkets.com/,https://www.facebook.com/OldColoradoCityFarmersMarket/,https://www.instagram.com/oldcoloradocityfarmersmarket/,Sat: 7:00am - 1:00pm,"June, July, August, September, October","Fresh produce, handcrafted products, and unique goods from local farms and artisans",,,38.846891,-104.861159,USDA local food directories
Old Elm Farm,Farm Stands; Agritourism; Farms & Ranches,Roadside Market; Agritourism; On-Farm / Ranch Sales,8912 Arapahoe Rd,Boulder,Boulder,80303,(303) 618-0571,theoldelmboulder@gmail.com,https://theoldelmboulder.com,,https://@oldelmfarm,Fri: 2 pm - 7 pm; Sat: 10 am - 3 pm,"May, June, July, August, September","Apples, Beets, Cantaloupe, Carrots, Chile Peppers, Cucumbers, Garlic, Herbs, Kale, Lettuce, Peaches, Potatoes, Radishes, Spinach, Squash, Strawberries, Tomatoes, Baked Goods, Eggs, Honey, Handcrafted Gifts",Yes,,40.01364,-105.144786,Colorado Proud Farm Fresh Directory; Colorado Proud member directory
Old South Pearl Street Association - Farmers Market,Farmers' Markets,Farmers' Market,"1400 + 1500 blocks of South Pearl Street (between Iowa and Arkansas), Denver, CO 80210",Denver,Denver,80210,(037) 340-1718,events@JarmanandCoEvents.com,https://southpearlstreet.com/farmers-market/,https://www.facebook.com/SouthPearlStreet,https://www.instagram.com/southpearlst,Sun: 9:00am - 1:00pm,"May, June, July, August, September, October, November","Fresh Colorado produce, baked goods/pastries, craft coffee, cut flowers, and prepared/chef-made foods from 170+ local vendors; all products must be grown, raised, produced or gathered in Colorado or in bordering counties",,,39.688466,-104.980365,USDA local food directories
Old Town Spice Shop,Shops & Grocers,Grocery Store,130/# A South College Avenue,Fort Collins,Larimer,80524,(970) 493-7206,,https://oldtownspiceshop.com,https://www.facebook.com/oldtownspiceshop,https://www.instagram.com/oldtownspiceshop/,,,"Herb & Spice Processing, Spice Blends, Spices & Seasoning",,,40.586255,-105.076677,Colorado Proud member directory
Olde Towne Village Market,Farmers' Markets,Farmers' Market,611 Front Street,Louisville,Boulder,80027,(303) 664-0251,,,https://www.facebook.com/OldeTowneVillageMarket,,,,,,,39.97606,-105.130792,USDA local food directories
Olive & Finch - Uptown,Shops & Grocers; Restaurants & Caterers,Bakery; Restaurant,1552 E 17th Ave,Denver,Denver,80218,(303) 832-8663,,https://www.oliveandfinch.com/,https://www.facebook.com/oliveandfinchuptown,https://www.instagram.com/oliveandfincheatery/,,,"Baked Goods, Cakes, Coffee, Salads, Sandwiches / Subs / Hoagies",,,39.743091,-104.968956,Colorado Proud member directory
Olive & Finch Cherry Creek,Restaurants & Caterers,Restaurant,3390 E 1st Avenue,Denver,Denver,80206,(303) 955-0455,,https://www.oliveandfinch.com/,https://www.facebook.com/search/top?q=olive%20%26%20finch,https://www.instagram.com/oliveandfincheatery/,,,"Baked Goods, Cakes, Coffee, Cookies, Salads, Sandwiches / Subs / Hoagies",,,39.7175,-104.94765,Colorado Proud member directory
On the Vine at Richmond Farms Urban Market,Farms & Ranches,On-Farm / Ranch Sales,W. Horsetooth and Richmond Dr,Fort Collins,Larimer,80526,(970) 443-4011,otvatrichmondfarms@yahoo.com,,https://www.facebook.com/onthevinefarm,,,,,,,40.538248,-105.09942,USDA local food directories
Onsa Farm,Shops & Grocers,Food Maker,56390 E Colfax Ave,Strasburg,Arapahoe,80136,(720) 338-0530,,,,,,,"Baked Goods, Flour",,,39.737999,-104.327738,Colorado Proud member directory
Orchard & Poppy,Restaurants & Caterers,Caterer,3312 S Orchard Street,Morrison,Jefferson,80465,(757) 778-2362,,https://www.orchardandpoppy.com,https://www.facebook.com/orchardandpoppy,https://www.instagram.com/orchardandpoppy,,,Food Retail Supplies & Equipment,,,39.656672,-105.175013,Colorado Proud member directory
Orchard Creek Ranch,Agritourism,Agritourism,0150 County Road 137,Glenwood Springs,Garfield,81601,,ocreekrmls@gmail.com,https://orchardcreekranch.com/,https://www.facebook.com/orchardcreekranchco/,,,,,,,39.577177,-107.450755,USDA local food directories
Orchard Farmers Market,Farmers' Markets,Farmers' Market,14535 S Delaware Street #150,Westminster,Adams,80023,(720) 515-0431,abmarketcolorado@gmail.com,https://www.orchardfarmersmarket.com,https://www.facebook.com/orchardfarmersmarket,https://instagram.com/TheOrchardFarmersMarket,Sun: 9 a.m. - 2 p.m.,"June, July, August, September","Apples, Apricots, Asparagus, Beets, Bell Peppers, Broccoli, Cabbage, Cantaloupe, Carrots, Cauliflower, Celery, Cherries, Chile Peppers, Chile - Roasted, Cucumbers, Eggplant, Garlic, Green Beans, Herbs, Honeydew, Kale, Leeks, Lettuce, Microgreens, Mushrooms, Okra, Onions, Nectarines, Peaches, Pears, Peas, Plums, Potatoes, Pumpkins, Radishes, Raspberries, Rhubarb, Spinach, Squash, Strawberries, Sweet Corn, Tomatoes, Turnips, Watermelon, Zucchini, Beef, Buffalo, Pork, Sausage, Baked Goods, Eggs, Honey, Jams, Jellies, Pickles, Popcorn, Juices, Handcrafted Gifts",,,39.961063,-104.991624,Colorado Proud Farm Fresh Directory; Colorado Proud farmers market map; Colorado Proud member directory
Orchard Valley Farms & Market.   Black Bridge Winery,Wineries; U-Pick; Agritourism; Farms & Ranches,Winery; U-Pick; Agritourism; On-Farm / Ranch Sales,15836 Black Bridge Rd,Paonia,Delta,81428,(970) 527-6838,webaction@orchardvalleyfarms.com,https://orchardvalleyfarms.com,https://www.facebook.com/OrchardValleyFarms/,https://www.instagram.com/orchardvalleyfarms/,Daily: 10:00am - 6:00pm,"May, June, July, August, September, October","U-pick raspberries, cherries, peaches, pumpkins, fresh fruits and vegetables, wine grapes, Black Bridge wines, balsamic vinegars, infused olive oils, jams, salsas, mustards, chutneys, honey, jerky, cheese, pickles, Black Bridge Beef, jewelry, decor and yard sculpture",,,38.887092,-107.580996,Colorado Proud Farm Fresh Directory; Colorado Proud farmers market map
Orchard Valley Farms and Black Ridge Winery,Agritourism; Farms & Ranches,Agritourism; On-Farm / Ranch Sales,836 Black Bridge Road,Paonia,Delta,81428,(970) 527-6838,kendal.butterfield@gmail.com,,https://www.facebook.com/orchardvalleyfarms,,,,,,,38.882076,-107.578934,USDA local food directories
Osborn Farm,Agritourism,Agritourism,933 S.E. 14th Street,Loveland,Larimer,80537,(970) 669-4407,,,,,,,,,,40.378387,-105.065357,USDA local food directories
Oswald Grassfed Beef,Farms & Ranches,On-Farm / Ranch Sales,2241 County Rd 1A PO Box 304,Cotopaxi,Fremont,81223,(719) 942-4361,stepheno@centurylink.net,https://www.oswaldgrassfedbeef.com,https://www.facebook.com/oswaldgrassfedbeef/,,Mon: call first please to arrange a time.; Tue: ditto; Wed: ditto; Thu: ditto; Fri: ditto; Sat: ditto; Sun: ditto,"January, February, March, April, May, June, July, August, September, October, November, December","Beef, Grass fed and finished beef",,,38.304837,-105.6591,Colorado Proud Farm Fresh Directory; Colorado Proud member directory
Ottemans Meat Processing,Farms & Ranches,Meat Producer & Packer,226 1st Street,Flagler,Kit Carson,80815,(719) 765-4436,,https://ottemans.com,https://www.facebook.com/Ottemans-Meat-Processing-158196674214996,,,,"Beef, Livestock - Beef Cattle",,,39.288571,-103.068846,Colorado Proud member directory
Our Little Slice of Heaven Farm,Farm Stands,Roadside Market,2218 West Prospect Road,Fort Collins,Larimer,80526,(970) 222-2800,,,,,,,"Baked Goods, Herbs, Spices & Seasoning, Vegetables",,,40.567981,-105.118152,Colorado Proud member directory
Our Red Barn Ranch LLC,Garden Centers; Agritourism; Farms & Ranches,Garden Center / Greenhouse; Agritourism; On-Farm / Ranch Sales,11494 N. Calhan Hwy.,Calhan,El Paso,80808,(719) 339-5229,Betty@ourredbarnranch.com,https://Ourredbarnranch.com,,,Mon: 10am-4pm; Tue: 10am-4pm; Wed: 10am-4pm; Thu: 10am-4pm; Fri: 10am-4pm; Sat: 10am-4pm; Sun: 10am-4pm,"January, February, March, April, May, June, July, August, September, October, November, December","Bell Peppers, Carrots, Chile Peppers, Cucumbers, Green Beans, Lettuce, Okra, Onions, Peas, Potatoes, Radishes, Rhubarb, Spinach, Squash, Strawberries, Tomatoes, Zucchini, Eggs, Cheese",,,38.997387,-104.294984,Colorado Proud Farm Fresh Directory; Colorado Proud member directory
Outlaw Meats,Farms & Ranches,Meat Producer & Packer,18850 HWY 14,AULT,Weld,80610,(970) 420-0267,,https://outlawmeats.net,https://facebook.com/outlaw.meats,https://instagram.com/outlaw_meats,,,Beef,,,40.582314,-104.69934,Colorado Proud member directory
Outside the Breadbox,Shops & Grocers,Bakery,2027 West Colorado Avenue,Colorado Springs,El Paso,80904,(719) 633-3434,,https://www.outsidethebreadbox.com,https://www.OutsideTheBreadbox.com,https://www.instagram.com/OTB_glutenfree/,,,"Bagels, Bread",,,38.843054,-104.856632,Colorado Proud member directory
"Oven Spring, Home Kitchen",Shops & Grocers,Bakery; Food Maker,15 Empire Place,Longmont,Boulder,80504,(720) 310-5164,,https://ovenspringkitchen.com/,https://www.facebook.com/OvenSpringKitchen/?refsrc=deprecated&paipv=0&eav=AfYiN5TpI-iDUFs1G2PNvCXb1EpPsiLbak_a-iORnij3Ia7Kyq6GRSiwpASONeqHA_E&_rdr#_=_,https://www.instagram.com/marybeth_ovenspring_kitchen/,,,Bread,,,40.178835,-105.091751,Colorado Proud member directory
OVER THE MOON EMPORIUM,Shops & Grocers,Bakery,429 East Bate Avenue,Byers,Arapahoe,80103,(303) 587-3321,,,,,,,Cakes,,,39.703355,-104.217181,Colorado Proud member directory
Owltree Farm,Farm Stands,Roadside Market,2208 East Harmony Road,Fort Collins,Larimer,80528,(970) 980-1966,,https://www.OwltreeFarmCO.com,,,,,"Chicken, Eggs, Turkey, Vegetables",,,40.524945,-105.036838,Colorado Proud member directory
Pacific Mercantile Company,Shops & Grocers,Grocery Store,1925 Lawrence Street,Denver,Denver,80202,(303) 295-0293,,https://pacificeastwest.com,https://www.facebook.com/pacificmercantile/,https://www.instagram.com/pacificmercantileco/,,,,,,39.751773,-104.992755,Colorado Proud member directory
Padilla Prouce Inc.,Farm Stands,Roadside Market,2990 State Highway 207,Manzanola,Crowley,18951,(719) 641-2063,rpadilla2@padillaproduceinc.com,https://www.padillaproduceinc.com/,,,,"August, September, October","Bell Peppers, Cantaloupe, Chile Peppers, Chile - Roasted, Cucumbers, Honeydew, Onions, Pumpkins, Tomatoes, Watermelon, Squash, Zucchini, Chirstmas melons, yellow canary mellon, seedless watermelon (yellow and Red), heirloom pumpkins",Yes,,38.15566,-103.856699,Colorado Proud Farm Fresh Directory
Pagosa Farmers Market,Farmers' Markets,Farmers' Market,"225 S. Pagosa Blvd, Pagosa Springs, CO 81147 (at St. Patrick's Episcopal Church)",Pagosa Springs,Archuleta,81147,(970) 264-5232,pagosafarmersmarket@gmail.com,https://www.pagosafarmersmarket.net/,https://www.facebook.com/PagosaFarmersMarket/,,Sat: 9:00am - 1:00pm,"May, June, July, August, September","Garden fresh vegetables, mushrooms, fruit and plant starts; artisan breads; grass-fed meats; farm eggs; coffee; honey; jewelry and crafts",Yes,,37.269027,-107.050941,USDA local food directories
Pagosa Springs Farmers Market,Farmers' Markets,Farmers' Market,"225 S. Pagosa Blvd, Pagosa Springs, CO 81147",Pagosa Spgs,Archuleta,81147,(970) 264-5232,Info@PagosaFarmersMarket.net,https://www.pagosafarmersmarket.net/,https://www.facebook.com/PagosaFarmersMarket/,https://www.instagram.com/pagosafarmersmarket/,Sat: 9:00am - 1:00pm,"May, June, July, August, September","Garden-fresh vegetables, mushrooms, fruit, and plant starts from growers; artisan breads, prepared foods, grass-fed meat, eggs, and coffee from producers; jewelry, cards, and fabric goods from makers",Yes,,37.268886,-107.004707,USDA local food directories
Painted Prairie Open Air Markets (Presented by Grateful Garden llc),Farmers' Markets,Farmers' Market,High Prairie Park E 59th Pl & N Orleans St,Aurora,Denver,80019,(720) 619-0619,katrina@gratefulgardenllc.com,https://gratefulgardenllc.com,https://www.facebook.com/gratefulgardenllc,https://www.instagram.com/gratefulgarden/,Sat: 9 am - 1pm and October fest is 10 am - 3 pm,"June, July, August, September, October","Cherries, Chile Peppers, Peaches, Herbs, Leeks, Lettuce, Microgreens, Mushrooms, Nectarines, Spinach, Beef, Buffalo, Jerky, Lamb, Pork, Poultry, Sausage, Baked Goods, Eggs, Honey, Jams, Jellies, Pickles, Popcorn, Cider, Juices",Yes,,39.802991,-104.736604,Colorado Proud Farm Fresh Directory; Colorado Proud farmers market map
Palisade Peach Shack,Farm Stands; U-Pick,Roadside Market; U-Pick,757 37 3/10 Rd,Palisade,Mesa,81526,(970) 464-2091,,https://www.palisadepeachshack.com/,https://www.facebook.com/PalisadePeachShackWesternSlope/,https://www.instagram.com/palisadepeachshack/,U-pick orchard tours in summer season,,"Peaches, cherries, apricots, pears, melons, corn, jams, peach butter, salsas, pies, coffee, ice cream",,,39.11413,-108.360267,Farmers market vendor lists
Palisade Sunday Farmers' Market,Farmers' Markets,Farmers' Market,3rd St. & Main St.,Palisade,Mesa,81526,(970) 464-5602,mgossage@townofpalisade.org,https://palisade.colorado.gov/sunday-farmers-market,https://www.facebook.com/PalisadeFarmersMarket,,Sun: 9:00am - 1:00pm,"June, July, August, September, October","Fresh produce and an ever-changing collection of handcrafted/artisan goods (baked goods, lavender, soaps, jewelry, juice, flowers), plus rotating food trucks and live music",,,39.1103,-108.35094,USDA local food directories
Palombo Farms Market,Farm Stands,Roadside Market,11500 Havana St.,Henderson,Adams,80640,(303) 287-0134,palombomarket@gmail.com,https://Palombomarket.com,https://www.facebook.com/PalomboMarket/,https://www.instagram.com/palombomarket,,"July, August, September, October, December",,,,39.903435,-104.864045,Colorado Proud Farm Fresh Directory; USDA local food directories
Pampanofoods LLC,Restaurants & Caterers,Restaurant,430 South Santa Fe Avenue,Pueblo,Pueblo,81003,(719) 281-5284,,,https://www.facebook.com/Pampanofoods,https://www.instagram.com/pampanofoods/,,,"Beans, Beef, Pork, Prepared Food, Rice",,,38.257786,-104.606445,Colorado Proud member directory
PandaCreationsEA,Shops & Grocers,Food Maker,15556 Harris st,Sterling,Logan,80751,(970) 571-3320,,,https://www.facebook.com/share/18WXmr97xZ/?mibextid=wwXIfr,https://www.instagram.com/pandacreationsea?igsh=MWgwdGpoZzU0bHRsdg%3D%3D&utm_source=qr,,,,,,40.662571,-103.22002,Colorado Proud member directory
Pantaleo Farms The Great Pumpkin Patch by Moonlight,Agritourism,Agritourism,39651 South Road,Pueblo,Pueblo,81006,(719) 948-4556,pantaleofarms@hotmail.com,,https://www.facebook.com/profile.php?id=100069402337060,,,,,,,38.227341,-104.426143,USDA local food directories
Papi's Honey Bees,Farms & Ranches,On-Farm / Ranch Sales,28401 Colorado 59,Kit Carson,Cheyenne,80825,(719) 962-3404,,,,,,,Honey,,,39.016841,-102.79886,Colorado Proud member directory
Parker Farmers Market,Farmers' Markets,Farmers' Market,Parker Road & Main Street,Parker,Douglas,80138,(303) 693-3662,,https://www.parkercolorado.net/parker-farmers-market-dates-and-time,https://www.facebook.com/parkerfarmersmarket/,https://www.instagram.com/theparkerfarmersmarket/,Sun: 8:00am - 1:00pm,"May, June, July, August, September, October","Fresh vegetables, fresh fruit, homemade salsa, flowers, herbs, baked goods, fresh bread, meats, dog treats, pasta, cosmetics, crafts, plus ready-made foods like breakfast burritos, quesadillas, and wine tasting; over 100 vendors",,,39.51849,-104.72369,USDA local food directories
Pasture Provisions Company,Farms & Ranches,On-Farm / Ranch Sales,620 E 52nd Ave,Denver,Denver,80216,(720) 515-1477,hello@pastureprovisionsco.com,https://www.pastureprovisionsco.com,https://www.facebook.com/pastureprovisionsco/,https://www.instagram.com/pastureprovisionsco/,Mon: 8 am - 5 pm; Tue: 8 am - 5 pm; Wed: 8 am - 5 pm; Thu: 8 am - 5 pm; Fri: 8 am - 5 pm,"January, February, March, April, May, June, July, August, September, October, November, December","Lettuce, Beef, Lamb, Pork, Poultry, Sausage, Wild-Caught Seafood Including:
Salmon
Halibut
Swordfish
Shrimp
Seabass
Stripped Bass
Flounder 
Monkfish
Haddock 
Cod
Pollock, Cheese, Eggs",,,39.790899,-104.979105,Colorado Proud Farm Fresh Directory; Colorado Proud member directory
Patchwork Farms,Farms & Ranches,On-Farm / Ranch Sales,10440 W. Fair Ave Unit C,Littleton,Jefferson,80127,(720) 244-4629,,http://www.patchworkfarmsco.com,,https://www.instagram.com/patchwork_farms/,,,"Garlic, Herb & Spice Processing, Potatoes, Winter Squash",,,39.60353,-105.115548,Colorado Proud member directory
Patterson Pastures,Farms & Ranches,On-Farm / Ranch Sales,18422 CR 105,Ramah,El Paso,80832,(719) 231-9225,,https://pattersonpastures.com,https://www.facebook.com/PattersonPastures,https://www.instagram.com/pattersonpastures/,,,"Beef, Pork",,,39.121155,-104.165206,Colorado Proud member directory
Patton Peak,Shops & Grocers,Food Maker,55 N Gilley,Lake George,Park,80827,(520) 971-5399,,,https://www.facebook.com/profile.php?id=61559303999350,https://www.instagram.com/pattonpeak,,,Baked Goods,,,38.979714,-105.357494,Colorado Proud member directory
Paula's Cozy Kitchen LLC,Shops & Grocers,Bakery,1537 South Calle Del Santo Drive,Pueblo West,Pueblo,81007,(719) 252-9610,,https://www.facebook.com/PaulasCozyKitchen,https://www.facebook.com/PaulasCozyKitchen,,,,Baked Goods,,,38.300033,-104.813497,Colorado Proud member directory
Pauline's Bonafide Baking,Shops & Grocers,Bakery,4771 Painted Sky View,Colorado Springs,El Paso,80916,(719) 360-6861,,http://www.paulinesbonafidebaking.com,http://www.paulinesbonafidebaking.com,http://www.paulinesbonafidebaking.com,,,Baked Goods,,,38.789977,-104.737977,Colorado Proud member directory
PBJ Cattle Company,Farms & Ranches,On-Farm / Ranch Sales,11970 U.S. 24,Divide,Teller,80814,(719) 661-6954,,https://www.pbjcattle.com,https://www.facebook.com/pbjcattleco,https://www.instagram.com/pbjcattleco/,,,Beef,,,38.938638,-105.145425,Colorado Proud member directory
Peak and Crumb Bakery LLC,Shops & Grocers,Bakery,10270 E 59th Dr,Denver,Denver,80238,(720) 507-0395,,,https://www.facebook.com/profile.php?id=61575187882959#,https://www.instagram.com/peakandcrumbbakery/,,,Cookies,,,39.805065,-104.867941,Colorado Proud member directory
Peak Bees,Farms & Ranches,On-Farm / Ranch Sales,57621 Ida Road,Montrose,Montrose,81403,(970) 316-0446,,https://www.peakbees.com/,https://www.facebook.com/Peak-Bees-102828662013242,https://www.instagram.com/peakbees/,,,"Bee Keeping, Honey",,,38.548536,-108.010986,Colorado Proud member directory
Peak Press Juicery LLC,Agritourism; Restaurants & Caterers,Agritourism; Restaurant,1515 Main St,Longmont,Boulder,80501,,,https://peakpressjuicery.com,https://www.facebook.com/peakpressjuicery,https://www.instagram.com/peakpressjuicery/,,,Juice,,,40.185294,-105.103129,Colorado Proud member directory
Peak View 52 Farms LLC.,Farms & Ranches,On-Farm / Ranch Sales,4454 North Ellicott Highway,Calhan,El Paso,80808,(719) 258-7324,,,,,,,Vegetables,,,38.895229,-104.38818,Colorado Proud member directory
Peak View Ranch,Farms & Ranches,On-Farm / Ranch Sales; Meat Producer & Packer,1050 County Road JJ,Fowler,Otero,81039,(719) 468-9823,,https://www.peakviewranch.com,,,,,"Beef, Lamb, Pork",,,38.092714,-104.055783,Colorado Proud member directory
Pedro's Farm (formerly Borden Farms),Farms & Ranches; CSA & Farm Shares,On-Farm / Ranch Sales; CSA Farm,51245 Carnation Road,Delta,Montrose,81416,(970) 874-5383,,https://pedrosfarm.com/,https://facebook.com/bordenfarms,,,,"Apricots, Beans, Beets, Broccoli, Cabbage, Carrots, Cauliflower, Chard, Cucumbers, Flowers, Fruit, Greens, Herbs, Kale, Leeks, Lettuce, Okra, Onions, Peaches, Peppers, Potatoes, Radishes, Summer Squash, Tomatoes, Vegetables, Watermelon, Zucchini",,Yes,38.636555,-108.129156,USDA local food directories; Colorado Proud member directory
Persemara Floral,Farms & Ranches,On-Farm / Ranch Sales,2784 Golden Currant,Colorado Springs,El Paso,80918,(352) 484-4315,,,,,,,Flowers,,,38.904361,-104.763762,Colorado Proud member directory
Petal and Press Bakery,Shops & Grocers,Food Maker,,,,,,,,,,,,,,,,,Colorado Proud member directory
Petals & Papers,Farm Stands,Roadside Market,South Main Street,La Veta,Huerfano,81055,(970) 231-2065,,https://CabinPressStudio.com,https://www.facebook.com/CabinPressStudio,https://www.instagram.com/cabinpressstudio/,,,Flowers,,,37.505815,-105.009086,Colorado Proud member directory
Pfaltzgraff Farms,Agritourism; Farms & Ranches; Farm Stands; Shops & Grocers,Agritourism; On-Farm / Ranch Sales; Roadside Market; Food Maker,12189 County Road 7,Haxtun,Phillips,80731,(970) 466-1887,AskAFarmer@PfzFarms.com,https://www.pfzfarmstand.com,https://www.facebook.com/PfzFarms,https://instagram.com/pfzfarms,,"February, March, April, May, June, July, August, September, October, November","Black-eyed peas, Baking mixes, flours, dried beans",,,40.51233,-102.608946,Colorado Proud Farm Fresh Directory; Colorado Proud member directory
Phood Boards,Farms & Ranches; Restaurants & Caterers,On-Farm / Ranch Sales; Caterer,3220 Cowhand Dr,Colorado Springs,El Paso,80922,(970) 480-7887,,https://phoodboards.com,https://www.facebook.com/PhoodBoards,https://www.instagram.com/phood.boards,,,"Catering Services, Cheese, Honey & Honey Products, Nuts, Spices & Seasoning",,,38.88025,-104.702583,Colorado Proud member directory
Phun Bar,Shops & Grocers,Food Maker,2867 Gray Street,Wheat Ridge,Jefferson,80214,(303) 385-7603,,https://www.phunbar.com,,https://https://www.instagram.com/phunbar/,,,Baked Goods Manufacturing,,,39.757911,-105.061723,Colorado Proud member directory
Phytology Flowers Farm,Farms & Ranches,On-Farm / Ranch Sales,,,Chaffee,,(303) 709-4912,Hannah@phytologyflowers.com,https://www.phytologyflowers.com,,https://www.instagram.com/phytologyflowers/,By appointment,,"Flowers, wedding and event florals, summer flower subscriptions, bouquets",,,38.524749,-106.042545,Chaffee Provides
Pickles & Potions,Shops & Grocers,Food Maker,240 Berthoud Way,Golden,Jefferson,80401,(425) 829-3165,,,https://www.facebook.com/picklesandpotionscolorado,https://www.instagram.com/pickles.potions.colorado/,,,"Local Delivery, Non-Alcoholic Beverages & Products, Pickles & Pickled Products, Seasonal Events & Activities, Simple Syrup, Value-Added Food Products",,,39.719246,-105.210597,Colorado Proud member directory
PIFCA – Partnership for Community Action,Food Assistance,Food Bank,,,Chaffee,,(719) 398-0363,hello@goPfCA.com,https://www.gopfca.com/,,,,,"Food pantry, health & beauty aids, Rainbow Closet",,,38.534419,-105.991406,Chaffee Provides
Pikes Peak Poultry,Farms & Ranches,On-Farm / Ranch Sales,37155 East Jones Road,Yoder,El Paso,80864,(775) 379-4779,,,https://facebook.com/pikespeakpoultry,,,,"Chicken, Eggs, Turkey",,,38.893558,-104.135055,Colorado Proud member directory
Pinche Salsa,Shops & Grocers,Food Maker,800 S Valentia St,denver,Denver,80247,(720) 989-3111,,https://pincheesalsa.com,https://www.facebook.com/Pincheesalsa/,https://www.instagram.com/pincheesalsa/,,,Hot Peppers (Chili Peppers),,,39.703577,-104.889031,Colorado Proud member directory
Pine Needle Homestead,Shops & Grocers,Food Maker,96 Stagestop Rd,Loveland,Larimer,80537,(913) 206-9333,,https://hotplate.com/pineneedlehomestead,https://www.facebook.com/share/16bBibmiVY/,https://Instagram.com/pineneedlehomestead,,,"Baked Goods, Baking Mixes & Supplies, Bread, Eggs, Flavor Extracts, Jam, Jam, Jelly & Preserves, Muffins, Simple Syrup",,,40.412752,-105.251818,Colorado Proud member directory
Pinon Ridge Ranch,Agritourism,Agritourism,928 East County Road 46,Strasburg,Arapahoe,80136,(303) 913-7314,katydidklv@hotmail.com,,,,,,,,,39.57895,-104.333865,USDA local food directories
"Pioneer Farmsteaders, LLC",CSA & Farm Shares,CSA Farm,7000 Garrison St,Arvada,Jefferson,80004,(303) 284-3494,pioneerfarmsteaders@comcast.net,,https://www.facebook.com/pioneerfarmsteaders,,,"June, July, August, September",,,,39.822044,-105.100196,USDA local food directories
Pitts Family Ranch,Farms & Ranches,On-Farm / Ranch Sales,15238 Rd 21,Cortez,Montezuma,81321,(541) 778-4271,michelepitts56@gmail.com,,,,,,,,,37.432235,-108.66221,USDA local food directories
Plants Beautiful Nursery Christmas Tree Farm,Agritourism,Agritourism,15927 Co Hwy 42,Parkers Prairie,Otter Tail,56361,,,https://www.christmastreesandwreaths.com,,,,,,,,,,USDA local food directories
Plants Naturally,Farms & Ranches,On-Farm / Ranch Sales,332 norfolk st,Aurora,Arapahoe,80013,(720) 470-1936,,,https://www.facebook.com/PlantsNaturally/,https://www.instagram.com/plantsnaturally/,,,Microgreens,,,39.720924,-104.794432,Colorado Proud member directory
Plateau Valley Farmers Market,Farmers' Markets,Farmers' Market,2003 High Street,Collbran,Mesa,81624,(970) 773-1916,larkmanc@ucc.org,,https://facebook.com/UnitedChurchofChrist,,,,,,,39.239048,-107.962364,USDA local food directories
Pleasant Valley Market and Meats LLC,Farms & Ranches,Meat Producer & Packer,4713/4639 North Co Road 23E,Laporte,Larimer,80535,(719) 331-6081,,,,,,,"Beef, Lamb, Pork",,,40.655165,-105.162149,Colorado Proud member directory
Plowshares Community Farm,Agritourism; Farms & Ranches,Agritourism; On-Farm / Ranch Sales,040 Oxford Rd,Longmont,Boulder,80503,(720) 259-1954,manager@plowsharescommunityfarm.com,,https://www.facebook.com/ploughshares-community-farm-545815258804057/,,,,,,,40.116184,-105.228171,USDA local food directories
Podunk's Ranch,CSA & Farm Shares; Farms & Ranches,CSA Farm; On-Farm / Ranch Sales,20079 Road South,Cortez,Montezuma,81321,(970) 672-0720,Podunksbeef@gmail.com,https://www.podunksranch.com,https://www.facebook.com/profile.php?id=100069580382663,https://https://www.instagram.com/podunksranch/,,"March, February, April, May, June, July, August, September, October, November, December",Beef,Yes,,37.442988,-108.681179,Colorado Proud Farm Fresh Directory; Colorado Proud member directory
Polidori Sausage,Farms & Ranches,Meat Producer & Packer,3800 Dahlia Street,Denver,Denver,80207,(303) 455-5701,,http://polidorisausage.com/,https://www.facebook.com/polidorisausage,https://www.instagram.com/polidorisausage/?hl=en,,,Pork,,,39.769538,-104.931311,Colorado Proud member directory
Polka Dots And Curry,Shops & Grocers,Food Maker,2840 Helmsdale Drive,Colorado Springs,El Paso,80920,(719) 304-6111,,https://polkadotsandcurry.com,https://www.facebook.com/polkadotsandcurry,,,,"Flour, Tea",,,38.959515,-104.773858,Colorado Proud member directory
Pollywog Station Lavender Farm,Farms & Ranches; Agritourism,On-Farm / Ranch Sales; Agritourism,8717 Hilltop Rd.,Parker,,80134,(303) 325-6608,,https://www.pollywogstationlavenderfarm.com/,https://www.facebook.com/pollywogstationlavenderfarm/,,,,,,,,,Colorado Proud member directory
Poncha Creek Gardens,Farms & Ranches,On-Farm / Ranch Sales,P.O. Box 654,Poncha Springs,Chaffee,81242,(720) 380-2121,ponchacreekgardens@gmail.com,https://ponchacreekgardens.wordpress.com/our-products/,,,By appointment,,"Microgreens, sunflower shoots, pea shoots",,,38.51396,-106.076895,Chaffee Provides
Ponderosa Plains Farm,Farms & Ranches,On-Farm / Ranch Sales,4999 Spruce Court,Elizabeth,Elbert,80107,(303) 918-5700,ponderosaplains@gmail.com,https://ponderosaplains.square.site,https://www.facebook.com/PonderosaPlains,,,,,,,39.362073,-104.57081,USDA local food directories
POP Colorado,Farms & Ranches; Shops & Grocers,On-Farm / Ranch Sales; Food Maker,301/Fl 1 South Howes Street,Fort Collins,Larimer,80521,(970) 414-1234,,https://popcolorado.com,,,,,"Essential Oils, Food Supplements",,,40.583897,-105.081201,Colorado Proud member directory
Pope Farms Produce & Garden Center LLC,Farm Stands; Garden Centers,Roadside Market; Garden Center / Greenhouse,6501 W 28th St,Greeley,Weld,80634,(970) 590-9124,Popefarm@hotmail.com,https://Popefarmsproduce.com,,,Mon: 9 am-6 pm; Tue: 9 am-6 pm; Wed: 9 am-6 pm; Thu: 9 am-6 pm; Fri: 9 am-6 pm; Sat: 9 am-6 pm; Sun: 10 am - 4pm,"April, May, June, July, August, September, October, November, December","Apricots, Apples, Asparagus, Beets, Bell Peppers, Broccoli, Brussels Sprouts, Cabbage, Cantaloupe, Carrots, Cauliflower, Celery, Cherries, Chile Peppers, Chile - Roasted, Cucumbers, Eggplant, Garlic, Green Beans, Herbs, Honeydew, Kale, Leeks, Lettuce, Mushrooms, Nectarines, Okra, Onions, Peaches, Pears, Peas, Pinto Beans, Plums, Potatoes, Pumpkins, Radishes, Rhubarb, Spinach, Squash, Strawberries, Sweet Corn, Tomatoes, Turnips, Watermelon, Zucchini, Beef, Sausage, Jams, Jellies, Pickles, Popcorn, Honey, Eggs, Cheese, Cider, Juices, Christmas Trees, Handcrafted Gifts",Yes,,40.392765,-104.784993,Colorado Proud Farm Fresh Directory
Pope Farms/Pope's Pumpkin Patch & Corn Maze,Agritourism,Agritourism,,Wiggins,Morgan,80654,(970) 483-6124,,,,,,,,,,40.283392,-104.092612,USDA local food directories
Potter Farms,Farms & Ranches,On-Farm / Ranch Sales,6059 County Road 100,Carbondale,Garfield,81623,(970) 963-4922,,https://www.potterfarms.net,,,,,"Pasture-raised eggs, grass-fed and grain-finished beef, high-mountain hay",,,39.402205,-107.211163,Farmers market vendor lists; Colorado Proud member directory
Pressman Wines LLC,Wineries,Winery,15810 West 6th Avenue,Golden,Jefferson,80401,(661) 586-0138,,https://atost.co,https://www.facebook.com/drinkatost,https://www.instagram.com/drinkatost/,,,Wine,,,39.724483,-105.178091,Colorado Proud member directory
Princess Beef,Farms & Ranches,On-Farm / Ranch Sales,32282 J Road,Hotchkiss,Delta,81419,(970) 216-5897,CynthRanch@gmail.com,https://princessbeef.com,,https://instagram.com/princess_beef_ranch,Mon: 8 a.m.- 5 p.m.; Tue: 8 a.m.- 5 p.m.; Wed: 8 a.m.- 5 p.m.; Thu: 8 a.m.- 5 p.m.; Fri: 8 a.m.- 5 p.m.; Sat: 8 a.m.- 5 p.m.; Sun: 8 a.m.- 5 p.m.,"January, February, March, April, May, June, July, August, September, October, November, December",Beef,,,38.784654,-107.757544,Colorado Proud Farm Fresh Directory
Psycho Pig BBQ,Restaurants & Caterers,Caterer,15845 Bull Mesa Road,Cedaredge,Delta,81413,(970) 210-8551,,https://psychopigbbq.com,https://www.facebook.com/psychopigbbq,https://www.instagram.com/psycho_pig_bbq?igsh=MW5ubzZtZmF2c2RxYw==,,,"Barbecue, Beans, Beef, Beverage Products, Catering Services, Chicken (Prepared), Condiments & Sauces, Off-Premise Catering, Pork, Prepared Food, Ribs (Prepared), Sandwiches / Subs / Hoagies, Soft Drinks, Spice Blends, Spices & Seasoning, Water",,,38.884105,-107.96679,Colorado Proud member directory
PTOM'S FOOD & DRAINAmerican  at The Ptarmigan Inn,Restaurants & Caterers,Restaurant,2304 Apres Ski Way,Steamboat Springs,Routt,80487,(970) 879-1730,,https://www.theptarmigan.com/,,,,,Sandwiches / Subs / Hoagies,,,40.456524,-106.803334,Colorado Proud member directory
Pueblo Charcuterie,Restaurants & Caterers,Caterer,1227/330 Beulah Avenue,Pueblo,Pueblo,81004,(719) 671-5234,,https://www.pueblocharcuterie.com/,https://www.facebook.com/pueblocharcuterie?mibextid=LQQJ4d,https://www.instagram.com/pueblocharcuterie?igshid=OGQ5ZDc2ODk2ZA%3D%3D&utm_source=qr,,,,,,38.244789,-104.634928,Colorado Proud member directory
Pueblo Farmers Market,Farmers' Markets,Farmers' Market,1604 N Santa Fe Ave,Pueblo,Pueblo,81001,(719) 778-6041,pueblofarmersmarket@gmail.com,https://pueblofarmersmarket.org,https://www.facebook.com/PuebloFarmerMarket,https://www.instagram.com/pueblofarmersmarket,"Sat: 7:30am - Noon, except for select Eastside Pop-ups","May, June, July, August, September, October","Apples, Beets, Bell Peppers, Cabbage, Cantaloupe, Carrots, Cauliflower, Cherries, Chile Peppers, Cucumbers, Eggplant, Garlic, Grapes, Green Beans, Herbs, Honeydew, Lettuce, Microgreens, Mushrooms, Okra, Onions, Peaches, Pears, Pinto Beans, Plums, Potatoes, Pumpkins, Radishes, Squash, Sweet Corn, Tomatoes, Watermelon, Zucchini, Beef, Lamb, Pork, Poultry, Baked Goods, Cheese, Eggs, Honey, Jams, Jellies, Pickles, Juices, Handcrafted Gifts",Yes,,38.281289,-104.607235,Colorado Proud Farm Fresh Directory; Colorado Proud farmers market map; Colorado Farmers Market Association; USDA local food directories; Colorado Proud member directory
Pueblo Farmers Market Eastside Pop-ups,Farmers' Markets,Farmers' Market,1346 E 8th Street,Pueblo,Pueblo,81001,(719) 778-6041,pueblofarmersmarket@gmail.com,https://pueblofarmersmarket.org,https://www.facebook.com/pueblofarmermarket,https://www.instagram.com/pueblofarmersmarket,Sat: 7:30am - Noon  May 16  June 6    July 18    October 3,"July, October, May, June","Apples, Apricots, Beets, Bell Peppers, Broccoli, Cabbage, Cantaloupe, Carrots, Cauliflower, Cherries, Chile Peppers, Cucumbers, Eggplant, Garlic, Green Beans, Herbs, Kale, Lettuce, Microgreens, Mushrooms, Okra, Onions, Peaches, Pears, Peas, Pinto Beans, Potatoes, Plums, Pumpkins, Radishes, Squash, Sweet Corn, Tomatoes, Watermelon, Zucchini, Beef, Lamb, Pork, Poultry, Baked Goods, Cheese, Eggs, Honey, Jams, Jellies, Pickles, Juices, Handcrafted Gifts",Yes,,38.274579,-104.587322,Colorado Proud Farm Fresh Directory; Colorado Proud farmers market map
Pueblo Seed & Food Company,Farms & Ranches; Farm Stands; Shops & Grocers,On-Farm / Ranch Sales; Roadside Market; Food Maker,25 North Beech Street,Cortez,Montezuma,81321,(719) 250-9835,,,https://www.facebook.com/Pueblo-Seed-Food-Company-344181402261309/,https://www.instagram.com/puebloseed/?igshid=YmMyMTA2M2Y=,,,"Baked Goods Manufacturing, Beans (Field/Dry), Garlic, Grain & Cereal Product Manufacturing, Hot Peppers (Chili Peppers), Spices & Seasoning, Vegetables",,Yes,37.349248,-108.584234,Colorado Proud member directory
Pueblo West Honey Company,Shops & Grocers,Food Maker,1267 South Lacerne Drive,Pueblo West,Pueblo,81007,,,,,,,,Honey & Honey Products,,,38.296528,-104.779465,Colorado Proud member directory
Pumpkin Pickin' Paradise,Agritourism,Agritourism,000 Road 52 And highway 257,Milliken,Weld,80543,(970) 587-5751,,,https://www.facebook.com/pumpkin-pickin-paradise-544731495553197,,,,,,,40.36343,-104.8698,USDA local food directories
Pumpkins and More,Agritourism; Farms & Ranches; Farm Stands,Agritourism; On-Farm / Ranch Sales; Roadside Market,183 East Hale Street,Holyoke,Phillips,80734,(970) 854-2707,,,,,,,"Events, Fall Events & Activities, Halloween Events & Activities, Pumpkins",,,40.58161,-102.301105,USDA local food directories; Colorado Proud member directory
Pupusas familia,Restaurants & Caterers,Restaurant,4500 19th St Lot 124,Boulder,Boulder,80304,(720) 921-4344,,,,,,,Frozen Food Manufacturing,,,40.055845,-105.278426,Colorado Proud member directory
Purebread Doughs,Shops & Grocers,Bakery,2802 Kansas Drive,Fort Collins,Larimer,80525,(432) 847-7191,,,https://www.facebook.com/profile.php?id=61556097669418,https://www.instagram.com/purebreaddoughs/,,,"Bagels, Baked Goods, Bread, Cakes, Cookies, Muffins, Pretzels (Soft), Tortillas",,,40.548938,-105.033479,Colorado Proud member directory
Purgatory Cellars LLP dba Purgatory Cellars Winery,Wineries,Winery,18921/100 Plaza Drive,Parker,Douglas,80134,(303) 600-8209,,https://www.purgatorycellarscolorado.com,https://www.facebook.com/purgatorycellarsofcolorado/,,,,"Blends & Generic Wines, Red Wine, Sparkling Wine, White Wine, Wine",,,39.527004,-104.770035,Colorado Proud member directory
"Quack Patch Homestead, LLC",Shops & Grocers,Food Maker,624 Endicott st,Fort Collins,Larimer,80524,(970) 658-6409,,https://www.quackpatchhomestead.com,https://www.facebook.com/quackpatchhomestead,https://www.instagram.com/quackpatchhomestead,,,"Baked Goods, Jam, Jam, Jelly & Preserves, Vegetables",,,40.579037,-105.062545,Colorado Proud member directory
Quarter Acre and a Mule Farm,Farms & Ranches,On-Farm / Ranch Sales,2207 E 12th St,Pueblo,Pueblo,81001,,,https://quarteracreandamule.com/,,,Sat: 9:00am - Noon,"June, July, August, September, October","Apples, Beets, Bell Peppers, Broccoli, Cabbage, Cantaloupe, Carrots, Cauliflower, Chile Peppers, Cucumbers, Eggplant, Garlic, Grapes, Green Beans, Herbs, Honeydew, Kale, Leeks, Lettuce, Onions, Pinto Beans, Potatoes, Pumpkins, Radishes, Squash, Sweet Corn, Tomatoes, Watermelon, Zucchini, Cheese, Eggs, Honey, Jams, Jellies, Pickles",Yes,,38.27979,-104.569537,Colorado Proud Farm Fresh Directory
Quarter Circle Kunekunes,Farms & Ranches,On-Farm / Ranch Sales,57751 Jefferson Road,Montrose,Montrose,81403,(513) 205-6547,,https://quartercirclekunes.com/,https://facebook.com/quartercirclekunes/,https://www.instagram.com/quartercirclekunes/,,,Pork,,,38.530699,-108.008159,Colorado Proud member directory
Queen Bee Bakery,Shops & Grocers,Food Maker,PO Box 1262,Walsenburg,Huerfano,81089,(303) 681-1364,,,https://queenbeebakeryco,https://queenbeebakeryco,,,"Bee Keeping, Bread, Eggs",,,37.622736,-104.780403,Colorado Proud member directory
Queen Bee Sweets & Treats LLC,Shops & Grocers,Bakery,,,,,,,,,https://instagram.com/queenbeesweetstreats?igshid=NzZlODBkYWE4Ng%3D%3D&utm_source=qr,,,,,,,,Colorado Proud member directory
Queen City Greens,Farms & Ranches,On-Farm / Ranch Sales,1350/305 North Grant Street,Denver,Denver,80203,(970) 371-1336,,https://www.qcgreensdenver.com,https://www.facebook.com/qcgreensdenver,https://www.ihttps://www.instagram.com/qcgreensdenver,,,Microgreens,,,39.737329,-104.983334,Colorado Proud member directory
"R&N Sourdough, Llc",Shops & Grocers,Food Maker,27831 E 9th Dr,Aurora,Arapahoe,80018,(720) 603-6465,,,,https://www.instagram.com/my_sourdough_love_history?igsh=cmJkczhjZHI2dnJ6&utm_source=qr,,,Baked Goods,,,39.731674,-104.6632,Colorado Proud member directory
RAD Acres,Farms & Ranches,On-Farm / Ranch Sales,910 Pikes Trail,Guffey,Park,80820,(970) 988-7229,,https://www.radacres.com,,,,,"Herbs, Microgreens",,,38.807641,-105.374128,Colorado Proud member directory
Radical Sasquatch Dumpling Company,Restaurants & Caterers,Caterer,805 Wadsworth Boulevard,Lakewood,Jefferson,80214,(303) 590-5633,,https://RadicalSasquatch.com,https://facebook.com/radicalsasquatch,,,,"Catering Services, Frozen Food Manufacturing, Prepared Food",,,39.729402,-105.082,Colorado Proud member directory
Rafter W Ranch LLC,Farms & Ranches,On-Farm / Ranch Sales,27178 State Hwy 86,Simla,Elbert,80835,(719) 541-1002,,http://rafterwranch.net,,,,,"Beef, Chicken, Eggs, Lamb",Yes,,39.272566,-104.156783,Colorado Proud member directory
"Rainbow Farms, Rainbow Eggs",Farm Stands,Roadside Market,865 Zion St,AURORA,Arapahoe,80011,(303) 883-1778,,https://www.rainboweggsco.com/,https://www.facebook.com/share/1GtpWkE7VG/,https://www.instagram.com/rainboweggsco?igsh=MWU3aGd1N3FtcHczZg==,,,"Chicken, Eggs",,,39.729061,-104.829209,Colorado Proud member directory
Raisin' Rye,Shops & Grocers,Bakery,675 Grand Ave,Del Norte,Rio Grande,81132,(719) 588-2857,,,https://www.facebook.com/raisinrye/,https://www.instagram.com/raisinryebakery/,,,"Sourdough breads and bagels, rye, scones, muffins, gluten-free brownies; coffee",,,37.678741,-106.353694,Farmers market vendor lists
Raj Hot sauce & more,Restaurants & Caterers,Restaurant,11617 Ridgeline Drive,Colorado Springs,El Paso,80921,(719) 432-5346,,,,,,,Condiment & Sauce Manufacturing,,,39.002698,-104.798703,Colorado Proud member directory
Rampart Bakehouse,Shops & Grocers,Bakery; Food Maker,,,,,,,http://rampartbakehouse.com,https://www.facebook.com/RampartBakehouse,https://www.instagram.com/RampartBakehouse/?fbclid=IwY2xjawPUycVleHRuA2FlbQIxMABicmlkETFnN2ZvY1hjYThlYTdRSDBTc3J0YwZhcHBfaWQQMjIyMDM5MTc4ODIwMDg5MgABHmNRQGzwr2a69JfS7vyH_3fz8hFl4whH_07BwO-jlfgcaYgBs3d-iYP8B6El_aem_R1lQsmNWXk-ShiE_DtR9Hw#,,,"Baked Goods, Bread, Candy & Confections, Chocolate & Cocoa Products, Cookies, Prepared Food",,,,,Colorado Proud member directory
Ranch Foods Direct,Farms & Ranches,Meat Producer & Packer,4635 Town Center Drive,Colorado Springs,El Paso,80916,(719) 473-2306,,https://ranchfoodsdirect.com/,https://www.facebook.com/RanchFoodsDirect,,,,"Beef, Pork",Yes,,38.838189,-104.74216,Colorado Proud member directory
RanchitoAlegre LLC,Farms & Ranches,On-Farm / Ranch Sales,5801 County Road 193,Pagosa Springs,Archuleta,81147,,,,https://RanchitoAlegre.EatFromFarms.com/,https://RanchitoAlegre.EatFromFarms.com/,,,"Basil, Beets, Camping, Coffee, Flowers, Fruit, Honey, Meat, Poultry & Game, Radishes, Spinach, Sprouts, Tomatillos, Tomatoes, Vegetables",,,37.169089,-107.340394,Colorado Proud member directory
Rancho Largo Cattle Co.,Farms & Ranches,On-Farm / Ranch Sales,53504 CR 91.1,Fowler,Las Animas,81039,(719) 738-1699,rancholargobeef@gmail.com,https://rancholargo.com,,,Mon: 7 am - 4 pm; Tue: 7 am - 4 pm; Wed: 7 am - 4 pm; Thu: 7 am - 4 pm; Fri: 7 am - 4 pm,"January, February, March, April, May, June, July, August, September, October, November, December",Beef,,,37.766914,-104.322741,Colorado Proud Farm Fresh Directory; Colorado Proud member directory
Rasmussen Family Farms LLP,Farms & Ranches,On-Farm / Ranch Sales,PO Box 847,Longmont,Boulder,80502,(303) 619-2271,,,,,,,Alfalfa,,,40.16193,-105.103907,Colorado Proud member directory
Ravens Three Apothecary,Shops & Grocers,Food Maker,1942 Broadway St. STE 314 C,Boulder,Boulder,80302,(719) 530-1596,,https://www.ravensthree.com/,,,,,"Herb & Spice Processing, Herbs, Vinegar",,,40.017341,-105.279713,Colorado Proud member directory
Ray Family Farm,Farms & Ranches,On-Farm / Ranch Sales,2815 County Road F,Joes,Yuma,80822,(970) 554-9723,,,https://www.facebook.com/porkontheplains?mibextid=LQQJ4d,,,,"Beef, Lamb, Pork",,,39.609356,-102.70868,Colorado Proud member directory
Ray Road Nut Butter,Shops & Grocers,Food Maker,430 Emery St,Longmont,Boulder,80501,(805) 895-2102,,http://www.rayroadnutbutter.com,,,,,Prepared Food,,,40.166858,-105.099531,Colorado Proud member directory
Real Deal Baked Goods,Shops & Grocers,Bakery,141 Old School House Rd,Del Norte,Rio Grande,81132,,,,,,,,Animal & Pet Food,,,37.601368,-106.417099,Colorado Proud member directory
Rebel Marketplace,Farmers' Markets,Farmers' Market,12000 East 6th Avenue,Aurora,Arapahoe,80010,(720) 236-9611,,https://www.rebelmarketplace.com/,,https://www.instagram.com/rebelmarketplace,,,"Baked Goods, Basil, Beets, Beverage Products, Cabbage, Cucumbers, Herbs, Jam, Vegetable Processing, Vegetables",,,39.724113,-104.846799,Colorado Proud member directory
Rebels In The Garden,Farms & Ranches,On-Farm / Ranch Sales,11454 East 4th Way,Aurora,Arapahoe,80010,(720) 236-9611,,https://www.thegardenrebels.com/,https://www.facebook.com/GreviousJ/,https://www.instagram.com/rebelsinthegarden/,,,Vegetables,,,39.718643,-104.858619,Colorado Proud member directory
Red Barn Pumpkin Farm,Agritourism,Agritourism,85 On County Road 70 near Eaton,Eaton,Weld,80615,(970) 834-1353,,,,,,,,,,40.493503,-104.649884,USDA local food directories
Red Fox Cellars,Wineries,Winery,695 36 Road,Palisade,Mesa,81526,(970) 464-1099,,https://RedFoxCellars.com,https://facebook.com/Red.Fox.Cellars/,https://instagram.com/RedFoxCellars.com/,,,"Cider, Red Wine, White Wine, Wine",,,39.104327,-108.385463,Colorado Proud member directory
Red Willow Farms LLC,Farm Stands,Roadside Market,County Road 501,Bayfield,La Plata,81122,(970) 759-4315,,https://www.redwillowfarms.com/,https://www.facebook.com/RedWillowFarms,https://www.instagram.com/red_willow_farms/,,,"Eggs, Flowers, Fruit, Meat, Poultry & Game, Vegetables",,,37.240185,-107.602248,Colorado Proud member directory
Rehfeld Ranch Raised,Farms & Ranches,On-Farm / Ranch Sales,4790 County Road 55,Arapahoe,Cheyenne,80802,(719) 340-8080,ronald.rehfeld@gmail.com,,,,,"January, February, March, April, May, June, July, August, September, October, November, December",,,,38.676548,-102.262313,Colorado Proud Farm Fresh Directory
Rekaivery Food Hub,Wholesale & Food Hubs; Farms & Ranches; Farm Stands; Shops & Grocers,Food Hub; On-Farm / Ranch Sales; Roadside Market; Grocery Store,80521,Fort Collins,Larimer,80521,(908) 752-8330,,,http://facebook.com/rekaivery,http://instagram.com/rekaivery/,,,,,,40.575287,-105.133537,USDA local food directories; Colorado Proud member directory
Renee the Baker,Shops & Grocers,Bakery,2715/UNIT 2 Rigden Parkway,Fort Collins,Larimer,80525,(970) 773-7436,,,https://www.facebook.com/ReneeTheBaker,https://www.instagram.com/ReneeTheBaker,,,Baked Goods,,,40.550731,-105.029879,Colorado Proud member directory
Renewed Roots Ranch LLC,Farms & Ranches,On-Farm / Ranch Sales,1218 E County Road 64,Fort Collins,Larimer,80524,(970) 939-7087,,http://www.renewedrootsranch.com,https://www.facebook.com/profile.php?id=61572317824904,https://www.instagram.com/renewedrootsranch/,,,"Eggs, Pork, Rabbit",,,40.712125,-105.05399,Colorado Proud member directory
Restin' Peas LLC,Shops & Grocers,Food Maker,1245 Race St,Denver,Denver,80206,(303) 928-9779,,https://www.restinpeasdenver.com,,,,,"Herbs, Microgreens",,,39.73584,-104.963892,Colorado Proud member directory
RESTORATION VINEYARDS,Wineries,Winery,3594 E 1/2 Rd,PALISADE,Mesa,81526,(970) 985-0832,,https://RestorationVineyards.com,https://facebook.com/restorationvineyards,https://instagram/restorationvineyards,,,"Red Wine, Sparkling Wine, White Wine, Wine",,,39.085985,-108.386826,Colorado Proud member directory
"Restore & Evolve, LLC",Shops & Grocers,Grocery Store,"2600 South Rock Creek Pkwy, 39-201",Superior,Boulder,80027,(970) 646-5061,,,,,,,"Beverage Manufacturing, Beverage Products, Food Supplements",,,39.92933,-105.144611,Colorado Proud member directory
Ridgway Farmers Market,Farmers' Markets,Farmers' Market,Hartwell Park,Ridgway,Ouray,81432,(970) 497-0755,manager@ridgwayfarmersmarket.com,https://www.ridgwayfarmersmarket.com,https://www.facebook.com/RidgwayFarmersMarket,https://www.instagram.com/ridgway_farmersmarket,Fri: 10:00am - 2:00pm,"May, June, July, August, September, October","Fresh produce and handcrafted goods from local farmers, ranchers, bakers, and artisans",Yes,,38.089305,-107.716355,Colorado Proud Farm Fresh Directory; Colorado Proud farmers market map; Colorado Farmers Market Association; USDA local food directories
Rifle Farmers Market,Farmers' Markets,Farmers' Market,839 Whiteriver Ave,Rifle,Garfield,81650,(970) 309-0803,elissamnye@gmail.com,https://riflefarmersmarket.com,https://www.facebook.com/riflefarmersmarket?mibextid=LQQJ4d,https://www.instagram.com/riflefarmersmarket,Fri: 4-8pm,"June, July, August, September","Apples, Apricots, Beets, Bell Peppers, Broccoli, Brussels Sprouts, Cabbage, Cantaloupe, Carrots, Cauliflower, Cherries, Chile Peppers, Chile - Roasted, Cucumbers, Eggplant, Garlic, Green Beans, Herbs, Honeydew, Kale, Leeks, Lettuce, Microgreens, Mushrooms, Nectarines, Okra, Onions, Peaches, Pears, Peas, Potatoes, Radishes, Rhubarb, Spinach, Squash, Sweet Corn, Tomatoes, Zucchini, Baked Goods, Eggs, Honey, Jams, Jellies, Handcrafted Gifts",Yes,,39.536926,-107.780984,Colorado Proud Farm Fresh Directory; Colorado Proud farmers market map; Colorado Farmers Market Association; USDA local food directories
Rio Grande Organic Growers COOP,U-Pick; CSA & Farm Shares; Garden Centers; Farms & Ranches,U-Pick; CSA Farm; Garden Center / Greenhouse; On-Farm / Ranch Sales,6935 CO HWY 17,Alamosa,Alamosa,81101,(720) 237-8319,riograndeorganicgrowers@gmail.com,https://www.riograndegrowers.com,https://www.facebook.com/RioGrandeOrganicGrowersCoop,,Wed: 3pm-7pm,"June, July, August, September","Beets, Cabbage, Carrots, Cucumbers, Garlic, Herbs, Kale, Lettuce, Onions, Peas, Pinto Beans, Potatoes, Pumpkins, Radishes, Rhubarb, Spinach, Squash, Tomatoes",Yes,,37.475037,-105.857676,Colorado Proud Farm Fresh Directory
Ripple Root Farm LLC,Farms & Ranches,On-Farm / Ranch Sales,4130 Fenton Street,Denver,Jefferson,80212,(720) 364-4932,,,https://www.facebook.com/profile.php?id=61594167862175,https://www.instagram.com/ripplerootfarm/,,,"Lettuce, Microgreens",,,39.773517,-105.059963,Colorado Proud member directory
Rise N’ Shine Ranch,Farms & Ranches,On-Farm / Ranch Sales; Meat Producer & Packer,19985 Thunder Road East,Colorado Springs,El Paso,80908,(719) 432-9349,,https://www.risenshineranch.com,https://www.facebook.com/onthedivideranch,https://www.instagram.com/risenshineorganicfarm,,,"Bee Keeping, Beef, Chicken, Duck, Eggs, Honey, Honey & Honey Products, Meat, Poultry & Game, Pork, School Tours, Turkey",,,39.122677,-104.710031,Colorado Proud member directory
Rising Moon Ranch,Farms & Ranches,On-Farm / Ranch Sales,9700 Running Buffalo Road,Franktown,Douglas,80116,(303) 817-2339,,https://www.risingmoonranch.net,,,,,Tours,,,39.319279,-104.707728,Colorado Proud member directory
River Bear American Meats,Farms & Ranches,Meat Producer & Packer,1306/3821 Steele Street,Denver,Denver,80206,(860) 389-1425,,https://www.riverbearmeats.com,https://m.facebook.com/profile.php?id=326887471235621,https://www.instagram.com/riverbearamericanmeats/,,,"Beef, Chicken (Prepared), Cured Meat Products, Meat, Poultry & Game, Pork",,,39.73701,-104.94923,Colorado Proud member directory
River Ranch Farms,Agritourism,Agritourism,220 Langston Lane,Loveland,Larimer,80537,(720) 276-3772,,,,,,,,,,40.405746,-105.145805,USDA local food directories
RK Creations Farm,Farms & Ranches,On-Farm / Ranch Sales,33784 County Road 21,Elizabeth,,80107,(402) 606-9283,rkfarmersmarket@gmail.com,,,,,,,,,,,USDA local food directories
Rky Mtn Blends Ltd,Shops & Grocers,Food Maker,264 Spirit Way,New Castle,Garfield,81647,(970) 234-2085,,https://www.rkymtnblends.com,,https://www.instagram.com/rkymtnblends,,,Spices & Seasoning,,,39.577044,-107.520977,Colorado Proud member directory
RL Bison Ranch / Colorado Buffalo Grill Inc.,Farms & Ranches,On-Farm / Ranch Sales,4814 County Road 106,Elizabeth,Elbert,80107,(172) 042-7266,,,https://www.facebook.com/RLBISONRANCH,,,,"Buffalo, Corn, Meat, Poultry & Game, Nuts",,,39.241755,-104.581415,Colorado Proud member directory
Roaring Fork Mill,Shops & Grocers,Food Maker,4476 County Road 100,Carbondale,Garfield,81623,(937) 477-2310,,,,,,,Flour,,,39.418197,-107.154614,Colorado Proud member directory
Roasted Chili,Farm Stands,Roadside Market,16750 E Broncos Parkway,Centennial,Arapahoe,,,,https://roastedchili.com/,,,"9:00 AM–7:00 PM daily, in season",,"Roasted green chile, Hatch chile, Pueblo chile, Grand Junction chile, Cobblers, Salsas, Quesos, Pickles, BBQ sauces, Jellies, Cherry juice",,,39.578323,-104.793209,Farmers market vendor lists
Roasted Chili,Farm Stands,Roadside Market,1700 S Santa Fe Drive,Denver,Denver,80223,(720) 329-2946,wizzbizz101@yahoo.com,https://roastedchili.com/,,,"9:00 AM–7:00 PM daily, in season",,"Roasted green chile, Hatch chile, Pueblo chile, Grand Junction chile, Cobblers, Salsas, Quesos, Pickles, BBQ sauces, Jellies, Cherry juice",,,39.68588,-104.99186,USDA local food directories
Roasted Chili,Farm Stands,Roadside Market,4295 McIntyre St,Golden,Jefferson,80403,,,https://roastedchili.com/,,,"9:00 AM–7:00 PM daily, in season",,"Roasted green chile, Hatch chile, Pueblo chile, Grand Junction chile, Cobblers, Salsas, Quesos, Pickles, BBQ sauces, Jellies, Cherry juice",,,39.775678,-105.174732,Farmers market vendor lists
Rock 'n Roots Farm,Shops & Grocers,Food Maker,16451 Grange Rd.,Paonia,Delta,81428,,,https://rocknrootsfarm.com/,https://www.facebook.com/rocknrootsfarm,https://www.instagram.com/rocknrootsfarm/,,,"Body Care Products, Tea",,,38.892613,-107.573535,Colorado Proud member directory
Rock Bottom Ranch (ACES),CSA & Farm Shares; Agritourism,CSA Farm; Agritourism,2001 Hooks Spur Rd,Basalt,Eagle,81621,(970) 927-6760,,https://aspennature.org/locations/rock-bottom-ranch/,,https://www.instagram.com/acesaspen/,"Oct–May: Wed–Fri 9am–4pm; Jun–Sep: Wed–Fri 9am–4pm, Sat 9am–1pm",,"Seasonal vegetables, summer CSA, farm tours and hayrides, farm-to-table dinners",,,39.391086,-107.111159,Farmers market vendor lists
Rock Creek Farm U-Pick-em Pumpkin Patch,Agritourism,Agritourism,2005 South 112th Street,Broomfield,Boulder,80020,,,https://www.rockcreekfarm.com,,,,,,,,39.9509,-105.095603,USDA local food directories
Rock River Ranches,Farms & Ranches,On-Farm / Ranch Sales; Meat Producer & Packer,5460/#120 Colorado Boulevard,Commerce City,Adams,80022,(303) 294-0167,,https://rockriverbison.com/,https://m.facebook.com/rockriverbison,https://www.instagram.com/bisonrockriver/,,,"Animal & Pet Food, Bred Cows, Bred Heifers, Buffalo, Cured Meat Products, Dog Treats, Furs / Hides / Pelts, Hamburgers, Hunting, Meat, Poultry & Game, Spices & Seasoning, Stock / Yearling Cattle, Two-Year Old Bulls, Value-Added Food Products, Yearling / Open Heifers, Yearling Bulls",,,39.795049,-104.936056,Colorado Proud member directory
Rocking W Cheese,Farms & Ranches,On-Farm / Ranch Sales,5644 HWY 348,Olathe,Montrose,81425,(970) 323-5994,,,https://www.facebook.com/search/top?q=rocking%20w%20cheese%20%26%20milk,,,,"Cheese, Milk",,,38.606436,-108.023368,Colorado Proud member directory
Rocky Mountain Barkery,Shops & Grocers,Bakery,1106 Rudd Avenue,Cañon City,Fremont,81212,(719) 220-4870,,,https://www.facebook.com/rockymountainbarkery,,,,Dog Treats,,,38.447347,-105.234812,Colorado Proud member directory
Rocky Mountain Garlic,CSA & Farm Shares; Farm Stands; Garden Centers; Farms & Ranches,CSA Farm; Roadside Market; Garden Center / Greenhouse; On-Farm / Ranch Sales,9241 County Road 156,Salida,Chaffee,81201,(719) 221-6943,rockymountaingarlicllc@gmail.com,https://www.rockymountaingarlic.net/,https://www.facebook.com/RockyMountainGarlic,https://www.instagram.com/rockymountaingarlic1,Mon: 8 am - 6 pm; Tue: 8 am - 6 pm; Wed: 8 am - 6 pm; Thu: 8 am - 6 pm; Fri: 8 am - 6 pm; Sat: 8 am - 6 pm,"May, June, July, August, September, October, November","Hardneck garlic, vegetables",,,38.550883,-106.010492,Colorado Proud Farm Fresh Directory; Chaffee Provides
Rocky Mountain Golden Fleece llc,Farms & Ranches,On-Farm / Ranch Sales,781 R Road,Mack,Mesa,81525,(888) 251-5717,,,,,,,"Body Care Products, Fiber, Lamb, Meat, Poultry & Game Processing, Milk & Dairy Products, Services - Food & Agricultural, Value-Added Non-Food Products",,Yes,39.267013,-108.90331,Colorado Proud member directory
Rocky Mountain Indoor Farmers Market,Farmers' Markets,Farmers' Market,5816 South College Avenue,Fort Collins,Larimer,80525,(970) 593-1076,,,,,,,,,,40.506084,-105.077323,USDA local food directories
Rocky Mountain Natural Meats,Farms & Ranches,Meat Producer & Packer,9757 Alton Way,Henderson,Adams,80640,(800) 327-2706,,https://greatrangebison.com/,https://www.facebook.com/greatrangebison,https://www.instagram.com/greatrangebison,,,"Meat, Poultry & Game",,,39.873342,-104.882813,Colorado Proud member directory
Rocky Mountain Pumpkin Ranch,Farm Stands; Garden Centers; Agritourism; Farms & Ranches,Roadside Market; Garden Center / Greenhouse; Agritourism; On-Farm / Ranch Sales,9059 Ute Hwy,Longmont,Boulder,80503,(303) 684-0087,ADMIN@RMPR.Farm,https://rockymtnpumpkinranch.com/,https://www.facebook.com/people/Rocky-Mountain-Pumpkin-Ranch/100068724774710/#,https://www.instagram.com/rockymountainpumpkinranch/,Mon: 9 a.m. - 6 p.m.; Tue: 9 a.m. - 6 p.m.; Wed: 9 a.m. - 6 p.m.; Thu: 9 a.m. - 6 p.m.; Fri: 9 a.m. - 6 p.m.; Sat: 9 a.m. - 6 p.m.; Sun: 9 a.m. - 6 p.m.,"May, June, July, August, September, October, November","Apples, Beets, Bell Peppers, Broccoli, Cabbage, Cantaloupe, Chile Peppers, Chile - Roasted, Cucumbers, Herbs, Kale, Leeks, Lettuce, Peaches, Pears, Potatoes, Pumpkins, Radishes, Spinach, Squash, Sweet Corn, Watermelon, Zucchini, Turnips, Beef, Lamb, Pork, Sausage, Baked Goods, Cheese, Honey, Jams, Jellies, Pickles, Popcorn, Cider, Juices, Handcrafted Gifts",,Yes,40.203346,-105.141876,Colorado Proud Farm Fresh Directory; USDA local food directories
Rome's Sausage,Farms & Ranches,Meat Producer & Packer,15780 W. 6th Ave Frontage Road,Golden,Jefferson,80401,(303) 296-7663,,https://www.romesausage.com,,,,,,,,39.724396,-105.177479,Colorado Proud member directory
Romero Mexican Wedding Cookies,Shops & Grocers,Bakery,2171 S Grape Street,Denver,Denver,80222,(303) 834-7672,,https://romerocookies.com/,https://www.facebook.com/profile.php?id=61565071059406,https://www.instagram.com/romerocookies/,,,Cookies,,,39.677428,-104.925607,Colorado Proud member directory
Rooted Broth,Shops & Grocers,Food Maker,1560 Boulder Street,denver,Denver,80211,(646) 580-5816,,https://rootedbroth.co,,https://www.instagram.com/rootedbroth/,,,Tea,,,39.758863,-105.010404,Colorado Proud member directory
Roots From Eden CSA Market and Bakery,CSA & Farm Shares; Farms & Ranches,CSA Farm; On-Farm / Ranch Sales,2024 16 Rd,Loma,Mesa,81524,(970) 589-9297,,,https://www.facebook.com/search/top?q=roots%20from%20eden%20csa,,,,"Attractions & Activities, Baked Goods, Eggs, Flour, Herbs, Honey & Honey Products, Hot Peppers (Chili Peppers), Jam, Jam, Jelly & Preserves, Kale, Meat, Poultry & Game, Rabbit",,,39.295081,-108.767266,USDA local food directories; Colorado Proud member directory
Roots Local Goods LLC,Farms & Ranches,On-Farm / Ranch Sales,87/a Main Street,Keenesburg,Weld,80643,(303) 235-8203,,https://rootslocalgoods.com,https://m.facebook.com/profile.php/?id=61552416398158,,,,"Apples, Baked Goods, Baking Mixes & Supplies, Barbecue, Beans, Beans (Field/Dry), Beef, Beets, Beverage Products, Blackberries, Blueberries, Body Care Products, Bread, Broccoli, Brussels Sprouts, Butter, Cabbage, Cakes, Candy & Confections, Carrots, Celery, Cheese, Cheese Confections / Snacks, Cherries, Chicken, Chives, Chocolate & Cocoa Products, Christmas Events & Activities, Cider, Cilantro, Coffee, Coffee Beans, Condiments & Sauces, Cookies, Corn, Corn Chips, Crafts, Cream, Cucumbers, Cured Meat Products, Dog Treats, Dressing, Dried Fruit, Eggs, Elderberries, Essential Oils, Fats & Oils, Flavor Concentrates, Flavor Extracts, Flavorings & Extracts, Flaxseed, Flour, Flowers, Frozen Dairy Desserts, Fruit, Garlic, Ginger, Gourds (Edible), Grain & Cereal Products, Grains & Oilseeds, Greens, Grits, Herbs, Honey, Horseradish, Hot Peppers (Chili Peppers), Ice Cream, Jam, Jam, Jelly & Preserves, Juice, Lamb, Lavender, Lemon Verbena, Lentils, Lettuce, Marjoram, Meat, Poultry & Game, Milk, Milk & Dairy Products, Muffins, Mushrooms, Muskmelons, Mustard, Nut & Seed Products, Nuts, Oats, Olives, Onions, Oregano, Parsley, Parsnips, Pasta (Dry), Peaches, Peanuts, Pears, Peas, Peas, Pecans, Peppers, Pickles & Pickled Products, Pizza, Plums, Popcorn & Popcorn Products, Pork, Potato Chips, Potatoes, Prepared Food, Pretzels, Pumpkins, Radishes, Raspberries, Rice, Rosemary, Rutabaga, Sage, Salads, Salsa, Shallots, Snack Food Products, Soft Drinks, Soups & Stews, Spice Blends, Spices & Seasoning, Spinach, Strawberries, Summer Squash, Sweet Corn, Syrups, Tea, Thyme, Tomatillos, Tomatoes, Tortillas, Turkey, Vegetables, Walnuts, Watermelon, Wheat",,Yes,40.108276,-104.520059,Colorado Proud member directory
Rovegno's Produce,Agritourism; Farms & Ranches,Agritourism; On-Farm / Ranch Sales,216 E. US Highway 50 Br,Avondale,Pueblo,81022,(719) 251-0588,eric@rovegnosproduce.com,,https://www.facebook.com/rovegnos-produce-349696805054143,,,,,,,38.236289,-104.347917,USDA local food directories
"Roy King & Son's, LLC",Farms & Ranches,On-Farm / Ranch Sales,1305 Glenwood Avenue,Grand Junction,Mesa,81501,(970) 245-6420,,,,,,,"Alfalfa, Grass",,,39.078136,-108.551117,Colorado Proud member directory
Royal Gorge Farmers Market,Farmers' Markets,Farmers' Market,"816 Royal Gorge Blvd, Cañon City, CO 81212 (Gateway Depot and Plaza, corner of US Hwy 50 and Hwy 115)",Cañon City,Fremont,81212,(719) 275-2331,foundation@royalgorgechamberalliance.org,,https://www.facebook.com/royalgorgefarmersmarket,,Sat: 9:00am - 1:00pm,"July, August, September","Fresh produce, handmade goods, and unique crafts (local produce, baked goods, specialty foods, farm products)",,,38.441331,-105.235124,Colorado Proud Farm Fresh Directory; Colorado Proud farmers market map; Colorado Farmers Market Association; Colorado Proud member directory
Ruckman Family Orchards,Farms & Ranches,On-Farm / Ranch Sales,3576 E 1/2 Road,Palisade,Mesa,81526,(970) 462-7672,,https://www.ruckmanfamilypalisadepeaches.com/,https://www.facebook.com/RuckmanFamilyOrchards/,https://www.instagram.com/ruckmanfamilypalisadepeaches/,,,"Apricots, Blackberries, Cherries, Fruit, Grapes, Peaches",,,39.08464,-108.389445,Colorado Proud member directory
Rudi's Bakery,Shops & Grocers,Bakery,3300 Walnut Street,Boulder,Boulder,80301,(877) 293-0876,,https://rudisbakery.com/,,https://www.instagram.com/rudisbakery/,,,"Baked Goods, Baked Goods Manufacturing, Sandwiches / Subs / Hoagies",,Yes,40.018994,-105.248862,Colorado Proud member directory
Rugged Cut Soaps,Farms & Ranches,On-Farm / Ranch Sales,16690 rabbit track trail,Colorado springs,El Paso,80930,,,,,,,,"Body Care Products, Flowers, Fruit, Jam, Jam, Jelly & Preserves, Vegetables",,,38.775823,-104.516574,Colorado Proud member directory
"Rusler Produce, Inc.",Farms & Ranches,On-Farm / Ranch Sales,47762/96 Colorado 96,Avondale,Pueblo,81022,(719) 947-3361,,,,,,,"Beans, Grain & Cereal Products",,,38.261943,-104.351854,Colorado Proud member directory
Rustic Rise Sourdough LLC,Shops & Grocers,Food Maker,31980 County Hwy 109,Hugo,Lincoln,80821,(712) 309-5200,,,https://www.facebook.com/share/18R2xuXGsX/?mibextid=wwXlfr,,,,Eggs,,,39.111814,-103.479865,Colorado Proud member directory
Rye Resurgence Project,Farms & Ranches; Shops & Grocers,On-Farm / Ranch Sales; Food Maker,623 Fourth Street,Alamosa,Alamosa,81101,(719) 589-2230,,https://ryeresurgence.com/,,https://www.instagram.com/ryeresurgence/,,,Rye,,Yes,37.46953,-105.866622,Colorado Proud member directory
"S. A. Wiley Sustainable Fresh Farmed Fish Hatchery, LLC",Farms & Ranches,On-Farm / Ranch Sales,301 S. Howes Street,Fort Collins,Larimer,80522,(970) 646-5061,,,,,,,,,,40.583664,-105.081474,Colorado Proud member directory
Sackett's Farm Market,Farm Stands,Roadside Market,20277 US 50,Rocky Ford,Otero,81067,(719) 469-9785,sackettsfarmmarket@gmail.com,,,,Mon: 8am-7pm; Tue: 8am-7pm; Wed: 8am-7pm; Thu: 8am-7pm; Fri: 8am-7pm; Sat: 8am-7pm; Sun: 8am-7pm,"July, November","Apples, Apricots, Beets, Bell Peppers, Cabbage, Cantaloupe, Cherries, Chile Peppers, Chile - Roasted, Cucumbers, Cauliflower, Eggplant, Garlic, Grapes, Green Beans, Honeydew, Herbs, Lettuce, Okra, Onions, Peaches, Pears, Pinto Beans, Plums, Potatoes, Pumpkins, Radishes, Squash, Sweet Corn, Tomatoes, Watermelon, Zucchini, Honey, Jams, Jellies, Pickles, Popcorn, Cider, Juices",Yes,,38.046351,-103.702861,Colorado Proud Farm Fresh Directory; Colorado Proud member directory
Sacred Song Beef,Farms & Ranches,On-Farm / Ranch Sales,6982 Road 41,Mancos,Montezuma,81328,(970) 570-5270,,https://www.sacredsongfarm.com,https://www.facebook.com/sacredsongfarm,https://www.instagram.com/sacredsongfarm,,,Beef,,,37.312142,-108.289195,Colorado Proud member directory
"Sage Mountain Freeze-Dry, LLC",Shops & Grocers,Food Maker,13901 E Marina Dr,Aurora,Arapahoe,80014,(303) 882-1015,,https://sagemountainfreezedry.com,,,,,"Apples, Bananas, Blueberries, Broccoli, Brussels Sprouts, Candy & Confections, Cauliflower, Celery, Corn, Cranberries, Garlic, Herbs, Ice Cream, Kiwi",,Yes,39.663805,-104.827903,Colorado Proud member directory
Salida Cattle Company,Farms & Ranches,On-Farm / Ranch Sales,,,Chaffee,,(719) 221-2267,salidacattlecompany@gmail.com,http://www.salidacattlecompany.com,,,,,"Beef (steaks, hamburger), grass-fed and corn-finished cattle",,,38.59878,-106.061978,Chaffee Provides
Salida Community Center,Food Assistance,Food Bank,305 F. Street,Salida,Chaffee,81201,(719) 539-3351,salidacommunitycenter@yahoo.com,http://www.salidacommunitycenter.org,,,,,Beef/Meat,,,38.534341,-105.99333,Chaffee Provides
Salida Farmers Market,Farmers' Markets,Farmers' Market,"Alpine Park, 404 E Street, Salida, CO 81201",Salida,Chaffee,81201,(719) 207-5787,info@foodshedalliance.com,https://foodshedalliance.com,,https://instagram.com/Salida_Farmers_Market,Sat: 8:00am - 12:00pm (Jun 6 - Sep 11); Sat: 9:00am - 12:00pm (Sep 12 - Oct 24),"June, July, August, September, October","Apples, Apricots, Asparagus, Beets, Bell Peppers, Broccoli, Brussels Sprouts, Cabbage, Cantaloupe, Carrots, Cauliflower, Celery, Cherries, Chile Peppers, Chile - Roasted, Cucumbers, Eggplant, Garlic, Green Beans, Herbs, Honeydew, Kale, Leeks, Lettuce, Microgreens, Mushrooms, Nectarines, Okra, Onions, Pears, Peaches, Peas, Plums, Potatoes, Pumpkins, Radishes, Raspberries, Rhubarb, Spinach, Squash, Strawberries, Sweet Corn, Tomatoes, Turnips, Watermelon, Zucchini, Beef, Jerky, Pork, Poultry, Sausage, Baked Goods, Cheese, Eggs, Honey, Jams, Jellies, Pickles, Popcorn, Cider, Juices, Christmas Trees, Handcrafted Gifts",Yes,,38.533052,-105.993304,Colorado Proud Farm Fresh Directory; Colorado Proud farmers market map; Colorado Farmers Market Association; USDA local food directories
Salida First Presbyterian Church,Food Assistance,Food Bank,"7 Poncha Blvd, Salida, CO 81201",Salida,Chaffee,81201,(719) 539-6422,clocklady8@yahoo.com,https://www.salidapresbyterian.org/,,,Thu: 1:00pm - 3:30pm,,Non-perishable pantry staples,,,38.536352,-105.996406,Chaffee Provides
SALT Craft Meat Market,Restaurants & Caterers; Farms & Ranches,Restaurant; On-Farm / Ranch Sales,611 Wilcox Street; Ste B,Castle Rock,Douglas,80104,(720) 925-1318,hello@saltmeatmarket.com,https://www.saltmeatmarket.com/,https://www.facebook.com/saltmeatmarket,https://www.instagram.com/saltmeatmarket,Mon: 9:30am - 6pm; Tue: 9:30am - 6pm; Wed: 9:30am - 6pm; Thu: 9:30am - 6pm; Fri: 9:30am - 6pm; Sat: 9am - 5pm,"January, February, March, April, May, June, July, August, September, October, November, December","Beef, Buffalo, Jerky, Lamb, Pork, Poultry, Sausage, Elk, Salmon, Halibut, Cod, etc., Baked Goods, Pickles, Honey, Eggs, Cheese, Jams, Jellies",,,39.375702,-104.86039,Colorado Proud Farm Fresh Directory
Sambrito Creek Farm,Farms & Ranches,On-Farm / Ranch Sales,1351 County Road 988,Ignacio,Archuleta,81137,(970) 585-6355,sambritocreekfarm@gmail.com,,https://facebook.com/sambritocreekfarm,,Sat: 8am -4pm; Sun: 8am - 4pm,"January, February, March, April, May, June, July, August, September, October, November, December","Lamb, Wool, Tanned Hides",,,37.025811,-107.475566,Colorado Proud Farm Fresh Directory; Colorado Proud member directory
San Luis Peoples Market,Shops & Grocers,Grocery Store,319 Main St,San Luis,Costilla,81152,(719) 672-3346,,https://sanluispeoplesmarket.org/,https://www.facebook.com/share/1A1Abacjmb/?mibextid=wwXIfr,,,,"Beans (Field/Dry), Cabbage, Carrots, Cauliflower, Chard, Chicken (Prepared), Cilantro, Corn, Crops & Agricultural Products",Yes,Yes,37.199151,-105.426548,Colorado Proud member directory
San Luis Valley Food Company,Restaurants & Caterers; Shops & Grocers,Caterer; Food Maker,515 Columbia Ave,Del Norte,Rio Grande,81132,(719) 657-7049,slvfoodco@gmail.com,http://www.boomtownbreakfastco.com,https://www.facebook.com/p/San-Luis-Valley-Food-Company-100089572950481/,https://www.instagram.com/slvfoodco/,,,Catering; Boomtown Breakfast Co grab-and-go breakfast burritos made with Colorado ingredients; contract production,,,37.67966,-106.354795,Farmers market vendor lists
Sandy's Way Microfarm,CSA & Farm Shares; Garden Centers; Farms & Ranches,CSA Farm; Garden Center / Greenhouse; On-Farm / Ranch Sales,3833 BEAR CANYON CIR,Sedalia,Douglas,80135,(720) 722-3633,,https://sandyswayfarm.com,https://www.facebook.com/SandysWayCSA,https://www.instagram.com/sandyswaymicrofarm/,Fri: CALL; Sat: Call,"May, June, July, August, September, October, November","Apples, Apricots, Beets, Bell Peppers, Carrots, Cherries, Chile Peppers, Chile - Roasted, Cucumbers, Green Beans, Herbs, Kale, Lettuce, Microgreens, Onions, Peaches, Pears, Peas, Radishes, Spinach, Squash, Tomatoes, Turnips, Zucchini, Beef, Poultry, Sausage, Baked Goods, Cheese, Eggs, Honey",,,39.357216,-104.957262,Colorado Proud Farm Fresh Directory; USDA local food directories; Colorado Proud member directory
Sangres Best,Farms & Ranches,On-Farm / Ranch Sales,300 Co Rd 125,Westcliffe,Custer,81252,(719) 300-5344,,https://www.sangresbest.com,https://www.facebook.com/SangresBest/,https://www.instagram.com/sangresbest,,,Beef,,,38.083074,-105.4693,Colorado Proud member directory
SauerDough Bakes,Shops & Grocers,Bakery,6820 South Valleyhead Court,Aurora,Arapahoe,80016,(612) 910-9346,,https://www.sauerdoughbakes.com,https://www.facebook.com/share/1Cha332dWL/?mibextid=wwXIfr,https://www.instagram.com/sauerdough_bakes?igsh=c3hoanppbTdvYXE2&utm_source=qr,,,Baked Goods,,Yes,39.592792,-104.664485,Colorado Proud member directory
Sauvage Spectrum Estate Wainery,Wineries,Winery,676 38 1/4 Road,Palisade,Mesa,81526,(970) 464-2127,,https://sauvagespectrum.com,https://www.facebook.com/sauvagespectrum,https://www.instagram.com/sauvagespectrumwines,,,Wine,,,39.103229,-108.341263,Colorado Proud member directory
Scanga Meat Company,Farms & Ranches,Meat Producer & Packer,"9250 County Road 156, Salida, CO",Salida,Chaffee,81201,(719) 539-3511,retailoffice@scangameat.com,http://www.scangameat.com/,,,,,"Beef/Meat, Poultry/Eggs",,,38.553927,-106.00867,Chaffee Provides
Scare Crow Farms,Agritourism,Agritourism,445 Hwy. 385,Julesburg,Sedgwick,80737,(970) 854-2330,,,,,,,,,,40.755177,-102.286976,USDA local food directories
Scarecrow Gardens,Farms & Ranches,On-Farm / Ranch Sales,North 47th Avenue,Greeley,,80631,,scarecrowgardens@email.com,,,,,,,,,,,USDA local food directories
Schenck Ag LLC,Farms & Ranches,On-Farm / Ranch Sales,18050 Colorado 89,Holly,Prowers,81047,(719) 688-6203,,,,,,,"Alfalfa, Corn, Goat, Sorghum, Wheat",,,37.897918,-102.11638,Colorado Proud member directory
Scofield Fruits LLC,Farm Stands,Roadside Market,1821 W Eisenhower Blvd,Loveland,Larimer,80537,(970) 622-8228,info@scofieldfruits.com,https://scofieldfruits.com,https://www.facebook.com/scofieldfruit,https://www.instagram.com/scofieldfruits,Mon: 9 a.m. - 6 p.m.; Tue: 9 a.m. - 6 p.m.; Wed: 9 a.m. - 6 p.m.; Thu: 9 a.m. - 6 p.m.; Fri: 9 a.m. - 6 p.m.; Sat: 9 a.m. - 6 p.m.; Sun: 10 a.m. - 5 p.m.,"May, June, July, August, September","Apples, Apricots, Beets, Cantaloupe, Cherries, Chile Peppers, Chile - Roasted, Cucumbers, Asparagus, Bell Peppers, Broccoli, Cabbage, Cauliflower, Garlic, Green Beans, Honeydew, Nectarines, Okra, Onions, Peaches, Pears, Peas, Plums, Potatoes, Raspberries, Rhubarb, Squash, Strawberries, Sweet Corn, Tomatoes, Watermelon, Zucchini, Pie (Sour) Cherries, Eggs, Honey, Jams, Jellies, Pickles, Popcorn, Cider, Juices",Yes,,40.407307,-105.102994,Colorado Proud Farm Fresh Directory; Colorado Proud member directory
Scratch Dough Co,Shops & Grocers,Bakery,9560 Castle Ridge Cir,Highlands Ranch,Douglas,80129,(907) 947-0075,,https://www.scratchdough.co,https://www.facebook.com/p/Scratch-Dough-Co-61574759739324/,https://www.instagram.com/scratchdough.co/,,,Baked Goods,,,39.541944,-105.015736,Colorado Proud member directory
Searle Ranch,Farms & Ranches,On-Farm / Ranch Sales,18911 Cherry Springs Ranch Dr.,Monument,El Paso,80132,(719) 481-3735,stan@searleranch.com,https://searleranch.com,,,,,,,,39.107269,-104.78193,USDA local food directories
Season It Up,Shops & Grocers,Grocery Store,39523 Sunset Ridge Court,Severance,Weld,80610,(940) 736-4690,,https://theseasonitup.com/,https://www.facebook.com/TheSeasonItUp/,,,,"Spice Blends, Spices & Seasoning",,,40.57656,-104.837117,Colorado Proud member directory
Seeker Sauce LLC,Shops & Grocers,Food Maker,13961 West Cornell Avenue,Lakewood,Jefferson,80228,(303) 219-0424,,https://seekersauce.com,https://www.facebook.com/seekersauce,https://www.instagram.com/seeker.sauce,,,Salsa,,,39.666081,-105.152382,Colorado Proud member directory
Sexy Pizza,Restaurants & Caterers,Restaurant,1660 N Pearl St,Denver,Denver,80203,(402) 416-2360,,https://sexy.pizza,,,,,Pizza,,,39.742803,-104.979911,Colorado Proud member directory
SG Cattle Co LLC,Farms & Ranches,On-Farm / Ranch Sales; Meat Producer & Packer,6974 Gladys Street,Colorado Springs,El Paso,80908,(970) 208-7515,,,https://www.facebook.com/SGCattleCo?mibextid=ZbWKwL,,,,"Beef, Bred Cows, Bred Heifers, Dog Treats, Livestock - Beef Cattle",Yes,,39.024611,-104.697753,Colorado Proud member directory
Shafer Kids LLC.,Shops & Grocers,Food Maker,19525 Still Glen Way,Colorado Springs,El Paso,80908,(303) 895-4327,,,,,,,Grain & Cereal Products,,,39.114887,-104.742751,Colorado Proud member directory
Shah’s Kabob & Gyro,Restaurants & Caterers,Restaurant,940 Eagleridge Boulevard,Pueblo,Pueblo,81008,(719) 766-1088,,https://www.pickupshahs.com/,https://m.facebook.com/shahskabob/,https://www.instagram.com/shahskabob,,,,,,38.319933,-104.621323,Colorado Proud member directory
Shaw Brand Beef,Farms & Ranches,On-Farm / Ranch Sales,8487 County Road K,Joes,Yuma,80822,(970) 358-4228,,,https://www.facebook.com/Shaw-Brand-Beef-101015155953480,,,,"Meat, Poultry & Game",,,39.691637,-102.632284,Colorado Proud member directory
Shining Mountains Farm,Farms & Ranches,On-Farm / Ranch Sales,99 N River Road,Snowmass,Pitkin,81654,,,https://www.smfcolorado.com/smf-farm,,https://www.instagram.com/shiningmountainsfarm/,,,"Grains, beans, squash, pasture-raised chicken and duck, sheep, mushrooms; bread flour via Roaring Fork Mill",,,39.333569,-106.988353,Farmers market vendor lists
Shish Kabob Grill,Restaurants & Caterers,Restaurant,1503 Grant Street,Denver,Denver,80203,(303) 837-8800,,https://shishkabobgrill.com/,https://www.facebook.com/shishkabobgrill/,https://www.instagram.com/shishkabobgrill/,,,,,,39.740239,-104.983836,Colorado Proud member directory
Simple But Delicious,Shops & Grocers,Food Maker,,,,,(520) 208-7093,,,,,,,Baked Goods,,,,,Colorado Proud member directory
Simply Fresh Microgreens,Farm Stands,Roadside Market,2860 Callan Court,Broomfield,Broomfield,80023,(720) 772-7476,,https://simplyfreshmicrogreens.com,,,,,Microgreens,,,39.952873,-105.025743,Colorado Proud member directory
Simply Natural at Desiderata Ranch,Agritourism,Agritourism,4617 West County Road 2,Berthoud,Larimer,80513,(303) 910-6130,elboe80@gmail.com,,http://www.facebook.com/desiderataranch,,,,,,,40.261291,-105.159539,USDA local food directories
"Sisu Farms, LLC",Farms & Ranches,On-Farm / Ranch Sales,405 County Road 61,Granby,Grand,80446,(970) 531-1778,,https://www.sisu.farm,https://www.facebook.com/sisufarms/,,,,"Beef, Chicken, Eggs, Hay & Forage, Pork, Turkey",,,40.094626,-105.939351,Colorado Proud member directory
Skinny P Ranch,Farms & Ranches,On-Farm / Ranch Sales,54171 E County Road 26,Strasburg,Arapahoe,80136,(303) 210-0902,,https://www.skinnypranch.com/,https://www.facebook.com/people/Skinny-P-Ranch/61560181288156/,https://www.instagram.com/skinny_p_ranch/,,,"Chicken, Eggs",,,39.653102,-104.354751,Colorado Proud member directory
SkyPilot Farm,Farms & Ranches,On-Farm / Ranch Sales,10384 Airport Road,Longmont,Boulder,80503,(970) 581-0647,,,https://www.facebook.com/skypilotfarm,https://www.facebook.com/skypilotfarm,,,"Beef, Eggs, Lamb, Pork",,,40.1629,-105.149767,Colorado Proud member directory
Skål Farm,Agritourism,Agritourism,590 W. Colfax,Golden,Jefferson,80401,(414) 517-1679,skalfarm@gmail.com,,,,,,,,,39.721311,-105.198028,USDA local food directories
Slash J Beef Co LLC,Farms & Ranches,On-Farm / Ranch Sales,601 County Road 19,Fort Morgan,Morgan,80701,(970) 768-6620,,https://www.slashjbeef.com,https://www.facebook.com/profile.php?id=61557976180805&mibextid=LQQJ4d,https://www.instagram.com/slashjbeef?igsh=MXU0OTM0ZmNpcTd0aw%3D%3D&utm_source=qr,,,"Beef, Fed Cattle, Hamburgers, Livestock - Beef Cattle",,,40.010193,-103.794753,Colorado Proud member directory
Slavinka Food,Shops & Grocers,Bakery,208 Clayton st,Brush,Morgan,80723,(970) 467-6776,,,https://www.facebook.com/SlavinkaFood,,,,"Baked Goods, Baked Goods Manufacturing, Cakes",,,40.255736,-103.623519,Colorado Proud member directory
SLV Apothecary,Shops & Grocers,Grocery Store,1617 State Ave,Alamosa,Alamosa,81101,(719) 496-6114,slvapothecary@gmail.com,https://www.slvapothecary.com/,https://www.facebook.com/SanLuisValleyHerbShop/,,,,"Local herbs, produce, dried goods, bread (Tumbleweed Bread), meat, eggs, cheese, custom herbal teas, to-go soups",,,37.456856,-105.865564,Farmers market vendor lists
Smith Family Orchards,Farm Stands; Farms & Ranches,Roadside Market; On-Farm / Ranch Sales,680 36 1/4 Rd,Palisade,Mesa,81526,(970) 424-8888,smithfamilyorchards@outlook.com,https://Www.smithfamilyorchard.com,https://smithfamilyorchardsstore.com,https://instagram.com/smithfamilyorchards.palisade,,"March, April, May, June, August, July, September, November, December","Cherries, Apricots, Peaches, Almonds, Baked Goods, Cheese, Eggs, Honey, Jams, Jellies, Handcrafted Gifts",,,39.103254,-108.379818,Colorado Proud Farm Fresh Directory; Colorado Proud member directory
Smith Serenity LLC,Farms & Ranches,On-Farm / Ranch Sales,19507 State Highway 71,Ordway,Crowley,81063,(719) 241-4999,,https://smithserenity.com/,https://www.facebook.com/people/Smith-Serenity-LLC/61574752808206/#,https://www.instagram.com/smithserenityllc,,,"Beef, Eggs",,,38.400353,-103.723951,Colorado Proud member directory
Smittys Little Farm LTD,Shops & Grocers,Food Maker,,,,,(970) 589-3804,,https://www.smittyslittlefarm.com,https://www.facebook.com/smittys.little.farm,,,,Body Care Products,,,,,Colorado Proud member directory
Smoke Something BBq,Restaurants & Caterers,Caterer,1745 Erie Ave,Pueblo,Pueblo,81001,(719) 621-8173,,,,,,,Barbecue,,,38.283987,-104.600696,Colorado Proud member directory
Smokey Pines Cottage Kitchen,Farm Stands; Shops & Grocers,Roadside Market; Food Maker,23838 CR 30.1,Boncarbo,Las Animas,81024,(719) 845-7451,,,https://www.facebook.com/profile.php?id=61566033072117&mibextid=LQQJ4d,https://www.instagram.com/smokeypines_cottagekitchen/profilecard/?igsh=NmZnYWl0bWs3OGo=,,,"Baked Goods, Candy & Confections, Cookies, Dried Fruit, Eggs, Jam, Jam, Jelly & Preserves, Muffins, Nut & Seed Products, Pretzels (Soft)",,,37.213165,-104.695094,Colorado Proud member directory
Snakes & Cakes,Shops & Grocers,Food Maker,5450 Co Rd S 112.6,Alamosa,Alamosa,81101,(720) 227-5143,,https://linktr.ee/JzsReptiles,https://www.facebook.com/people/Jzs-Reptiles/100063765810417/,https://www.instagram.com/jzs_reptiles/,,,Baked Goods,,,37.469449,-105.870021,Colorado Proud member directory
Snowden Meats,Farms & Ranches,On-Farm / Ranch Sales,Rcr 5,Toponas,,80479,(970) 846-9774,,https://snowdenmeats.com,https://www.facebook.com/Snowden-Meats-102630765157360,https://www.instagram.com/snowdenmeats/,,,Beef,,,,,Colorado Proud member directory
Snyder Hill Farms,Farms & Ranches; Shops & Grocers,On-Farm / Ranch Sales; Food Maker,937 22 1/2 Rd,Grand Junction,Mesa,81505,(979) 777-3867,,,,,,,"Eggs, Honey & Honey Products",,,39.143984,-108.636376,Colorado Proud member directory
SOIL Sangre de Cristo,Food Assistance,Organization,"PO Box 1445, Salida, CO 81201",,,,(719) 221-3840,board@soilsangredecristo.org,https://www.soilsangredecristo.org/,https://www.facebook.com/Soilsangredecristo/,https://www.instagram.com/soilsangredecristo/,,,,,,,,Chaffee Provides
Solomon's Grocery & Deli,Shops & Grocers,Grocery Store,1939 S Havana st,Aurora,Arapahoe,80014,(303) 337-6454,,https://onhavanastreet.com/business/solomons-grocery-european-deli/,,,,,"Baked Goods, Beverage Products, Bread, Cakes, Candy & Confections, Condiments & Sauces, Cured Meat Products, Food Retail Supplies & Equipment, Grain & Cereal Products, Honey & Honey Products, Jam, Jam, Jelly & Preserves, Local Delivery, Non-Alcoholic Beverages & Products, Nuts, Salads",Yes,,39.681244,-104.867604,Colorado Proud member directory
Something Cute Co.,Shops & Grocers,Bakery,Online Only,Cortez,Montezuma,81321,(970) 403-5568,,https://www.SomethingCuteCo.com,https://www.fb.me/EatCute,https://www.instagram.com/somethingcuteco,,,"Baked Goods, Cakes",,,37.348883,-108.585926,Colorado Proud member directory
Something From the Farm,Agritourism,Agritourism,8020 S Timberline Rd,Fort Collins,Larimer,80525,(970) 214-6945,somethingfromthefarm@gmail.com,https://somethingfromthefarm.com/,,,,,,,,40.474164,-105.039379,USDA local food directories
SongHaven Farm,CSA & Farm Shares,CSA Farm,,Cahone,,81320,,,http://www.songhavenfarm.com,,,,,,,,,,USDA local food directories
Sonrise Farm Colorado,Farms & Ranches,On-Farm / Ranch Sales,36835 County Road 21,Windsor,Weld,80550,(970) 702-3624,,,,,,,"Gourds (Edible), Halloween Events & Activities, Hay & Forage, Local Delivery, Pumpkins, Straw, Sunflower, Sweet Corn",,,40.535185,-104.87037,Colorado Proud member directory
"SoulSmile Health & Wellness, LLC",Shops & Grocers; Restaurants & Caterers,Food Maker; Caterer,2101 W 20th Street,Pueblo,Pueblo,81003,(720) 296-2773,,https://go.thryv.com/site/SoulSmileHealthWellness/livesite,https://www.facebook.com/share/17gBMP5Q8Q/?mibextid=LQQJ4d,https://www.instagram.com/soulsmile_health_and_wellness/profilecard/?igsh=MXNtaGprcm14OGdlZg==,,,"Catering Services, Dairy Alternative Products, Educational Seminars, Essential Oils, Events, Local Delivery, Off-Premise Catering, Prepared Food, Retreats, Thanksgiving Events & Activities",,,38.285631,-104.642642,Colorado Proud member directory
Sourdough by Tori,Shops & Grocers,Bakery,349 Glaab ln,Craig,Moffat,81625,(970) 629-2544,,https://sourdoughbytori.com/,https://facebook.com/toripingley,https://instagram.com/toripingley,,,,,,40.503187,-107.66973,Colorado Proud member directory
South Fork Farmers Market,Farmers' Markets,Farmers' Market,"28 Silver Thread Ln, South Fork, CO 81154",South Fork,Rio Grande,81154,(719) 873-5512,,https://www.southfork.org/market-at-south-fork,https://www.facebook.com/SouthForkCOFarmersMarket/,,"Fri, Sat: 9:00am - 1:00pm","June, July, August, September","Artisans, farmers and vendors offering items grown or produced in Colorado, New Mexico and other nearby states; artisan crafts, culinary delights, and handmade treasures",,,37.670713,-106.630439,USDA local food directories
South University Farmers Market,Farmers' Markets,Farmers' Market,"5859 S University Blvd, Greenwood Village, CO 80121",Greenwood Village,Arapahoe,80212,(720) 985-9607,toddandtoni3@msn.com,https://southuniversityfarmersmarket.com,https://www.facebook.com/SouthUniversityFridayFarmersMarket/,https://www.instagram.com/sufarmersmarket/,Fri: 10:00am - 2:00pm,"May, June, July, August, September, October","Local produce from farmers; other vendor products (food, artisan goods) allowed with market manager approval",,,39.610481,-104.960789,USDA local food directories
Southeast Farmers Market,Farmers' Markets,Farmers' Market,2050 Jet Wing Drive,Colorado Springs,El Paso,80916,(719) 491-2746,sonya.sefc@gmail.com,,,,Sun: 11am-3pm,"June, July, September, August, October","Apples, Apricots, Beets, Bell Peppers, Broccoli, Cabbage, Cantaloupe, Carrots, Cauliflower, Cherries, Chile Peppers, Chile - Roasted, Cucumbers, Eggplant, Garlic, Green Beans, Herbs, Honeydew, Kale, Leeks, Lettuce, Mushrooms, Nectarines, Onions, Peaches, Pears, Plums, Potatoes, Pumpkins, Radishes, Rhubarb, Spinach, Squash, Tomatoes, Turnips, Watermelon, Zucchini, Beef, Jerky, Lamb, Pork, Poultry, Baked Goods, Eggs, Cheese, Honey, Jams, Jellies, Pickles",,,38.801706,-104.750337,Colorado Proud Farm Fresh Directory; Colorado Proud farmers market map
Southlands Farmers' Market,Farmers' Markets,Farmers' Market,6155 S. Main St.,Aurora,Arapahoe,80016,(303) 627-5000,williamsfamilymarkets@gmail.com,https://www.shopsouthlands.com/eventprograms/farmers-market/,https://www.facebook.com/pages/Southlands-Farmers-Market/285277572341,,Saturday 8AM-1PM,"May, June, July, August, September","Organic, pesticide-free produce, fresh dairy products, baked goods, salsas, honey, and more",,,39.605112,-104.70888,USDA local food directories
Southwest Farm Fresh Harvest Shares,CSA & Farm Shares,CSA Farm,,Mancos,Montezuma,81328,,swff.csa@gmail.com,https://www.southwestfarmfresh.com,https://www.facebook.com/SouthwestFarmFresh/,,,"June, July, August, September, October, November, December",,,,37.344996,-108.289249,USDA local food directories
Southwest Plaza Farmers' Market,Farmers' Markets,Farmers' Market,8501 W. Bowles Ave,Littleton,Jefferson,80123,(303) 655-3784,starnertoni@yahoo.com,https://www.denverfarmersmarket.com/,https://www.facebook.com/denverfarmersmarket,https://www.instagram.com/metro.denver.farmers.market/,Sat: 8 a.m. - 2 p.m. or sellout,"May, June, July, August, September, October","Apples, Apricots, Asparagus, Beets, Bell Peppers, Broccoli, Brussels Sprouts, Cabbage, Cantaloupe, Carrots, Cauliflower, Celery, Cherries, Chile Peppers, Chile - Roasted, Cucumbers, Eggplant, Garlic, Grapes, Green Beans, Herbs, Honeydew, Kale, Leeks, Lettuce, Microgreens, Mushrooms, Nectarines, Okra, Onions, Peaches, Pears, Peas, Pinto Beans, Plums, Potatoes, Pumpkins, Radishes, Raspberries, Rhubarb, Spinach, Squash, Strawberries, Sweet Corn, Tomatoes, Turnips, Watermelon, Zucchini, Beef, Jerky, Sausage, Alaskan Seafood
(Seasonal - frozen), Baked Goods, Cheese, Eggs, Honey, Jams, Jellies, Pickles, Popcorn, Cider, Juices, Wine, Handcrafted Gifts, Spirits",Yes,,39.610755,-105.095587,Colorado Proud Farm Fresh Directory; Colorado Proud farmers market map; Colorado Farmers Market Association; USDA local food directories
Spano fresh produce,Farm Stands; Garden Centers,Roadside Market; Garden Center / Greenhouse,5820 Lowell Blvd,Denver,Adams,80221,(303) 901-3356,spanoemarie@gmail.com,,,,Mon: 9 am -5pm; Tue: 9am - 5pm; Wed: 9am-5pm; Thu: 9am-5pm; Fri: 9am-5pm; Sat: 9am-5pm; Sun: 10am-4pm,"June, July, August, September, October, November, December, January, February, March, May, April",,,,39.802338,-105.034635,Colorado Proud Farm Fresh Directory
"Spice, Sweets, & Meats, LLC",Shops & Grocers,Food Maker,P.O. Box 486,Mead,Weld,80542,(720) 442-2931,,,https://www.facebook.com/spicessweetsmeats,https://www.instagram.com/spicessweetsmeats/,,,"Condiments & Sauces, Spice Blends",,,40.228841,-104.997303,Colorado Proud member directory
Splendid Homestead & Hives,Shops & Grocers,Food Maker,4674 South Splendid Circle,Colorado Springs,El Paso,80917,(719) 650-4214,,,,,,,"Eggs, Honey & Honey Products",,,38.892941,-104.740472,Colorado Proud member directory
Spread it on Me,Shops & Grocers,Food Maker,14700 East Penwood Place,Aurora,Arapahoe,80015,(720) 999-1202,,,https://www.facebook.com/profile.php?id=100092694956456,https://www.instagram.com/spreaditonme/,,,"Baked Goods, Condiments & Sauces, Jam, Jam, Jelly & Preserves",,,39.6251,-104.818639,Colorado Proud member directory
Spring Creek Meats LLC,Farms & Ranches,Meat Producer & Packer,40022 County Road 39,Ault,Weld,80610,(970) 371-9025,,https://www.springcreekmeatsllc.com,https://www.facebook.com/springcreekmeatsllc,,,,Beef,,,40.585954,-104.6918,Colorado Proud member directory
Spring Creeks Ranch,Agritourism,Agritourism,644 Cowen Drive,Carbondale,Garfield,81623,(970) 379-8905,info@springcreeksranch.com,https://www.springcreeksranch.com,,,Events typically May–October,,"Event barn and weddings, private fly fishing, horse boarding",,,39.409599,-107.216283,Farmers market vendor lists
Spring Flour Garden Co.,Shops & Grocers,Food Maker,4900 S Ulster Street,Denver,Denver,80237,(303) 884-0098,,https://www.springflourgardenco.com,https://www.facebook.com/share/1CpSvmaEWu/?mibextid=wwXIfr,http://instagram.com/spring_flour_garden_co?igsh=ejRpMm9uc3hzOHhx&utm_source=qr,,,"Baked Goods, Bread, Cakes, Cookies",,,39.628545,-104.892532,Colorado Proud member directory
Spring Water Ranch LLC,Farms & Ranches,On-Farm / Ranch Sales,23295 Oehlmann Park Road,Conifer,Jefferson,80433,(970) 509-0144,,,,,,,"Beef, Chicken, Chicks, Eggs, Livestock - Beef Cattle",,,39.514507,-105.266773,Colorado Proud member directory
Springs Ice Cream,Farms & Ranches,On-Farm / Ranch Sales,6360 Montarbor Drive,Colorado Springs,El Paso,80918,(719) 661-8172,,,,,,,Ice Cream,,,38.923384,-104.764696,Colorado Proud member directory
Sprout City Farms,CSA & Farm Shares; Farm Stands; Agritourism,CSA Farm; Roadside Market; Agritourism,6700 E. Virginia Ave.,Denver,Denver,80224,(720) 239-2714,info@sproutcityfarms.org,https://www.sproutcityfarms.org,https://www.facebook.com/sproutcityfarms,https://www.instagram.com/sproutcityfarms,Mon: 9-3; Tue: 9-3; Wed: 9-3; Thu: 9-3; Fri: 9-1,"March, April, May, June, July, August, September, October, November","Asparagus, Beets, Bell Peppers, Broccoli, Cabbage, Cantaloupe, Carrots, Cauliflower, Chile Peppers, Cucumbers, Apples, Eggplant, Garlic, Green Beans, Herbs, Honeydew, Kale, Leeks, Lettuce, Mushrooms, Onions, Peaches, Pears, Peas, Plums, Potatoes, Pumpkins, Radishes, Rhubarb, Spinach, Squash, Tomatoes, Turnips, Zucchini, Watermelon, Baked Goods, Eggs, Honey",Yes,,39.706632,-104.909026,Colorado Proud Farm Fresh Directory; Colorado Proud member directory
Sprouts of Life,Farm Stands,Roadside Market,4150 Knox Court,Denver,Denver,80211,,,,,,,,"Microgreens, Sprouts",,,39.774059,-105.031973,Colorado Proud member directory
Square Foot Gardens LLC,Farms & Ranches,On-Farm / Ranch Sales,10535 West Lambuth Place,Lakewood,Jefferson,80235,(303) 565-0805,,https://www.square-foot-gardens.com/,,,,,"Flowers, Hot Peppers (Chili Peppers), Microgreens",,,39.648599,-105.116599,Colorado Proud member directory
St Michaels Farms,Farms & Ranches; Shops & Grocers,On-Farm / Ranch Sales; Food Maker,1117 Greenbriar Dr,Fort Collins,Larimer,80524,(970) 817-0769,,https://stmichaelsfarms.com,https://facebook.com/smffoco,,,,"Bee Keeping, Elderberries",,,40.571487,-105.013986,Colorado Proud member directory
St. Vrain Cidery,Wineries,Winery,"350 Terry St, Ste 130",Longmont,Boulder,80501,(303) 258-6910,,https://stvraincidery.com,https://www.facebook.com/stvraincidery,https://www.instagram.com/stvraincidery/,,,Hard Cider,,,40.173328,-105.114201,Colorado Proud member directory
Stagecoach Meat Company,Farms & Ranches,Meat Producer & Packer,600 West 3rd Avenue,Wiggins,Morgan,80654,(970) 483-7280,,https://www.stagecoachmeatcompany.com,https://www.facebook.com/stagecoachmeatco/,https://www.instagram.com/stagecoachmeatcompany/,,,"Beef, Chicken, Lamb, Pork",,,40.230415,-104.079307,Colorado Proud member directory
Stapleton Farmers' Market,Farmers' Markets,Farmers' Market,"South Green, 7601 East 29th Avenue, Denver, CO 80238",Denver,Denver,80238,(303) 388-0724,freshmarkets@comcast.net*hello@coloradofreshmarkets.com,https://www.mca80238.com/programs/signature-events/summer-markets,,,Sun: 8:30am - 12:30pm,"June, July, August, September, October","Colorado-grown produce, baked goods, specialty meats, gourmet food items and more",,,39.7577,-104.90051,USDA local food directories
Star View Farm,Farms & Ranches; Farm Stands; Agritourism; Shops & Grocers; CSA & Farm Shares,On-Farm / Ranch Sales; Roadside Market; Agritourism; Meat Producer & Packer; Grocery Store; Food Maker; CSA Farm,622 South Co Road 23,Berthoud,Larimer,80513,(970) 691-0623,,http://www.StarViewFarmLtd.com,http://www.facebook.com/StarViewFarmLimited,http://www.Instagram.com/StarViewFarmLimited,,,"Beef, Lamb, Meat, Poultry & Game, Pork",,,40.290758,-105.14535,USDA local food directories; Colorado Proud member directory
Steamboat Salt Company,Shops & Grocers,Grocery Store,331 Honeysuckle Drive,Hayden,Routt,81639,(970) 761-3655,,https://www.steamboatsalt.com,,,,,Spices & Seasoning,Yes,,40.481398,-107.26029,Colorado Proud member directory
Steeles Meat Co,Farms & Ranches,Meat Producer & Packer,1317 W Baseline Rd,Lafayette,Boulder,80026,(303) 917-6100,,,,,,,"Meat, Poultry & Game Processing",,,40.000551,-105.106612,Colorado Proud member directory
Sterling Ranch Farmers' Market,Farmers' Markets,Farmers' Market,"Providence Park, 8100 Piney River Avenue",Littleton,Douglas,80125,,dfmmgrrich@comcast.net,https://www.denverfarmersmarket.com/,https://www.facebook.com/denverfarmersmarket,https://www.instagram.com/metro.denver.farmers.market,Wed: 3:00pm - 7:00pm (or sellout),"June, July, August, September, October",Fresh produce,Yes,,39.506576,-105.035698,Colorado Farmers Market Association
Stoke Pizza,Restaurants & Caterers,Caterer,5 Twilight Lane,Pueblo,Pueblo,81005,(719) 369-5757,,,,,,,Pizza,,,38.26467,-104.677709,Colorado Proud member directory
Straw Hat Farm Market & Kitchen Store,Farm Stands; Farms & Ranches; Shops & Grocers,Roadside Market; On-Farm / Ranch Sales; Bakery,514 S. 1st Street,Montrose,Montrose,81401,(970) 417-4744,strawhatfarmmarket@gmail.com,https://strawhatfarmmarket.com,https://www.facebook.com/strawhatfarm/,,Tue: 10 a.m. - 6 p.m.; Wed: 10 a.m. - 6 p.m.; Thu: 10 a.m. - 6 p.m.; Fri: 10 a.m. - 6 p.m.; Sat: 10 a.m. - 4 p.m.,"January, February, March, April, May, June, July, August, September, October, November, December","Apples, Apricots, Asparagus, Beets, Bell Peppers, Cantaloupe, Cherries, Chile Peppers, Cucumbers, Eggplant, Garlic, Green Beans, Herbs, Kale, Lettuce, Nectarines, Peaches, Pears, Peas, Pinto Beans, Plums, Potatoes, Rhubarb, Spinach, Squash, Sweet Corn, Tomatoes, Turnips, Zucchini, Baked Goods, Cheese, Eggs, Honey, Jams, Jellies, Popcorn, Cider, Juices, Handcrafted Gifts",,,38.479617,-107.874153,Colorado Proud Farm Fresh Directory; Colorado Proud member directory
StreetAG,Farms & Ranches,On-Farm / Ranch Sales,9525 Wolfenberger Rd,Rye,Pueblo,81069,(308) 880-0247,,https://www.krstreetag.com/,,,,,"Beef, Livestock - Beef Cattle",,,37.940218,-104.715924,Colorado Proud member directory
Stretch and Fold Sourdough Co.,Shops & Grocers,Bakery,5386 Co Rd 510,Ignacio,La Plata,81137,(970) 799-3671,,,https://www.facebook.com/share/17xTqaYboo/,https://www.instagram.com/stretchandfoldsourdoughco5?igsh=Y2l3MDZ0d3Byamh0,,,"Baked Goods, Bread, Chocolate & Cocoa Products, Cookies, Doughs & Crusts",,,37.197165,-107.685159,Colorado Proud member directory
Studt Farms (Pumpkin Patch and Corn Maze),Agritourism,Agritourism,21 1/2 Road And I 1/2 Road,Grand Junction,Mesa,81505,(970) 462-6361,jennifer.pumpkinpatch@gmail.com,https://studtfarms.com/,,,,,,,,39.14254,-108.65461,USDA local food directories
Styria Bakery II,Shops & Grocers,Bakery,5650 North Washington St.,Denver,Denver,80216,(303) 587-9658,,https://www.styriabakerybread.com,https://facebook.com@styriabakeryII,,,,"Baked Goods, Bread",,,39.735873,-104.978724,Colorado Proud member directory
SugarBee Cookie Company,Shops & Grocers,Bakery,1525 West 29th Street,Loveland,Larimer,80538,(970) 215-0119,,https://www.sugarbeecookiecompany.com,https://www.facebook.com/profile.php?id=100087487623541&mibextid=LQQJ4d,https://instagram.com/mysugarbeecookies,,,Cookies,,,40.422115,-105.100952,Colorado Proud member directory
Sun Catcher Farms Ldt.,CSA & Farm Shares,CSA Farm,,Brighton,,80602,(720) 688-4496,,,,,,,,,,,,USDA local food directories
Sun Mountain Bakery,Shops & Grocers,Bakery,7180 Ravine Drive East,Colorado Springs,El Paso,80908,(719) 619-7129,,,,,,,Bread,,,39.024114,-104.692811,Colorado Proud member directory
Sunday Market on Main Street,Farmers' Markets,Farmers' Market,"4138 Main St, Unit A",Timnath,Larimer,80547,(970) 402-8591,,,,,,,,,,40.529284,-104.982292,USDA local food directories
Sunflower Cottage Foods,Shops & Grocers,Bakery; Food Maker,1425 Ithaca Drive,Boulder,Boulder,80305,(303) 888-0341,,https://sunflowercottagefoods.com,,,,,Baked Goods,,,39.974699,-105.256794,Colorado Proud member directory
Sunflower Farm Acres,CSA & Farm Shares; Farm Stands; Agritourism,CSA Farm; Roadside Market; Agritourism,11150 Prospect Rd,LONGMONT,Boulder,80504,(303) 774-8001,,https://www.sunflowerfarmacres.com/,https://www.facebook.com/SunflowerFarmLongmont,https://www.instagram.com/sunflowerfarm_info/,"Wed: 12:30-4:30; Thu: 9-4:30; Fri: 9-4:30; Sat: Depends on Season, 11-3 in April & 9-1:00 from May-October; Sun: Depends on Season, 11-3 in April & 9-1:00 from May-OctoberSeason","April, May, June, July, August, September, October, November, December","Beets, Bell Peppers, Broccoli, Cabbage, Cantaloupe, Carrots, Cauliflower, Celery, Chile Peppers, Cucumbers, Eggplant, Garlic, Green Beans, Herbs, Kale, Lettuce, Mushrooms, Onions, Peas, Potatoes, Pumpkins, Radishes, Spinach, Squash, Tomatoes, Turnips, Watermelon, Zucchini, Flowers, Lamb, Honey",Yes,,40.131063,-105.091358,Colorado Proud Farm Fresh Directory; USDA local food directories
Sunflower Farms,Agritourism,Agritourism,18737 Highway 145,Dolores,Montezuma,81323,(970) 882-2169,,,,,,,,,,37.4764,-108.449057,USDA local food directories
Sunflower Natural Foods,Shops & Grocers,Grocery Store,405 Main Street,Westcliffe,Custer,81252,(719) 783-9266,,,https://www.facebook.com/profile.php?id=100054670530340,,,,"Animal & Pet Food, Apples, Bagels, Baking Mixes & Supplies, Bananas, Beans, Beef, Blackberries, Blueberries, Bread, Broccoli, Honey & Honey Products, Ice Cream, Milk & Dairy Products",Yes,Yes,38.136129,-105.465815,Colorado Proud member directory
Sunflower Sourdough Ltd.,Shops & Grocers,Bakery; Food Maker,13557 County Road 120,Hesperus,La Plata,81326,(970) 903-8320,,https://www.hotplate.com/sunflowersourdoughltd,https://www.facebook.com/sunflowersourdoughltd,,,,"Bagels, Baked Goods, Baking Mixes & Supplies, Bread, Cookies, Doughnuts",,,37.200178,-108.085008,Colorado Proud member directory
Sunrise Ranch,Farms & Ranches,On-Farm / Ranch Sales,100 Sunrise Ranch Road,Loveland,Larimer,80538,(303) 638-3341,,https://sunriseranch.org/,https://www.facebook.com/SunriseRanchCenter/,https://www.instagram.com/sunriseranch100/,,,"Asparagus, Basil, Beans, Beef, Bok Choy, Broccoli, Cabbage, Cauliflower, Celery, Chard, Cilantro, Corn, Cucumbers, Eggs, Fruit, Garlic, Greens, Herbs, Hot Peppers (Chili Peppers), Kohlrabi, Lamb, Off-Premise Catering, Onions, Parsley, Peas, Peas, Peppers, Prepared Food, Pumpkins, Radishes, Raspberries, Rosemary, Spinach, Strawberries, Summer Squash, Thyme, Tomatoes, Tours, Vegetables, Watermelon, Winter Squash, Zucchini",,,40.447902,-105.219999,Colorado Proud member directory
Sunshine Green's Farm,Farms & Ranches,On-Farm / Ranch Sales,,Colorado Springs,El Paso,80903,(714) 869-4753,,https://www.sunshinegreensfarm.com/,https://www.facebook.com/SunshineGreensFarm,https://www.instagram.com/SunshineGreensFarm,,,"Herbs, Microgreens",,,38.838099,-104.810602,Colorado Proud member directory
Sunshine Greens Farm,CSA & Farm Shares,CSA Farm,,Colorado Springs,,80903,(714) 869-4753,,,,,,,,,,,,USDA local food directories
Superior Sweets,Shops & Grocers,Bakery,2455 Andrew Drive,Superior,Boulder,80027,(303) 868-0860,,https://Superior-Sweets.com,,,,,"Baked Goods, Candy & Confections",,,39.9307,-105.161875,Colorado Proud member directory
Susan Cochran,Shops & Grocers,Bakery,5370 S Olathe Cir.,Centennial,Arapahoe,80015,(720) 397-9378,,https://peri-natal.net,,https://www.instagram.com/peri_natal/,,,"Baked Goods, Bread, Candy & Confections, Chocolate & Cocoa Products, Cookies, Doughs & Crusts, Grain & Cereal Products, Herbs, Honey & Honey Products, Jam, Jam, Jelly & Preserves, Nut & Seed Products, Popcorn & Popcorn Products",,,39.619012,-104.793972,Colorado Proud member directory
Sustainable Settings,CSA & Farm Shares,CSA Farm,6107 Highway 133,Carbondale,Pitkin,81623,(970) 963-6107,,http://www.sustainablesettings.org,,,,,,,,39.33665,-107.210567,USDA local food directories
"Suárez Wines and Market LLC, Mariposa Farm LLC",Farms & Ranches,On-Farm / Ranch Sales,11078 North 66th Street,Longmont,Boulder,80503,(720) 552-0569,,https://suarezwines.com,https://www.facebook.com/SuarezWines/,https://www.instagram.com/suarezwinery/,,,"Apples, Baked Goods, Body Care Products, Bread, Christmas Events & Activities, Cider, Cultural Events & Activities, Flowers, Hard Cider, Tours, Vegetables, Wine",,,40.176531,-105.198936,Colorado Proud member directory
Sweet and Savory,Shops & Grocers,Bakery,6805 S Adams Way,Centennial,Arapahoe,80122,(970) 406-0309,,,,,,,Baked Goods,,,39.593018,-104.950376,Colorado Proud member directory
Sweet Bee & Co.,Farms & Ranches,On-Farm / Ranch Sales,3357 Columbine Street,Denver,Denver,80205,(303) 501-2055,,https://sweetbeeandco.com/greens/,,,,,Vegetables,,,39.764294,-104.957618,Colorado Proud member directory
Sweet Chaos LLC,Shops & Grocers,Bakery,556 Colorado Street,Craig,Moffat,81625,(970) 326-3419,,,https://www.facebook.com/people/Sweet-Chaos-LLC/61590414363287/?mibextid=wwXIfr&rdid=LMnSy77LdxtPuQyp&share_url=https%253A%252F%252Fwww.facebook.com%252Fshare%252F19AB2obg7c%252F%253Fmibextid%253DwwXIfr,https://www.instagram.com/sweetchaosllc?igsh=MWxleWkxZHJkeWUzMQ%3D%3D&utm_source=qr,,,"Baked Goods, Cakes",,,40.515188,-107.540261,Colorado Proud member directory
Sweet Diplomacy,Shops & Grocers,Bakery,1849 Cherry Street,Louisville,Boulder,80027,(720) 828-2253,,https://www.sweetdiplomacy.com/,https://www.facebook.com/sweetdiplomacyco,https://www.instagram.com/sweetdiplomacyco,,,Baked Goods,,,39.965885,-105.114612,Colorado Proud member directory
Sweet Flower Cookie Company,Shops & Grocers,Food Maker,4841 Mt Princeton St,Brighton,Adams,80601,(720) 634-5551,,https://www.mycustombakes.com/sweetflowercookieco,https://www.facebook.com/sweetflowercookiecompany/,https://www.instagram.com/sweetflowercookiecompany/,,,Cookies,,,39.980534,-104.75491,Colorado Proud member directory
Sweet P's Bakery LLC,Shops & Grocers,Bakery,218 N Frazier Ave,Florence,Fremont,81226,(719) 280-7186,,,https://www.facebook.com/sweetpsbakeryllc,,,,Baked Goods,,,38.394182,-105.125441,Colorado Proud member directory
Sweet Pea Farm’s Wildflower Honey,Farms & Ranches,On-Farm / Ranch Sales,7465 COUNTY ROAD 146,Salida,Chaffee,81201,(719) 539-7452,onepony@gmail.com,,,,,,"Beef/Meat, Poultry/Eggs, Staples, Flowers",,,38.525991,-106.043072,Chaffee Provides
"Sweet Street, LLC",Shops & Grocers,Bakery; Food Maker,5686 Tabor St,Arvada,Jefferson,80002,(914) 649-0090,,https://239sweetstreet.square.site/,,https://www.instagram.com/239sweetstreet?igsh=MXU5NnI5d2o3bWwyNg%3D%3D&utm_source=qr,,,"Baked Goods, Bread, Chocolate & Cocoa Products, Cookies, Local Delivery, Snack Food Products",,,39.79979,-105.129958,Colorado Proud member directory
Sweet Valley Farm,Farm Stands,Roadside Market,33357 County Road 9.5,Manzanola,Otero,81058,(970) 213-8627,,,https://www.facebook.com/sweetvalleyheirloomfarm,https://www.instagram.com/sweet.valley.farm/,,,"Baked Goods, Eggs, Flowers, Herbs, Jam, Jam, Jelly & Preserves, Vegetables",,,38.116715,-103.903126,Colorado Proud member directory
Sweetened Patisserie,Shops & Grocers,Bakery,18423 W 92ND LN,ARVADA,Jefferson,80007,(303) 547-7573,,,https://www.facebook.com/SweetenedPatisserie,https://www.instagram.com/sweetenedpatisserie/,,,Baked Goods,,,39.864285,-105.209316,Colorado Proud member directory
SweetKendra,Shops & Grocers,Food Maker,3719 Acreview Drive,Colorado Springs,El Paso,80918,(520) 425-2215,,,,https://www.instagram.com/sweetkendra2024?igsh=MTYzbTk5dGNkc3FqZw%3D%3D&utm_source=qr,,,Baked Goods,,,38.920781,-104.757769,Colorado Proud member directory
Switch Gears Farm,CSA & Farm Shares; Farms & Ranches; Farm Stands,CSA Farm; On-Farm / Ranch Sales; Roadside Market,13850 N 87th Street,Longmont,Boulder,80503,(720) 442-0731,yourfarmer@switchgearsfarm.com,https://www.switchgearsfarm.com,,https://www.instagram.com/switchgearsfarm,Sat: 8AM - 1PM (City Park Farmers Market); Sun: 9AM - 1PM (Lafayette Farmers Market),"May, June, July, August, September, October, November, April","Cucumbers, Chile Peppers, Cauliflower, Celery, Carrots, Cabbage, Brussels Sprouts, Bell Peppers, Beets, Broccoli, Eggplant, Garlic, Green Beans, Herbs, Kale, Leeks, Lettuce, Okra, Onions, Peas, Potatoes, Pumpkins, Radishes, Spinach, Squash, Strawberries, Tomatoes, Turnips, Zucchini",Yes,,40.225788,-105.1448,Colorado Proud Farm Fresh Directory; Colorado Proud member directory
T-Lazy-7 Ranch,Agritourism,Agritourism,3129 Maroon Creek Rd,Aspen,Pitkin,81611,(970) 925-4614,,https://www.tlazy7.com,,,,,"Summer horseback rides (Maroon Bells Outfitters), winter snowmobile tours, pack trips",,,39.166565,-106.878484,Farmers market vendor lists
Tagawa Gardens,Garden Centers,Garden Center / Greenhouse,7711 S Parker Rd,Centennial,Arapahoe,80016,(303) 690-4722,beth@tagawagardens.com,https://tagawagardens.com/,https://www.facebook.com/TagawaGardens,https://www.instagram.com/tagawagardens/,,"January, February, March, April, May, June, July, August, September, October, November, December",,,,39.576726,-104.795874,Colorado Proud Farm Fresh Directory
Tague Farm LLC,Farms & Ranches,On-Farm / Ranch Sales,1275 Pierce Street,Lakewood,Jefferson,80214,(303) 915-6212,,http://www.TagueFarm.com,https://www.facebook.com/taguefarm,https://www.instagram.com/taguefarm/,,,"Eggs, Microgreens",,,39.736156,-105.072478,Colorado Proud member directory
Talbott & Sons LLC,Farms & Ranches; Farm Stands; Wineries; Shops & Grocers,On-Farm / Ranch Sales; Roadside Market; Winery; Food Maker,3782 F 1/4 Road,Palisade,Mesa,81526,(970) 464-5943,,https://www.talbottsciderco.com,https://talbottsciderco.com,https://talbottsciderco.com,,,"Apples, Apricots, Beans, Beans (Field/Dry), Beets, Beverage Products, Carrots, Cauliflower, Cheese, Cherries, Cider, Coffee, Coffee Beans, Corn, Crops & Agricultural Products, Dried Fruit, Eggplant, Eggs, Events, Fall Events & Activities, Firewood, Fourth of July Events & Activities, Fruit, Fruit Processing, Grapes, Greens, Halloween Events & Activities, Hard Cider, Hayrides, Honey & Honey Products, Hot Peppers (Chili Peppers), Ice Fishing, Jam, Jam, Jelly & Preserves, Local Delivery, Milk & Dairy Products, Nectarines, Non-Alcoholic Beverages & Products, Onions, Other Wine Products, Peaches, Pears, Peppers, Popcorn & Popcorn Products, Potatoes, Pretzels, Pumpkins, Red Wine, School Tours, Strawberries, Summer Squash, Sweet Corn, Sweet Potatoes, Tomatillos, Tomatoes, Tours, Vegetables, White Wine, Wine, Winter Events & Activities, Winter Squash, Yeast, Yogurt, Zucchini",,,39.094481,-108.346686,Colorado Proud member directory
Talon Wines,Wineries,Winery,3701 G Road,Palisade,Mesa,81526,(970) 464-1300,media@talonwinebrands.com,https://www.talonwines.com/,https://www.facebook.com/TalonWines,https://www.instagram.com/talonwines/,,"January, February, March, April, May, June, July, August, September, October, November, December","Wine, Mead",,,39.105801,-108.365814,Colorado Proud Farm Fresh Directory; Colorado Proud member directory
Tam's Jams LLC,Shops & Grocers,Food Maker,6342 Venado Ct,Loveland,Larimer,80537,(970) 213-7911,,,,,,,"Candy & Confections, Jam, Jam, Jelly & Preserves",,,40.394062,-105.166443,Colorado Proud member directory
Tart and Soul Bakery,Shops & Grocers,Bakery,9005 South Laurel Court,Littleton,Douglas,80126,(303) 916-0706,,https://www.tartandsoulbakery.com,https://facebook.com/tartandsoulbakery/,https://instagram.com/tartandsoulbakery/,,,Baked Goods,,,39.550135,-104.977379,Colorado Proud member directory
Taste of Life,Shops & Grocers,Grocery Store,18965 Base Camp Rd.,Monument,El Paso,80132,(719) 487-2858,,https://www.tasteoflifestores.com,https://Tasteoflifestores.com,,,,"Baked Goods, Beef, Chicken, Jam, Jam, Jelly & Preserves, Prepared Food",,,39.107213,-104.862359,Colorado Proud member directory
Tatay Cookies,Shops & Grocers,Food Maker,2827 rock creek dr,Fort collins,Larimer,80528,(970) 889-4856,,,https://www.facebook.com/share/1BZ3fqL46t/?mibextid=wwXIfr,https://www.instagram.com/tataycookies?igsh=MWowYnFxcWk1NW82cQ%3D%3D&utm_source=qr,,,Cookies,,,40.515245,-105.024627,Colorado Proud member directory
Tate Orchards,Farms & Ranches,On-Farm / Ranch Sales,725 35 6/10 Road,Palisade,Mesa,81526,(970) 250-6371,,,,,,,"Apricots, Cherries, Nectarines, Peaches",,Yes,39.110139,-108.393251,Colorado Proud member directory
Taylor Quality Livestock LLC,Farms & Ranches,On-Farm / Ranch Sales; Meat Producer & Packer,18902 Barb Acres Road,Delta,Delta,81416,(970) 589-2219,,,,,,,"Bee Keeping, Chicken, Eggs, Honey, Meat, Poultry & Game, Pork, Turkey",,,38.722059,-108.011301,Colorado Proud member directory
Teal Velvet Bakery,Shops & Grocers,Bakery,PO Box 301,Pine,Jefferson,80470,(303) 648-3810,,https://tealvelvetbakery.com/,https://facebook.com/tealvelvetbakery,https://instagram.com/tealvelvetbakery,,,"Cakes, Cookies",,,39.408425,-105.323243,Colorado Proud member directory
Tectonic WInery,Wineries,Winery,,,,,(719) 216-3875,,,,,,,"Red Wine, White Wine, Wine",,,,,Colorado Proud member directory
"Tees Me Treat Me, LLC",Restaurants & Caterers,Restaurant,,,,,(281) 408-3681,,https://teesmetreatme.com/,https://www.facebook.com/TeesMeTreatMe,,,,Sandwiches / Subs / Hoagies,,,,,Colorado Proud member directory
Telluride Farmers' Market,Farmers' Markets,Farmers' Market,S. Oak St.,Telluride,San Miguel,81435,(646) 245-6580,telluridefarmersmarket@gmail.com,http://www.thetelluridefarmersmarket.com/,https://www.facebook.com/thetelluridefarmersmarket/,https://www.instagram.com/telluridefarmersmarket/,Fri: 10:30am - 3:30pm,"May, June, July, August, September, October","Produce, animal products, prepared food, and artisan goods produced within 100 miles of Telluride; organic focus (vendors require minimum 75% organic ingredients)",Yes,,37.936646,-107.813193,USDA local food directories
Ten Bears Winery,Wineries; Agritourism; Shops & Grocers,Winery; Agritourism; Food Maker,5215 Ten Bears Court,Laporte,Larimer,80535,(970) 566-4043,,http://tenbearswinery.com,,,,,"Red Wine, Snack Food Products, Sparkling Wine, White Wine, Wine",,,40.661703,-105.15921,Colorado Proud member directory
Terra Farma Llc,Farms & Ranches,On-Farm / Ranch Sales,1575 South Eden Drive,Fruita,Mesa,81521,(970) 779-7044,,,,,,,Mushrooms,,,39.172136,-108.763133,Colorado Proud member directory
Tetrad Inc.,Farms & Ranches,On-Farm / Ranch Sales,15750 South Furrow Road,Larkspur,Douglas,80118,(608) 333-6461,,,,,,,Nut & Seed Products,,,39.135184,-104.823434,Colorado Proud member directory
The Action Center Community Food Hub,Food Assistance,Community Food Hub,8745 W 14th Ave,Lakewood,Jefferson,80215,,foodhub@theactioncenter.org,https://www.theactioncenter.org/community-food-hub,,,,,,,,39.73849,-105.094604,USDA local food directories
The Arbol Farmers Market,Farmers' Markets; Agritourism,Farmers' Market; Agritourism,708 4th St,Paonia,Delta,81428,(970) 433-5852,arbolfarmersmarket@thelearningcouncil.org,https://thelearningcouncil.org,https://www.facebook.com/arbolfarmersmarket,https://instagram.com/arbolfarmersmarket,Tue: 5 - 7:30PM,"May, June, July, August, September, October","Apples, Apricots, Beets, Cabbage, Carrots, Cherries, Chile Peppers, Chile - Roasted, Cucumbers, Celery, Broccoli, Bell Peppers, Eggplant, Garlic, Grapes, Green Beans, Herbs, Kale, Leeks, Lettuce, Microgreens, Mushrooms, Onions, Peaches, Pears, Nectarines, Peas, Potatoes, Pumpkins, Radishes, Tomatoes, Turnips, Squash, Sweet Corn, Zucchini, Beef, Baked Goods, Cheese, Eggs, Honey, Pickles, Jellies, Jams, Popcorn, Handcrafted Gifts, Willow Baskets, herbal products, local art",Yes,,38.871036,-107.591742,Colorado Proud Farm Fresh Directory; Colorado Proud farmers market map; Colorado Farmers Market Association; Colorado Proud member directory
The Ark Angel,Shops & Grocers,Bakery,,Buena Vista,Chaffee,81211,,,,https://www.facebook.com/thearkangelco,https://www.instagram.com/thearkangelco/,,,"Bread, Chocolate & Cocoa Products",,,38.842218,-106.131129,Colorado Proud member directory
The Asian Palate Marketplace & Catering,Restaurants & Caterers,Caterer,328 East Main Street,Buena Vista,Chaffee,81211,,marketplace@theasianpalate.com,https://www.theasianpalate.com,,https://www.instagram.com/the_asian_palate/,By booking (catering and private chef),,Veggies,,,38.842941,-106.129602,Chaffee Provides
The Backyard Market in Black Forest,Farmers' Markets,Farmers' Market,6845 Shoup Rd,Colorado Springs,El Paso,80908,(719) 306-3049,theda@thebackyardmarkets.com,https://thebackyardmarkets.com,https://facebook.com/backyardmarketinbf,https://instagram.com/backyardmarketinbf,Sat: 9am-1pm,"May, June, July, August, September, October","Apples, Apricots, Asparagus, Beets, Bell Peppers, Broccoli, Brussels Sprouts, Cabbage, Cantaloupe, Carrots, Cauliflower, Celery, Cherries, Chile Peppers, Chile - Roasted, Cucumbers, Eggplant, Garlic, Grapes, Green Beans, Herbs, Honeydew, Kale, Leeks, Lettuce, Microgreens, Mushrooms, Nectarines, Okra, Onions, Peaches, Pears, Peas, Pinto Beans, Plums, Potatoes, Pumpkins, Radishes, Raspberries, Rhubarb, Spinach, Squash, Strawberries, Sweet Corn, Tomatoes, Turnips, Watermelon, Zucchini, corn,, Beef, Buffalo, Lamb, Pork, Poultry, Sausage, Wild Caught Atlantic Salmon, Black Cod, and Halibut, Baked Goods, Cheese, Eggs, Honey, Jams, Jellies, Pickles, Popcorn, Cider, Juices, tortillas, salsa, granola, juice, milk, goat milk, cured meats, sherbet, pasta, pasta sauce, quinoa, nut butters,",Yes,,39.012471,-104.699812,Colorado Proud Farm Fresh Directory; Colorado Proud farmers market map; Colorado Farmers Market Association; USDA local food directories; Colorado Proud member directory
The Baked Cottage Bakery,Shops & Grocers,Bakery; Food Maker,5855/5855 Biscay Street,Denver,Denver,80249,(720) 838-0029,,https://bakesy.shop/b/the-baked-cottage-bakery,https://www.facebook.com/TheBakedcottage?mibextid=ZbWKwL,https://instagram.com/the_baked_cottage?igshid=ZDdkNTZiNTM=,,,Baked Goods,,,39.803029,-104.768799,Colorado Proud member directory
The Best Honey,Farms & Ranches,On-Farm / Ranch Sales,1500 N Grant Street,Denver,Denver,80202,(720) 356-0305,,https://thebesthoney.com/,https://www.facebook.com/thebesthoneyco/,https://www.instagram.com/thebesthoneyco/,,,"Honey, Honey & Honey Products",,,39.740288,-104.983308,Colorado Proud member directory
The Bread Chic,Shops & Grocers,Bakery,130/b West Olive Street,Fort Collins,Larimer,80521,(970) 893-2842,,https://thebreadchic.com,https://facebook.com/thebreadchic,https://instagram.com/thebreadchic,,,"Baked Goods, Baked Goods Manufacturing, Bread",,,40.584687,-105.0783,Colorado Proud member directory
The Buffalo Rose,Restaurants & Caterers,Restaurant,1119 WASHINGTON AVE,Golden,Jefferson,80401,(303) 704-0436,,https://buffalorosegolden.com,https://www.facebook.com/thebuffalorose,https://www.instagram.com/buffalorose/,,,"Apples, Avocados, Baked Goods, Beef, Beer, Buffalo, Catering Services, Cheese, Chicken, Cider, Cilantro, Corn, Cream, Cucumbers, Distilled Spirits, Eggs, Elk, Fats & Oils, Fruit, Greens, Grits, Hamburgers, Herbs, Honey, Hot Peppers (Chili Peppers), Jam, Jam, Jelly & Preserves, Lamb, Lettuce, Meat, Poultry & Game, Microgreens, Milk & Dairy Products, Non-Alcoholic Beverages & Products, Nut & Seed Products, Onions, Peaches, Peppers, Pork, Potatoes, Quinoa, Rice, Salmon, Salsa, Scallions, Spices & Seasoning, Summer Squash, Sweet Corn, Sweet Potatoes, Tacos, Tomatoes, Tortillas, Trout, Vegetables, Wheat, Wine, Winter Squash, Zucchini",,,39.75573,-105.221431,Colorado Proud member directory
The Cockeyed Coop,Farms & Ranches,Meat Producer & Packer,13474 Starry Night Rd,Fort Collins,Larimer,80524,(970) 691-0572,,https://thecockeyedcoop.com/,https://www.facebook.com/thecockeyedcoop,https://www.instagram.com/danielleinnoco/,,,"Meat, Poultry & Game Processing",,,40.794074,-105.136203,Colorado Proud member directory
The Community Market at Naropa,Farmers' Markets,Farmers' Market,2130 Arapahoe Ave,Boulder,Boulder,80302,(303) 638-8818,,,,,,,,,,40.014483,-105.266889,USDA local food directories
The Conscious Farms,Farms & Ranches,On-Farm / Ranch Sales,13405 County Road V,Seibert,Kit Carson,80834,(720) 266-9519,,https://theconsciousfarms.com,,,,,"Chicken, Eggs, Turkey",,,39.299327,-102.90444,Colorado Proud member directory
The Cookie Coven,Shops & Grocers,Bakery,,Brighton,Adams,80601,(303) 578-2624,,https://www.thecookiecoven.com/,https://www.facebook.com/thecookiecoven,https://www.instagram.com/thecookiecoven_,,,Cookies,,,39.972673,-104.810442,Colorado Proud member directory
The Country Lady Foods Company LLC,Shops & Grocers,Food Maker,4036 West Drive,Pueblo,Pueblo,81008,(719) 778-1721,,https://facebook.com/country.lady.foods,https://facebook.com/country.lady.foods,,,,,,,38.315017,-104.640996,Colorado Proud member directory
The County With The Bounty & Wild West Excursions,Farm Stands; Agritourism; Farms & Ranches; Shops & Grocers,Roadside Market; Agritourism; On-Farm / Ranch Sales; Grocery Store,100 N Pinon Drive Road M,Cortez,Montezuma,81321,(970) 739-1700,ride@wildwestexcursions.com,https://thecountywiththebounty.com/,https://facebook.com/wildwestexcursions,https://instagram.com/countywiththebounty,Mon: 10 am - 6 pm; Tue: 10 am - 6 pm; Wed: 10 am - 6 pm; Thu: 10 am - 6 pm; Fri: 10 am - 6 pm; Sat: 10 am - 6 pm; Sun: 10 am - 6 pm,"January, February, March, April, May, June, July, August, September, October, November, December","Apples, Apricots, Cabbage, Carrots, Chile Peppers, Chile - Roasted, Cucumbers, Cherries, Garlic, Lettuce, Mushrooms, Onions, Peaches, Pinto Beans, Potatoes, Spinach, Tomatoes, USDA Local Black Angus Beef, Heritage Berkshire Pork, Premium Lamb, Local Chicken, Beef, Lamb, Pork, Poultry, Sausage, Jerky, Organs, Bones, Kidney Fat, Beef Fat, Pork Fat, Baked Goods, Eggs, Honey, Jams, Jellies, Popcorn, Cheese, Pickles, Handcrafted Gifts, Cider, Local Milled Flour, Wheat, Sourdough Breads",,,37.349892,-108.590013,Colorado Proud Farm Fresh Directory; Colorado Proud member directory
The Crumb Keeper,Shops & Grocers,Bakery; Food Maker,17051 E Amherst dr,Aurora,Arapahoe,80013,(720) 477-1512,,https://www.findthecrumbkeeper.com,https://www.facebook.com/findthecrumbkeeper,,,,"Baked Goods, Baking Mixes & Supplies, Chocolate & Cocoa Products, Cookies, Muffins, Spices & Seasoning",,,39.665767,-104.788577,Colorado Proud member directory
The Daily Knead,Shops & Grocers,Bakery; Food Maker,2921 S Downing St,Englewood,Arapahoe,80113,(419) 651-0877,,,,,,,,,,39.663599,-104.973791,Colorado Proud member directory
The Dyna,Shops & Grocers,Bakery,45 Candelaria Place,Pagosa Springs,Archuleta,81147,(970) 946-0562,,,https://www.facebook.com/thedynabreadhouse?mibextid=ZbWKwL,https://instagram.com/thedynabreadhouse?igshid=ZDdkNTZiNTM=,,,"Baked Goods, Bread, Flour",,,37.010505,-107.424641,Colorado Proud member directory
The Extremely Average Farm,Farms & Ranches; Farm Stands; Agritourism,On-Farm / Ranch Sales; Roadside Market; Agritourism; Meat Producer & Packer,41649 way of patience,Deer Trail,Elbert,80105,(303) 330-8318,,,https://www.facebook.com/profile.php?id=61551033417737&mibextid=JRoKGi,,,,"Amaranth, Angelica, Artichokes, Asparagus, Bagels, Baked Goods, Basil, Beans, Beans (Field/Dry), Bee Keeping, Beets, Blueberries, Broccoli, Brussels Sprouts, Cabbage, Celery, Chard, Chicken, Chives, Cilantro, Collards, Corn, Dill, Eggplant, Eggs, Flowers, Fruit, Garlic, Halloween Events & Activities, Herbs, Hot Peppers (Chili Peppers), Jam, Jam, Jelly & Preserves, Kale, Leeks, Lemon Balm, Lettuce, Meat, Poultry & Game, Microgreens, Mustard, Okra, Onions, Oregano, Parsley, Peas, Peas, Pork, Potatoes, Rabbit, Radishes, Sage, Salads, Sweet Corn, Sweet Potatoes, Tomatillos, Tomatoes, Tortillas, Vegetables, Watermelon, Wreaths, Zucchini",,,39.473717,-104.267633,Colorado Proud member directory
The Farm at the End of the Road,Agritourism,Agritourism,221 Orchard Avenue,Paonia,Delta,81428,,,,,,,,,,,38.86802,-107.591955,USDA local food directories
The Farm Collaborative,Garden Centers; Agritourism; Farms & Ranches,Garden Center / Greenhouse; Agritourism; On-Farm / Ranch Sales,200 Agricultural Way,Aspen,Pitkin,81611,(970) 900-3276,liz@farmco.org,https://thefarmcollaborative.org/,,https://instagram.com/thefarmcollaborative,,"January, February, March, April, May, June, July, August, September, October, November, December","Carrots, Beets, Chile Peppers, Brussels Sprouts, Cabbage, Garlic, Herbs, Kale, Microgreens, Onions, Mushrooms, Lettuce, Leeks, Radishes, Tomatoes, Turnips, Spinach, Figs, Beef, Jerky, Lamb, Pork, Poultry, Sausage, Baked Goods, Cheese, Eggs, Honey, Jams, Jellies, Pickles, Cider, Juices, Handcrafted Gifts",Yes,,39.197547,-106.835233,Colorado Proud Farm Fresh Directory
"The Farmers Market, LLC",Shops & Grocers,Grocery Store; Food Maker,113 N park SQ P.O. Box 461,Fruita,Mesa,81521,(970) 239-1243,,http://www.farmersmarket.store,https://www.facebook.com/profile.php?id=61579260817174,https://www.instagram.com/farmersmarket.store/,,,"Amaranth, Apples, Asparagus, Bagels, Baked Goods, Basil, Beef, Beets, Body Care Products, Bread, Carrots, Celery, Coffee, Condiments & Sauces, Cookies, Eggs, Flowers, Garlic, Grapes, Herbs, Honey, Local Delivery, Marketing, Mushrooms, Okra, Onions, Peaches, Pears, Peppers, Salmon, Salsa, Sprouts, Tomatoes, Value-Added Food Products",,,39.159211,-108.734383,Colorado Proud member directory
The Feedery at Grow + Gather,Farms & Ranches; Restaurants & Caterers,On-Farm / Ranch Sales; Restaurant,900 E Hampden Ave,Englewood,Arapahoe,80113,(720) 535-7217,,https://www.Feedery.com,https://www.facebook.com/feedery/,https://www.instagram.com/feederyenglewood/,,,"Baked Goods, Beer, Coffee, Condiments & Sauces, Dried Fruit, Flowers, Herb & Spice Processing, Herbs, Non-Alcoholic Beverages & Products, Pickles & Pickled Products, Salads, Sandwiches / Subs / Hoagies, Vegetables",,,39.652915,-104.976624,Colorado Proud member directory
The Flower Shack,Farm Stands,Roadside Market,,Golden,Jefferson,80403,(720) 347-9952,,https://theflowershack303.com,https://www.facebook.com/share/1DqobUyLN5/?mibextid=wwXIfr,https://www.instagram.com/theflowershack303?igsh=MXJvY3p0NzU5aXhobw%3D%3D&utm_source=qr,,,Flowers,,,39.755543,-105.2211,Colorado Proud member directory
The Grainery Ministries,Food Assistance,Food Bank,1348 E Street,Salida,Chaffee,81201,(719) 207-2359,lssurdez@bresnan.net,,,,,,Food Bank,,,38.525079,-106.001502,Chaffee Provides
The Grasshopper Collective,Farms & Ranches,On-Farm / Ranch Sales,41095 Road G,Mancos,Montezuma,81328,(970) 369-9686,,https://www.thegrasshoppercollective.com,https://www.facebook.com/thegrasshoppercollective,https://www.instagram.com/thegrasshoppercollective/,,,Garlic,,,37.344996,-108.289249,Colorado Proud member directory
The Great Pumpkin Harvest Festival,Agritourism,Agritourism,715 S. Forest Street,Denver,Denver,80246,(303) 399-1859,,,,,,,,,,39.70358,-104.9291,USDA local food directories
The Green Witch Homestead LLC.,Farm Stands,Roadside Market,8750 Woodcrest Drive,Colorado Springs,El Paso,80908,(719) 650-9480,,https://www.greenwitchhomestead.com,https://www.facebook.com/profile.php?id=100093104700617,https://www.instagram.com/greenwitchhomestead/,,,"Garlic, Mushrooms",Yes,,39.038813,-104.66454,Colorado Proud member directory
The High Lonesome Ranch,Farms & Ranches,On-Farm / Ranch Sales,0275 CR 222,De Beque,Mesa,81630,(970) 283-9420,ace@thehighlonesomeranch.com,https://thehighlonesomeranch.com/,https://www.facebook.com/profile.php?id=100089687217142,https://www.instagram.com/thehighlonesomeranch/,Mon: 8am to 6pm; Tue: 8am to 6pm; Wed: 8am to 6pm; Thu: 8am to 6pm; Fri: 8am to 6pm,"December, November, October, August, July, June, May, April, March, February, January, September","Beef, Livestock - Beef Cattle",,,39.379719,-108.363734,Colorado Proud Farm Fresh Directory; Colorado Proud member directory
"The Jelly Lady, LLC",Farm Stands,Roadside Market,P.O. Box 159,Livermore,Larimer,80536,(970) 692-1872,,,https://www.facebook.com/TheJellyLadyLLC,,,,"Jam, Jam, Jelly & Preserves",,,40.794367,-105.216278,Colorado Proud member directory
The Larkspur Farmers Market,Farmers' Markets,Farmers' Market,8820 Spruce Mountain Road,Larkspur,Douglas,80118,(720) 519-7178,thelarkspurfarmersmarket@gmail.com,https://www.thelarkspurfarmersmarket.com,https://facebook.com/Larkspurfarmersmarket,https://instagram.com/The_Larkspur_Farmers_Market,Wed: 3PM - 7Pm,"June, July, August, September","Apples, Apricots, Asparagus, Beets, Bell Peppers, Brussels Sprouts, Broccoli, Cabbage, Cantaloupe, Carrots, Cauliflower, Celery, Cherries, Chile Peppers, Chile - Roasted, Cucumbers, Pears, Peaches, Onions, Okra, Nectarines, Mushrooms, Microgreens, Lettuce, Leeks, Kale, Honeydew, Herbs, Green Beans, Grapes, Garlic, Eggplant, Peas, Plums, Potatoes, Pumpkins, Radishes, Raspberries, Rhubarb, Spinach, Squash, Strawberries, Sweet Corn, Tomatoes, Turnips, Watermelon, Zucchini, Beef, Buffalo, Jerky, Lamb, Pork, Poultry, Sausage, Baked Goods, Cheese, Eggs, Honey, Jams, Jellies, Pickles, Popcorn, Cider, Juices, Mead, Handcrafted Gifts",,,39.233313,-104.882323,Colorado Proud Farm Fresh Directory; Colorado Proud farmers market map; Colorado Proud member directory
The Lettucehead Food Company,Shops & Grocers,Grocery Store,"545 US Highway 24 N, Buena Vista, CO",Buena Vista,Chaffee,81211,(719) 395-2649,adam@thelettucehead.com,http://www.thelettucehead.com,,,Mon-Sat: 9:00am - 6:00pm; Sun: 10:00am - 4:00pm,,"Beef/Meat, Dairy, Poultry/Eggs, Spices/Garlic, Veggies, Staples",,,38.846767,-106.135075,Chaffee Provides
The Living Farm,Agritourism,Agritourism,39776 Green Tractor Rd,Paonia,Delta,81428,,,https://thelivingfarm.org,,,,,,,,38.83328,-107.615476,USDA local food directories
the LOCAL,Shops & Grocers,Grocery Store,18695 Pony Express Drive,Parker,Douglas,80134,(303) 596-8808,,https://thelocalcolorado.com,,,,,,,,39.521986,-104.771636,Colorado Proud member directory
The Mill Bakery LLC,Shops & Grocers,Bakery; Food Maker,22 Cornell Cir,Pueblo,Pueblo,81005,(719) 334-5579,,https://themillpueblo.com,,https://www.instagram.com/the.mill.pueblo?igsh=endlZGd6bXNhemRu&utm_source=qr,,,"Baked Goods, Bread, Cookies",,,38.245407,-104.65917,Colorado Proud member directory
The OBC Wine Project,Wineries,Winery,834 East Lincoln Avenue,Fort Collins,Larimer,80524,(970) 699-2885,,https://www.odellbrewing.com/locations/obcwineproject/,https://www.facebook.com/theobcwineproject/,https://www.instagram.com/theobcwineproject,,,"Other Wine Products, Red Wine, Sparkling Wine, White Wine, Wine",,,40.589403,-105.062185,Colorado Proud member directory
"The One Acre Farm, LLC",Shops & Grocers,Food Maker,25 CR 105,Craig,,81625,(970) 761-8330,,,,,,,Eggs,,,,,Colorado Proud member directory
The Outback Cookin' Company,Restaurants & Caterers,Caterer,119 East Fletcher Street,Haxtun,Phillips,80731,(970) 774-5000,,https://www.dosmokehouse.com/theoutbackcookincompany,https://www.facebook.com/DOSmokehouse,https://www.instagram.com/outbackcookin/,,,Condiments & Sauces,,,40.64153,-102.628005,Colorado Proud member directory
The Patch in Elizabeth,Agritourism,Agritourism,39980 Fox Trot Circle,Elizabeth,Elbert,80107,(720) 446-6001,info@thepatchinelizabeth.com,,https://www.facebook.com/thepatchinelizabeth/,,,,,,,39.447266,-104.555086,USDA local food directories
The Peachfork,Wineries; U-Pick; Agritourism; Farms & Ranches,Winery; U-Pick; Agritourism; On-Farm / Ranch Sales,281 33 RD,Palisade,Mesa,81526,(970) 216-7662,peachfork@gmail.com,https://Peachfork.com,https://facebook.com/Peachforkfruitandwine,https://instagram.com/Peachforkfruitandwine,Mon: Noon - 6pm; Thu: Noon - 6pm; Fri: Noon - 6pm; Sat: Noon -6 pm; Sun: Noon - 6pm,"January, February, April, March, May, June, July, August, September, October, November, December","Apples, Peaches, Pears, Grapes, Cider, Juices, Estate wines",,,39.045933,-108.441684,Colorado Proud Farm Fresh Directory; Colorado Proud member directory
The People’s Pickles,Shops & Grocers,Food Maker,19619 East 50th Drive,Denver,Denver,80249,(720) 939-2811,,https://peoplespickles.com,https://m.facebook.com/marcusjweaver/,https://www.instagram.com/marcusjweaver303/,,,Pickles & Pickled Products,,,39.788663,-104.760868,Colorado Proud member directory
The Perry Ranch LLC,Farms & Ranches,On-Farm / Ranch Sales,43330 Ptarmigan Ranch Street,Parker,Elbert,80138,(303) 868-7431,,https://perryranch.org,https://perryranch.org,https://perryranch.org,,,"Baked Goods, Beef, Eggs, Honey, Jam, Jam, Jelly & Preserves, Pickles & Pickled Products, Value-Added Food Products, Vegetables",,,39.496203,-104.613289,Colorado Proud member directory
THE PERUVIAN COOKIE COMPANY LLC,Shops & Grocers,Bakery,7416 Upham St,Arvada,Jefferson,80003,(720) 285-5009,,https://peruviancookie.com/,,https://www.instagram.com/peruviancookieco/,,,Cookies,,,39.831302,-105.077076,Colorado Proud member directory
The Prairie Farm Table,Shops & Grocers,Food Maker,27344 E BROADVIEW DR,KIOWA,Elbert,80117,(720) 825-1801,,,,,,,,,,39.263896,-104.44456,Colorado Proud member directory
The Ross Family Farmstead,Farm Stands,Roadside Market,7504 Shenandoah Dr,Elizabeth,Elbert,80107,(720) 369-0060,,https://rossfamilyfarmstead.com/,https://www.facebook.com/share/161J4MsVFh/?mibextid=wwXIfr,,,,"Apples, Baked Goods, Bee Keeping, Candy & Confections, Chicken, Chicks, Dairy Alternative Products, Dog Treats, Eggs, Goat, Honey, Jam, Jam, Jelly & Preserves, Milk, Peaches, Pears, Rabbit",,,39.506402,-104.522329,Colorado Proud member directory
The Sleepy Turtle Coffee Co,Farms & Ranches; Farm Stands; Shops & Grocers; Restaurants & Caterers,On-Farm / Ranch Sales; Roadside Market; Grocery Store; Food Maker; Restaurant; Caterer,525 North Cascade Avenue,Colorado Springs,El Paso,80903,(321) 848-8164,,https://thesleepyturtlecoffeeco.com,https://facebook.com/thesleepyturtlecoffeeco,https://instagram.com/thesleepyturtlecoffeeco,,,"Baked Goods, Beverage Manufacturing, Beverage Products, Bread, Catering Services, Coffee, Coffee Beans, Coffee Break Service, Doughnuts, Events, Fall Events & Activities, Food Service Supplies & Equipment, Local Delivery, Prepared Food",,,38.841966,-104.824389,Colorado Proud member directory
The Spice Makers,Shops & Grocers,Food Maker,10635 Aspen Street,Firestone,Weld,80504,(970) 302-4368,,https://www.thespicemakers.com/,https://www.facebook.com/TheSpiceMakers/,https://www.instagram.com/thespicemakers,,,Spices & Seasoning,,,40.155357,-104.967289,Colorado Proud member directory
The Stone Fruit Company LLC,Farms & Ranches,On-Farm / Ranch Sales,PO box 1377,Palisade,Mesa,81526,(303) 918-2918,,https://Thestonefruitcompany.com,,,,,"Cherries, Nectarines, Peaches, Plums",,Yes,39.110259,-108.350919,Colorado Proud member directory
The Storm Cellar,Wineries; Agritourism,Winery; Agritourism,14139 Runzel Gulch Road,Hotchkiss,Delta,81419,(970) 589-3142,hello@stormcellarwine.com,https://stormcellarwine.com,https://www.facebook.com/stormcellarwine,https://www.instagram.com/stormcellarwine,Thu: 12 p.m. - 7 p.m.; Fri: 12 p.m. - 7 p.m.; Sat: 12 p.m. - 7 p.m.; Sun: 12 p.m. - 7 p.m.,"May, June, July, August, September, October","100% Colorado-grown white, rosé, and sparkling wines",,,38.859435,-107.653707,Colorado Proud Farm Fresh Directory; Colorado Proud member directory
The Sweetest Bean,Shops & Grocers,Bakery,5994/120 South Holly Street,Greenwood Village,Arapahoe,80111,(303) 817-5216,,https://www.thesweetestbean.com/,https://www.facebook.com/Thesweetestbeanvanilla/,https://instagram.com/thesweetestbeanvanilla,,,"Baking Mixes & Supplies, Flavor Extracts, Spices & Seasoning",,,39.607097,-104.922662,Colorado Proud member directory
The Triangle Oasis,Farms & Ranches; CSA & Farm Shares; U-Pick,On-Farm / Ranch Sales; CSA Farm; U-Pick,8875 Co Rd 150,Salida,Chaffee,81201,,thetriangleoasis@gmail.com,https://www.thetriangleoasis.com/,,https://www.instagram.com/thetriangleoasisproject/,"Pick-your-own flowers by appointment, June–October",,"Seasonal produce, vegetables, herbs, flowers, seedlings, roasted chilies, sausages, frozen treats",,,38.56156,-106.036496,Farmers market vendor lists
The Twisted Shed,Farms & Ranches; Agritourism,On-Farm / Ranch Sales; Agritourism,8760 County Road 134,Kiowa,Elbert,80117,(303) 915-3702,,https://the-twisted-shed.square.site,,,,,Value-Added Non-Food Products,,,39.340037,-104.503398,Colorado Proud member directory
The Urban Farmhouse Co.,Shops & Grocers,Food Maker,11315 Cressman Drive,Peyton,El Paso,80831,(910) 574-3803,,https://www.TheUrbanFarmhouseCo.com,,https://www.instagram.com/anurbanfarmhouseco/,,,"Baked Goods, Condiments & Sauces, Crafts, Honey & Honey Products, Vinegar",,,38.980047,-104.616542,Colorado Proud member directory
The Winery at Holy Cross Abbey,Wineries,Winery,3011 E US Highway 50,CANON CITY,Fremont,81212,(719) 276-5191,info@abbeywinery.com,https://www.abbeywinery.com,https://www.facebook.com/Abbeywinery,https://instagram.com/theabbeywinery,Mon: 10  am - 6 pm; Tue: 10  am - 6 pm; Wed: 10  am - 6 pm; Thu: 10  am - 6 pm; Fri: 10  am - 6 pm; Sat: 10  am - 6 pm; Sun: 12 noon - 5 pm,"January, February, March, April, May, June, July, August, September, October, November, December","Merlot, Riesling, Viognier, Syrah, Cabernet Sauvignon, Cabernet Franc, Chardonnay, Sauvignon Blanc, Apple, Dessert, Red and White Blends, Blush",,,38.496251,-105.315801,Colorado Proud Farm Fresh Directory
The York Spice Company,Shops & Grocers,Food Maker,1523 33rd Avenue,Greeley,Weld,80634,(303) 547-2019,,,,https://instagram.com/theyorkspiceco,,,"Spice Blends, Spices & Seasoning",,,40.415321,-104.732373,Colorado Proud member directory
The Zesty Moose,Shops & Grocers,Grocery Store,449 Colorado Avenue,Grand Junction,Mesa,81501,(970) 270-6263,,https://www.thezestymoose.com,https://www.facebook.com/thezestymoose,https://www.instagram.com/thezestymoose/?hl=en,,,"Condiments & Sauces, Herbs, Jam, Jam, Jelly & Preserves, Other Wine Products, Pasta (Dry), Production & Manufacturing, Red Wine, Spice Blends, Spices & Seasoning, White Wine, Wine",,,39.066042,-108.564892,Colorado Proud member directory
Third Street Apples,Agritourism,Agritourism,935 3rd Street,Penrose,Fremont,81240,,applelance@bresnan.net,,https://www.facebook.com/third-street-apples-323916597777060/,,,,,,,38.447867,-105.008384,USDA local food directories
"This is a test, Inc.",Shops & Grocers,Bakery,West 123rd Street,Broomfield,Broomfield,80020,(503) 997-8635,,https://onlineada.com,,,,,Apples,,,39.920072,-105.041703,Colorado Proud member directory
Thompson House Museum,Agritourism,Agritourism,301 Lewies Ln,Carbondale,,81623,,board@carbondalehistory.org,https://www.carbondalehistory.org/thompson-house,,,Tours by appointment,,Historic 1880s homestead house tours,,,,,Farmers market vendor lists
Thousand Hills Ranch,Farms & Ranches,On-Farm / Ranch Sales,10819B County Road 700,Pagosa Springs,Archuleta,81147,(970) 507-0186,,,,,,,"Beef, Garlic",,,37.252961,-107.002608,Colorado Proud member directory
Three Cubs Bakehouse,Shops & Grocers,Bakery; Food Maker,4672 w 20th st rd,Greeley,Weld,80634,(970) 313-6779,,,https://www.facebook.com/share/1F2f5RYYFK/,https://www.instagram.com/threecubsbakehouse?igsh=MTNhNWh5c2QxNnAxaA==,,,"Baked Goods, Bread, Cakes, Cookies, Doughnuts, Jam, Jam, Jelly & Preserves, Muffins, Pretzels (Soft), Spices & Seasoning",,,40.403611,-104.75459,Colorado Proud member directory
Three Little Pigs Bakery,Shops & Grocers,Bakery,162/a Stanley Circle Drive,Estes Park,Larimer,80517,(970) 619-1933,,,https://www.facebook.com/three.little.pigs.bakery.2024?mibextid=ZbWKwL,,,,Baked Goods,,,40.373835,-105.516276,Colorado Proud member directory
Three Sisters Farm & Dairy,U-Pick; CSA & Farm Shares; Farm Stands; Garden Centers; Agritourism; Farms & Ranches,U-Pick; CSA Farm; Roadside Market; Garden Center / Greenhouse; Agritourism; On-Farm / Ranch Sales,2043 53rd lane,Boone,Pueblo,81025,(719) 240-4996,threesistersfarm7r@yahoo.com,,https://www.facebook.com/ThreeSistersFarm7R/#,,Mon: Check our website / FB page for events and hours; Tue: Check our website / FB page for events and hours; Wed: Check our website / FB page for events and hours; Thu: Check our website / FB page for events and hours; Fri: Check our website / FB page for events and hours; Sat: Check our website / FB page for events and hours; Sun: Check our website / FB page for events and hours,"January, February, March, April, May, June, July, August, September, October, November, December","Alfalfa, Apples, Asparagus, Attractions & Activities, Body Care Products, Bread, Bred Heifers, Candy & Confections, Cheese, Eggs, Flowers, Goat, Lavender, Livestock - Beef Cattle, Sunflower",Yes,,38.211948,-104.299542,Colorado Proud Farm Fresh Directory; Colorado Proud member directory
Tigges Farm Produce and Pumpkin Patch,Agritourism,Agritourism,404 Weld County Road 64 1/2,Greeley,Weld,80631,(970) 686-7225,,,https://www.facebook.com/tigges.farm,,,,,,,40.450319,-104.673003,USDA local food directories
"Tilde Vineyards, LLC",Wineries,Winery,,,,,(719) 784-7245,,https://www.brushhollowwinery.com/,https://m.facebook.com/111216973756265/,,,,Wine,,,,,Colorado Proud member directory
Timberline Bovine,Farms & Ranches,On-Farm / Ranch Sales,765 CR 325,Ignacio,La Plata,81137,(970) 394-4591,,,https://www.facebook.com/timberlinebovine,,,,Beef,,,37.115004,-107.633113,Colorado Proud member directory
Tin Cup Ranch,Farms & Ranches,Meat Producer & Packer,24602 County Road 13,Johnstown,Weld,80534,(970) 412-8609,,https://www.thetincupranch.com/,https://www.facebook.com/tincupranch,https://www.instagram.com/tin.cup.ranch/,,,Beef,,,40.360394,-104.945271,Colorado Proud member directory
Tinctures and Tallow,Shops & Grocers,Food Maker,4694 N Bend Ct,Firestone,Weld,80504,(775) 997-3388,,https://shoptincturesandtallow.com,,,,,"Herbs, Honey & Honey Products",,,40.189001,-104.966542,Colorado Proud member directory
Tiri's Garden Farmers Market,Farmers' Markets,Farmers' Market,1522 California St,Denver,Denver,80202,(303) 605-2885,,,,,,,,,,39.744499,-104.993082,USDA local food directories
Toadstool Traditions,Shops & Grocers,Food Maker,,,,,,,https://toadstooltraditions.com/,,https://www.instagram.com/toadstooltraditions/,,,Mushrooms,,,,,Colorado Proud member directory
Tooth & Gill Mushroom Co.,Farm Stands,Roadside Market,41 Aztec Drive,Pagosa Springs,Archuleta,81147,(160) 282-8815,,https://www.toothandgill.com,https://www.facebook.com/toothandgill,https://www.instagram.com/toothandgill/,,,Mushrooms,,,37.224972,-107.184237,Colorado Proud member directory
Totty Farms,Farms & Ranches,On-Farm / Ranch Sales,4092 County Road 510,Ignacio,La Plata,81137,(615) 397-2550,,,,,,,Vegetables,,,37.193866,-107.711293,Colorado Proud member directory
Tovah Homestead,Farm Stands; Shops & Grocers,Roadside Market; Food Maker,250 Colorado 105,Palmer Lake,El Paso,80133,(719) 481-9004,,http://tovahhomestead.com/,,,,,Eggs,,,39.116077,-104.908282,Colorado Proud member directory
TPB Farms,CSA & Farm Shares,CSA Farm,35003 Morgan Trail,Elizabeth,Elbert,80107,(720) 503-4093,,,,,,,,,,39.37896,-104.629189,USDA local food directories
Trifecta Natural Pork,Farms & Ranches,On-Farm / Ranch Sales,1911 CR,Yuma,Yuma,80759,(970) 848-2777,,http://www.saxtongenetics.com/trifectanaturalporkllc.html,,,,,Pork,,,40.122208,-102.72521,Colorado Proud member directory
Trinidad Community Farmers Market,Farmers' Markets,Farmers' Market,"Cimino Park, Trinidad, Colorado 81082",Trinidad,Las Animas,81082,(719) 680-0184,theteam@trinidadcofarmersmarket.com,https://trinidadcofarmersmarket.com/,https://www.facebook.com/TrinidadFarmersMktColorado,,Sat: 8:00am - 12:00pm,"June, July, August, September",,Yes,,37.170169,-104.508546,Colorado Farmers Market Association; USDA local food directories
"Trinity Acres Farm, LLC",Farms & Ranches; Agritourism,On-Farm / Ranch Sales; Agritourism,70988 38th Avenue,Byers,Adams,80103,(720) 296-7896,,https://www.trinity-acres.farm/,https://www.facebook.com/trinityacrespumpkinpatch/,https://www.instagram.com/trinityacrespumpkinpatch/,,,"Christmas Events & Activities, Events, Fall Events & Activities, Halloween Events & Activities, Pumpkins, Seasonal Events & Activities, Winter Events & Activities",,,39.767797,-104.158565,Colorado Proud member directory
Triple C Farm,Farms & Ranches,On-Farm / Ranch Sales,5244 North Co Road 3,Fort Collins,Larimer,80524,(720) 435-8216,,https://triplecfarmcolorado.com,,,,,Beef,,,40.66172,-104.957424,Colorado Proud member directory
"Troudt Meats, LLC.",Farms & Ranches,Meat Producer & Packer,35450 CO RD 48,Otis,Washington,80743,(970) 768-6328,,,https://www.facebook.com/people/Troudt-Meats/61578390013819/,,,,"Beef, Goat, Lamb, Pork",,,40.265708,-103.033176,Colorado Proud member directory
Trout Creek Farm,Farms & Ranches,On-Farm / Ranch Sales,"28872 CR 330, Buena Vista, CO 81211",Buena Vista,Chaffee,81211,(719) 207-0230,Beth@TroutCreekFarm.com,https://www.troutcreekfarm.com,,,,,"Specialty cut flowers, produce",,,38.796609,-106.094898,Chaffee Provides
Trujillo Family Farm,Farms & Ranches,On-Farm / Ranch Sales,14430 Zuni Street,Broomfield,Adams,80023,(303) 523-3430,,https://www.trujillofamilyfarmCO.com,https://www.fb.com/trujillofamilyfarm,,,,"Basil, Beans, Beets, Broccoli, Brussels Sprouts, Carrots, Cauliflower, Cucumbers, Garlic, Greens, Hot Peppers (Chili Peppers), Kale, Kohlrabi, Leeks, Lettuce, Microgreens, Okra, Onions, Peas, Peas, Peppers, Pumpkins, Radishes, Rhubarb, Summer Squash, Tomatoes, Vegetables, Winter Squash, Zucchini",,,39.958208,-105.01506,Colorado Proud member directory
Truth Microfarms,Farms & Ranches,On-Farm / Ranch Sales,,,,,(720) 440-1742,,https://truthmicrofarms.com,https://www.facebook.com/people/Truth-Microfarms/61563193076495/,https://www.instagram.com/truth_microfarms/,,,Vegetables,,,,,Colorado Proud member directory
Tuff's Ranch,Agritourism; Farms & Ranches,Agritourism; On-Farm / Ranch Sales,5055 S COUNTY ROAD 137,Bennett,Arapahoe,80102,(720) 263-2279,tuffsranch@gmail.com,https://www.TuffsRanch.com,https://www.facebook.com/TuffsRanch,https://www.instagram.com/TuffsRanchco,,"July, June, May, August, September",Beef,,,39.623697,-104.418994,Colorado Proud Farm Fresh Directory; USDA local food directories; Colorado Proud member directory
Tumbleweed Bread,Shops & Grocers,Bakery,38 Morris Street,Monte Vista,Rio Grande,81144,,,http://www.tumbleweedbread.com,https://www.facebook.com/tumbleweedbread/,https://www.instagram.com/tumbleweedbread/,,,Baked Goods Manufacturing,,,37.581044,-106.157611,Colorado Proud member directory
Tuxedo Corn Company LLC,Farms & Ranches,On-Farm / Ranch Sales,59751 David Rd,Olathe,Montrose,81425,(970) 323-6874,,https://tuxedocorn.com,https://www.facebook.com/p/Tuxedo-Corn-Company-100057442368302/,https://www.instagram.com/tuxedocornco/,,,"Beans (Field/Dry), Onions, Summer Squash, Sweet Corn, Winter Squash, Zucchini",,Yes,38.607807,-107.972935,Colorado Proud member directory
Twin Hounds Biscuit Company,Shops & Grocers,Food Maker,2403 Virgo Dr.,Colorado Springs,El Paso,80906,(719) 238-1716,,https://www.twinhounds.com,https://twinhoundsco.facebook.com,https://twinhoundsco.instagram.com,,,"Animal & Pet Food Manufacturing, Dog Treats",,,38.818178,-104.865152,Colorado Proud member directory
Two Drifters Farm,Farms & Ranches; Farm Stands,On-Farm / Ranch Sales; Roadside Market,,,,,,,,https://www.facebook.com/two.drifters.farm/,https://www.instagram.com/two.drifters.farm/,,,,,,,,Colorado Proud member directory
Two Mean Goats Farm & Soap,Farms & Ranches; Shops & Grocers,On-Farm / Ranch Sales; Food Maker,21283 NORTH RD,ECKERT,Delta,81418,(970) 433-4502,,https://twomeangoats.com,https://www.facebook.com/twomeangoatssoap,https://www.instagram.com/twomeangoatsfarmandsoap/,,,,,,38.84304,-107.965901,Colorado Proud member directory
Two Roots Farm LLC,U-Pick; CSA & Farm Shares; Farm Stands; Farms & Ranches,U-Pick; CSA Farm; Roadside Market; On-Farm / Ranch Sales,100 Sopris Creek Road,Basalt,Pitkin,81621,(970) 376-6039,farmers@tworootsfarm.com,https://www.tworootsfarm.com,,,Fri: 9am-1pm,"June, July, August, September, October",,Yes,,39.370977,-107.034953,Colorado Proud Farm Fresh Directory; USDA local food directories
Two Springs Ranch/ Harvest Days,Agritourism,Agritourism,32999 Daniel Rd,Pueblo,Pueblo,81006,(719) 320-5822,twospringsranch@yahoo.com,,https://www.facebook.com/harvestdays/,,,,,,,38.25763,-104.48566,USDA local food directories
TwoInTents Farm / Coastalfields Feed,Agritourism,Agritourism,635 County Road 160,Agate,Elbert,80101,(720) 833-8795,twointents@gmail.com,,,,,,,,,39.439721,-103.996154,USDA local food directories
Uan Hollow,Farms & Ranches,On-Farm / Ranch Sales,4824 CR 243,New Castle,Garfield,81647,(443) 618-9901,,https://www.uanhollow.com,,,,,"Lamb, Microgreens, Milk",,,39.572758,-107.536444,Colorado Proud member directory
"Uff Da Waffles, LLC",Shops & Grocers,Food Maker,PO Box 38551,Colorado Springs,El Paso,80937,(719) 439-1034,,https://www.uffdawaffles.com,,https://www.UffDaWaffles.com,,,Baked Goods,,,38.833882,-104.821363,Colorado Proud member directory
Ullrs Garden,Farms & Ranches,On-Farm / Ranch Sales,1532 South Acoma Street,Denver,Denver,80223,(720) 460-1276,,https://ullrsgarden.com,,,,,"Basil, Bok Choy, Collards, Herbs, Microgreens",,,39.688719,-104.988379,Colorado Proud member directory
Uncle Johnnys U-pick,Agritourism,Agritourism,Surface Creek Road,Cedaredge,,81413,,22arniebclarke@gmail.com,,,,,,,,,,,USDA local food directories
Uncle Johns Garden U-Pick,Farms & Ranches,On-Farm / Ranch Sales,18561 Surface Creek Road,Cedaredge,Delta,81413,(303) 961-3531,UNCLEJOHNNYSUPICKFARM@GMAIL.COM,,https://www.facebook.com/pages/Uncle-Johnnys-U-Pick-Farm/152162904866587,,,,"Apples, Apricots, Blackberries, Elderberries, Peaches, Raspberries",,,38.923969,-107.910283,USDA local food directories; Colorado Proud member directory
Uncompahgre Farms,Farms & Ranches,On-Farm / Ranch Sales,1029 6400 Rd,Montrose,Montrose,81403,(305) 216-4682,uncofarm@gmail.com,https://www.uncofarms.com,https://www.facebook.com/uncofarm,https://www.instagram.com/uncompahgre_farms/,,"January, February, March, April, December, November, October, September, August, July, June, May","Beef, Lamb, Poultry, Eggs",,,38.4651,-107.894214,Colorado Proud Farm Fresh Directory; USDA local food directories; Colorado Proud member directory
Underhill Worm Farm,Farms & Ranches,On-Farm / Ranch Sales,101 S Golfview Drive E,Pueblo West,Pueblo,81007,(719) 470-2670,,https://www.underhillwormfarm.com/,https://www.facebook.com/underhillwormfarm/,https://www.instagram.com/underhillwormfarm,,,Educational Seminars,,,38.333694,-104.750624,Colorado Proud member directory
Union Station Farmers Market,Farmers' Markets,Farmers' Market,1701 Wynkoop St.,Denver,Denver,80202,(800) 872-7245,community@bcfm.org,https://unionstationfarmersmarket.com/,https://www.facebook.com/unionstationfarmersmarket/,,Sat: 9:00am - 1:00pm,"June, July, August, September","Coffee, fresh bread, honey, jams, fresh produce",,,39.752783,-104.999833,USDA local food directories
Unlikely Farms,Farms & Ranches,On-Farm / Ranch Sales,187 Pheasant Run,Louisville,Boulder,80027,(720) 724-7779,,https://www.unlikelyfarms.com,,,,,"Microgreens, Mushrooms",,,39.987975,-105.142612,Colorado Proud member directory
Unsung family farm,Farms & Ranches,On-Farm / Ranch Sales,,,,,,,,,,,,"Microgreens, Tomatoes, Vegetables",,,,,Colorado Proud member directory
Upper Beaver Creek Ranch,Farms & Ranches,On-Farm / Ranch Sales,116 Red Rock Dr.,Penrose,Fremont,81240,(719) 372-6677,mvh876@gmail.com,,,,,,,,,38.534429,-105.05136,USDA local food directories
Urban Greens Farm,Farm Stands,Roadside Market,3201/UNIT 302 Shoshone Street,Denver,Denver,80211,(130) 391-6900,,https://urbangreensfarm.square.site,https://www.facebook.com/groups/microgreensinminutes,,,,"Lettuce, Microgreens",,,39.762477,-105.009867,Colorado Proud member directory
Urmber's IceCream,Farms & Ranches,On-Farm / Ranch Sales,,,,,(970) 980-3645,,https://www.ummberspremiumicecream.com/,,https://www.instagram.com/ummbers.icecream/,,,Ice Cream,,,,,Colorado Proud member directory
Vail Farmers' Market,Farmers' Markets,Farmers' Market,Meadow Dr.,Vail,Eagle,81658,(970) 747-1711,vail@vailfarmermarket.com,http://www.vailfarmersmarket.com/,https://www.facebook.com/VailFarmersMarket,https://www.instagram.com/vailfarmersmarket/,Sun: 9:30am - 3:00pm (Jun 14 - Oct 4); Thu: 1:00pm - 5:30pm (Jun 18 - Sep 17),"June, July, August, September, October","Farm-fresh produce, artisan foods, Colorado-made art, handcrafted goods, clothing, jewelry, and prepared foods from over 155 vendors",,,39.629079,-106.289265,USDA local food directories
Valere Farm and Ranch,Farms & Ranches,On-Farm / Ranch Sales,34710 East 152nd Avenue,Hudson,Adams,80642,(650) 678-4192,,https://ValereFarmandRanch.com,https://www.facebook.com/ValereFarmandRanch/,https://www.instagram.com/valerefarmandranch,,,"Eggs, Honey & Honey Products, Pork",,,39.971266,-104.581993,Colorado Proud member directory
Valley Meat and Foods LLC,Farms & Ranches,Meat Producer & Packer,808 West Ave,Alamosa,Alamosa,81101,(719) 589-6328,,https://valleymeatandfood.com/,https://www.facebook.com/valleymeatandfood,,,,"Meat, Poultry & Game",Yes,,37.464008,-105.874706,Colorado Proud member directory
Valley Of The Moon Bakery,Shops & Grocers,Food Maker,3738 South Waco Street,Aurora,Arapahoe,80013,(303) 351-7537,,,,,,,"Baked Goods, Baking Mixes & Supplies, Jam, Jam, Jelly & Preserves, Popcorn & Popcorn Products, Prepared Food, Tortillas",,,39.648974,-104.776747,Colorado Proud member directory
Valley Roots Food Hub,Farms & Ranches,On-Farm / Ranch Sales,"5401 Terry Street, Mosca, CO 81146",,,,(719) 206-2839,ally.valleyroots@gmail.com,https://www.valleyrootsfoodhub.com/,,,,,"Produce, meat, cheese, eggs",,,,,Chaffee Provides
Valley Roots Food Hub,Wholesale & Food Hubs,Food Hub,5401 Terry St,Mosca,Alamosa,81146,(719) 588-8245,nick@valleyrootsfoodhub.com,https://www.valleyrootsfoodhub.com,,,,"January, February, March, April, May, June, July, August, September, October, November, December",,,,37.652929,-105.87582,USDA local food directories
Vanilla Bean Kitchen LLC,Shops & Grocers,Food Maker,16535 East Wagontrail Drive,Aurora,Arapahoe,80015,(815) 412-0432,,https://www.vanillabeankitchen.com,https://www.facebook.com/vanillabeankitchenllc/,https://www.instagram.com/vanillabeankitchen1/,,,"Flavorings & Extracts, Spices & Seasoning, Sugars",,,39.631047,-104.796618,Colorado Proud member directory
VanWinkle Ranch,Farms & Ranches,On-Farm / Ranch Sales,2043 North Road,Fruita,Mesa,81521,(970) 210-4292,,,https://www.facebook.com/VanWinkleRanch,,,,Beef,,,39.205905,-108.672647,Colorado Proud member directory
Vaughnderful Bakehouse,Shops & Grocers,Food Maker,5507 Butterfield Drive,Colorado Springs,El Paso,80923,(719) 201-8920,,,,,,,"Bagels, Baked Goods, Cookies, Events",,,38.937065,-104.728942,Colorado Proud member directory
Veggiescapes,Farms & Ranches,On-Farm / Ranch Sales,Oxford Road,Boulder,,80503,,veggiescapes@email.com,,,,,,,,,,,USDA local food directories
Venezuela dulce LLC,Shops & Grocers,Bakery,2510 47th St Unit B100 Boulder CO,Boulder,Boulder,,(303) 641-7265,,,,https://www.instagram.com/venezueladulce2828?igsh=MW5ibGc0OTN6bXBmNA==,,,"Baked Goods, Bread, Cakes",,,40.026162,-105.242795,Colorado Proud member directory
Vermont Sticky,Shops & Grocers,Grocery Store; Food Maker,35 Belleview Drive,Crested Butte,Gunnison,81225,(970) 901-0215,,https://vermontsticky.com,https://vermontsticky.com,https://vermontsticky.com,,,"Chocolate & Cocoa Products, Maple Syrup",Yes,Yes,38.907834,-106.967474,Colorado Proud member directory
Vi at Highlands Ranch,Restaurants & Caterers,Restaurant,2850 Classic Drive,Highlands Ranch,Douglas,80126,(720) 348-7810,,https://www.viliving.com/,,,,,,,,39.551274,-104.955906,Colorado Proud member directory
Viking Aquaponics,Farms & Ranches,On-Farm / Ranch Sales,520 Colorado Avenue,Stratton,Kit Carson,80836,(303) 668-2568,,,,,,,"Lettuce, Microgreens",,,39.300486,-102.605409,Colorado Proud member directory
Vince's Hatchery,Farms & Ranches,On-Farm / Ranch Sales,,,,,,,,,,,,Chicks,,,,,Colorado Proud member directory
Vine Abiding Farms,Agritourism,Agritourism,295 highway 50,Fowler,Otero,81039,(719) 469-4575,vineabidingfarms@gmail.com,,https://www.facebook.com/vineabidingfarms,,,,,,,38.130484,-104.021227,USDA local food directories
Vines 79 Wine Barn,Wineries,Winery,3839 G Road,Palisade,Mesa,81526,(970) 589-0417,,https://www.vines79.com,https://facebook.com/vines79,https://instagram.com/vines_79_wine_barn,,,Wine,,,39.105456,-108.340561,Colorado Proud member directory
Vino Salida Wine Cellars,Wineries; Agritourism,Winery; Agritourism,10495 County Road 120,Poncha Springs,Chaffee,81242,(719) 539-6299,,https://www.vinosalida.com,https://www.facebook.com/vinosalidawinecellars,https://www.instagram.com/vinosalidawinebar/,,,"Events, Wine",,,38.517471,-106.076066,Colorado Proud member directory
Violet Ratio,Farm Stands; Shops & Grocers,Roadside Market; Food Maker,224 Rainbow Overlook,Moffat,Saguache,81143,(719) 799-6992,,,,,,,"Food Supplements, Forage Analysis, Local Delivery, Maitake, Mushrooms, Production & Manufacturing, Shiitake",,,37.981223,-105.688002,Colorado Proud member directory
Virgil Produce,Farms & Ranches,On-Farm / Ranch Sales,41st Lane,Pueblo,,81006,,virgil@cs.com,,,,,,,,,,,USDA local food directories
Vision Angus Beef,Farms & Ranches,On-Farm / Ranch Sales,36996 County Road 53,Amherst,Phillips,80721,(970) 520-9012,,https://www.visionangus.com,https://facebook.com/brent.vieselmeyer,https://www.instagram.com/visionangus?igsh=MXIxcWhpN2x3OGVkNw%3D%3D&utm_source=qr,,,Beef,,,40.705039,-102.163367,Colorado Proud member directory
Vollmer's Bakery,Shops & Grocers,Bakery,4004 Grape Street,Denver,Denver,80216,(303) 388-8393,,https://vollmersbakery.com,,,,,"Cakes, Frozen Dairy Desserts",,,39.773329,-104.924011,Colorado Proud member directory
Wade Acres,Agritourism,Agritourism,800 State Highway 86,Simla,Elbert,80835,(719) 541-5555,,,https://www.facebook.com/wadeacres,,,,,,,39.273745,-104.101138,USDA local food directories
Walsenburg Farmers Market,Farmers' Markets,Farmers' Market,400 Main Street,Walsenburg,Huerfano,81089,(738) 520-0410,,,https://www.facebook.com/walsenburgfarmersmarket/,,Sun: 12:00pm - 2:00pm,"May, June, July, August, September",,,,37.625579,-104.781897,USDA local food directories
Water Tiger Enterprises LLC,Shops & Grocers,Food Maker,1621 Parkside Circle,Lafayette,Boulder,80026,(720) 243-5093,,https://water-tiger-enterprises-llc.square.site/,https://www.facebook.com/watertigersweets,,,,"Baked Goods, Candy & Confections, Cookies, Dog Treats",,,39.9853,-105.084626,Colorado Proud member directory
Watercourse Foods,Restaurants & Caterers,Restaurant,837 E 17th Ave,Denver,Denver,80218,(303) 832-7313,,https://watercoursefoods.com,,,,,,,,39.743532,-104.976728,Colorado Proud member directory
Weathers Farm,Farms & Ranches,On-Farm / Ranch Sales; Meat Producer & Packer,32741 County Road North,Yuma,Yuma,80759,(970) 630-9545,,https://www.weathersfarms.net,,,,,"Beef, Bred Cows, Bred Heifers, Carcass Data, Corn, Cow-Calf Pairs, Crops & Agricultural Products, Feeder Calves, Livestock - Beef Cattle, Popcorn & Popcorn Products, Yearling / Open Heifers, Yearling Bulls",,,40.042513,-102.58384,Colorado Proud member directory
Weedy Hill Farm,Farms & Ranches,On-Farm / Ranch Sales,45557 Stagecoach Road,Parker,Elbert,80138,(720) 231-0924,,,,,,,Microgreens,,,39.530441,-104.648905,Colorado Proud member directory
Wellington Farmers Market,Farmers' Markets,Farmers' Market,4th & Cleveland,Wellington,Larimer,80549,(720) 346-6871,,http://www.wellingtoncofarmersmarket.org/,https://www.facebook.com/wellingtoncofarmersmarket,,,,,,,40.70395,-105.00339,USDA local food directories
Wendll's White River Roasters,Restaurants & Caterers,Restaurant,"206 Market Street,Box 256",MEEKER,Rio Blanco,81641,(970) 930-5668,,https://wendllswhiteriverroasters.com,https://wendllswhiteriverroasters.com,,,,Coffee Beans,,,40.037028,-107.908055,Colorado Proud member directory
West Wolf Medicinals,Shops & Grocers,Food Maker,1015 Cherryvale Road,Boulder,Boulder,80303,(917) 570-9234,,https://www.westwolfmedicinals.com/,https://www.facebook.com/medicinalmushroomsupplements/,https://www.instagram.com/westwolfmedicinals/,,,"Herbs, Mushrooms",,Yes,40.005511,-105.212922,Colorado Proud member directory
Westcliffe Cheese Company,Farms & Ranches,On-Farm / Ranch Sales,603 Ute Mesa Trail,Westcliffe,Custer,81252,(719) 210-1923,,http://www.westcliffecheesecompany.com,https://m.facebook.com/westcliffecheesecompany/,,,,Cheese,,,38.147163,-105.56458,Colorado Proud member directory
Westcliffe Farmers Market,Farmers' Markets,Farmers' Market,"Jess Price Park, 315 Main St, Westcliffe, CO 81252",Westcliffe,Custer,81252,(719) 942-3397,WestcliffeFarmersMarket@gmail.com,https://www.westcliffefarmersmarket.com/,https://www.facebook.com/WestcliffeFarmersMarket,,Fri: 9:00am - 1:00pm,"June, July, August, September","Local produce, local art and handcrafted artisan goods, herbal products, honey, fresh baked goods, locally raised meat, Amish foods/crafts",,,38.135997,-105.46712,USDA local food directories
Wheat Ridge Poultry and Meats,Farms & Ranches,Meat Producer & Packer,5650 West 29th Avenue,Wheat Ridge,Jefferson,80214,(303) 233-0757,,https://www.wheatridgepoultry.com,,,,,"Animal & Pet Food, Antelope, Beef, Buffalo, Chicken, Pork",Yes,,39.758072,-105.058276,Colorado Proud member directory
Whispering Pines Jam,Shops & Grocers,Food Maker,2457 S. Eldridge Ct.,Lakewood,Jefferson,80228,(303) 875-1104,,,,,,,"Jam, Jam, Jelly & Preserves",,,39.671151,-105.157372,Colorado Proud member directory
Whispering Woods Whisk & Bake,Shops & Grocers,Food Maker,4801 Signal Tree Dr,Timnath,Larimer,80547,(970) 449-0801,,https://www.hotplate.com/whisperingwoodswnb,https://www.facebook.com/profile.php?id=61555810615015&mibextid=LQQJ4d,https://www.facebook.com/profile.php?id=61555810615015&mibextid=LQQJ4d,,,"Bagels, Baked Goods, Bread, Cakes, Cookies, Doughs & Crusts, Muffins, Pretzels (Soft), Tortillas",,,40.522671,-104.977041,Colorado Proud member directory
Whistling Squirrel Farm LLC,Farms & Ranches,On-Farm / Ranch Sales,14756 Road 21,Cortez,Montezuma,81321,(970) 560-1279,,,https://www.facebook.com/whistlingsquirrelfarm/,,,,"Flowers, Herb & Spice Processing, Herbs, Lavender, Raspberries, Tea",,,37.425976,-108.663792,Colorado Proud member directory
White Crow Ranch SLV,Farms & Ranches,On-Farm / Ranch Sales,PO BOX 576,Fort Garland,Costilla,81133,(719) 420-1629,,https://whitecrowranchslv.com/,https://www.facebook.com/Whitecrowranchslv/,https://instagram.com/whitecrowranchslv,,,"Chicken, Eggs, Greens, Herbs, Honey & Honey Products, Vegetables",,,37.428897,-105.4339,Colorado Proud member directory
White Elm Acres LLC,Shops & Grocers,Food Maker,12657 Jay Road,Erie,Boulder,80516,(303) 817-4973,,,https://www.facebook.com/share/1ApTPdYofx/?mibextid=wwXIfr,https://www.instagram.com/white.elm.acres?igsh=MXU4NDVhZHZmaTA5cg%3D%3D&utm_source=qr,,,"Baked Goods, Bread",,,40.052117,-105.056317,Colorado Proud member directory
White Peaks Bison Ranch,Farms & Ranches,On-Farm / Ranch Sales,,Deer Trail,Arapahoe,80105,(720) 636-6227,,https://whitepeaksbison.com,https://www.facebook.com/WhitePeaksBison/,https://www.instagram.com/whitepeaksbison/,,,,,,39.614982,-104.044403,Colorado Proud member directory
Whitewater Hill Vineyards,Wineries; Agritourism,Winery; Agritourism,220 32 Road,Grand Junction,Mesa,81503,(970) 434-6868,info@whitewaterhill.com,https://whitewaterhill.com,https://facebook.com/whitewaterhill,https://instagram.com/whitewaterhillvineyards,Mon: 10 a.m. - 5:45 p.m.; Tue: 10 a.m. - 5:45 p.m.; Wed: 10 a.m. - 5:45 p.m.; Thu: 10 a.m. - 5:45 p.m.; Fri: 10 a.m. - 5:45 p.m.; Sat: 10 a.m. - 5:45 p.m.; Sun: 10 a.m. - 5:45 p.m.,"January, February, March, April, May, June, July, August, September, October, November, December","Dry whites, dry reds, semi-sweets, and dessert wines.",,,39.036078,-108.45819,Colorado Proud Farm Fresh Directory; Colorado Proud member directory
"Wild Bunch Acres, LLC",Farm Stands; Shops & Grocers,Roadside Market; Food Maker,,,,,,,,,,,,"Basil, Beans, Beets, Bok Choy, Broccoli, Brussels Sprouts, Cabbage, Carrots, Cauliflower, Cilantro, Collards, Crafts, Crops & Agricultural Products",,,,,Colorado Proud member directory
Wild Cider,Agritourism,Agritourism,11455 Co Rd 17,Firestone,Weld,80504,(303) 532-9949,,https://www.wildcider.com,https://www.facebook.com/wildciderco/,https://www.instagram.com/wildcider/,,,Cider,,,40.166441,-104.905518,Colorado Proud member directory
Wild K Ranch,Farms & Ranches,On-Farm / Ranch Sales,16435 CR 197,Limon,Lincoln,80828,(720) 448-3993,,http://www.wild-k-ranch.com/,https://www.facebook.com/wildkranch?mibextid=LQQJ4d,https://www.instagram.com/wildkranch?igsh=OGljemp2emk1MWgw&utm_source=qr,,,"Baked Goods, Buffalo, Eggs, Honey & Honey Products, Local Delivery, Spice Blends, Spices & Seasoning",,,39.263876,-103.692174,Colorado Proud member directory
Wild Thymes Farm,Farms & Ranches,On-Farm / Ranch Sales,209 County Road 520,Bayfield,La Plata,81122,(920) 366-0110,,https://www.wildthymesfarm.com/,https://www.facebook.com/wildthymesfarmbayfield,https://www.instagram.com/wildthymesfarm/,,,"Meat, Poultry & Game, Vegetables",,,37.199573,-107.619262,Colorado Proud member directory
Wild West Maze,Agritourism,Agritourism,701 Main Street,Hudson,Weld,80642,(303) 536-9200,info@wildwest.com,,,,,,,,,40.07323,-104.6427,USDA local food directories
Wildboydfarm,Farms & Ranches,On-Farm / Ranch Sales,37041 Broadway Avenue,Matheson,Elbert,80830,(719) 922-0679,,https://www.investingwithyou.org,,,,,"Beef, Chicken (Prepared), Goat, Lamb, Pork",Yes,,39.172582,-103.975293,Colorado Proud member directory
Wildcat Garlic,Farms & Ranches,On-Farm / Ranch Sales,2314 Palmer Avenue,Glenwood Springs,Garfield,81601,(909) 499-5038,,https://www.wildcatgarlic.com,,https://www.instagram.com/wildcatgarlic,,,Garlic,,,39.528976,-107.319773,Colorado Proud member directory
Wilde Cookie Compant,Shops & Grocers,Bakery; Food Maker,,,,,(828) 275-6605,,,https://m.facebook.com/wildecookiecompany,https://www.instagram.com/wildecookiecompany,,,Cookies,,,,,Colorado Proud member directory
Wildflower & Wheat LLC,Shops & Grocers,Bakery; Food Maker,9807 Mount Kataka Point,Littleton,Douglas,80125,(303) 945-9164,,https://wildflowerwheat.com,https://www.facebook.com/WildflowerandWheat/,https://www.instagram.com/wildflowerwheat/,,,"Baked Goods, Baking Mixes & Supplies, Bread",,,39.48543,-105.069468,Colorado Proud member directory
Wiley Processing LLC,Farms & Ranches,Meat Producer & Packer,2979 County Road TT,Wiley,Prowers,81092,(719) 931-3636,,https://www.wileyprocessing.com/,https://www.facebook.com/wileyprocessing,,,,"Beef, Livestock - Beef Cattle, Pork",Yes,,38.216532,-102.706354,Colorado Proud member directory
Wiley Ranch Beef,Farms & Ranches,Meat Producer & Packer,37915 County Road 3,Wiley,Prowers,81092,(719) 829-4508,,http://www.wileyranchbeef.com/,https://www.facebook.com/WileyRanchBeef,https://www.instagram.com/wileyranchbeef/,,,Beef,Yes,,38.185183,-102.707062,Colorado Proud member directory
Willowbrook Farm and Ranch,Farms & Ranches,On-Farm / Ranch Sales,2156 Scenic Estates Drive,FORT COLLINS,Larimer,80524,(970) 699-8585,,https://willowbrookfarmandranch.com/,https://www.facebook.com/willowbrookfarmandranch,,,,"Beef, Chicken, Eggs, Lamb, Turkey",,,40.666401,-105.121005,Colorado Proud member directory
Windchime Farm LLC,Farms & Ranches,On-Farm / Ranch Sales,17541 County Road GG,Rocky Ford,Otero,81067,(719) 640-5949,,,https://www.facebook.com/profile.php?id=100091726384621,,,,"Eggs, Garlic, Herbs, Pork, Vegetables",,,38.070062,-103.756207,Colorado Proud member directory
Windler Ranch,Farms & Ranches,On-Farm / Ranch Sales,PO Box 172,Yampa,Routt,80483,(303) 356-7340,,https://www.windlerranch.com/,https://www.facebook.com/windlerranch/,https://www.instagram.com/windlerranch/?hl=en,,,"Beef, Livestock - Beef Cattle",,,40.152484,-106.908658,Colorado Proud member directory
Windsor Farmers Market,Farmers' Markets,Farmers' Market,"250 11th St., Windsor",Windsor,Weld,80550,(970) 388-7354,slaub@windsorgov.com,https://www.recreationliveshere.com,,,Sat: 8-12:30,"June, July, August, September","Bell Peppers, Broccoli, Brussels Sprouts, Cabbage, Cantaloupe, Carrots, Cherries, Chile - Roasted, Cucumbers, Green Beans, Herbs, Lettuce, Mushrooms, Onions, Peaches, Pears, Potatoes, Pumpkins, Raspberries, Spinach, Squash, Strawberries, Sweet Corn, Tomatoes, Zucchini, Beef, Jerky, Baked Goods, Honey, Jams, Jellies, Pickles, Popcorn, Handcrafted Gifts",,,40.482684,-104.918886,Colorado Proud Farm Fresh Directory; Colorado Proud farmers market map
Windy Plains Farm,Farms & Ranches; Farm Stands; Shops & Grocers,On-Farm / Ranch Sales; Roadside Market; Food Maker,25385 State hwy 110,Calhan,El Paso,80808,(719) 339-3757,,,,https://www.instagram.com/windyplainsfarm/,,,"Bee Keeping, Chicken, Chicks, Chocolate & Cocoa Products, Eggs, Goat, Jam, Jam, Jelly & Preserves, Snack Food Products",,,38.937524,-104.357568,Colorado Proud member directory
"Wing Shack Enterprises, Inc.",Restaurants & Caterers,Restaurant,912 9th Ave.,Greeley,Weld,80634,(970) 803-8415,,https://wingshackwings.com/,https://www.facebook.com/wingshackwings/,https://www.instagram.com/wingshackwings/?hl=en,,,Condiment & Sauce Manufacturing,,,40.423966,-104.692761,Colorado Proud member directory
Winter Produce LLC,Farms & Ranches,On-Farm / Ranch Sales,32491 County Road 51,Greeley,Weld,80631,(970) 301-2664,,,,,,,Lettuce,,,40.471167,-104.585512,Colorado Proud member directory
Winters  Ranch,Farms & Ranches,On-Farm / Ranch Sales,6536 County Road 8,Rush,Lincoln,80833,(719) 892-0316,,https://winterscattleranch.com/,https://www.facebook.com/wintersbeefcattleranchLLC/,,,,"Beef, Pork",,,38.603463,-103.924549,Colorado Proud member directory
Wishing Star Farm,Agritourism,Agritourism,,Colorado Springs,El Paso,80908,(719) 495-5888,,,,,,,,,,39.082048,-104.699316,USDA local food directories
Wolf Creek Fresh,CSA & Farm Shares; Farms & Ranches; Garden Centers; Agritourism,CSA Farm; On-Farm / Ranch Sales; Garden Center / Greenhouse; Agritourism,6625 Wolf Creek Road,Strasburg,Adams,80136,(720) 288-0829,charlie@wokfcreekfresh.com,https://Www.wolfcreekfresh.com,,,Mon: By appointment; Sat: By appointment,"May, June, July, August, September, October, November","Beets, Bell Peppers, Broccoli, Cabbage, Cantaloupe, Carrots, Celery, Chile Peppers, Cucumbers, Garlic, Eggplant, Green Beans, Herbs, Honeydew, Kale, Lettuce, Onions, Peaches, Pears, Peas, Potatoes, Pumpkins, Radishes, Rhubarb, Spinach, Squash, Tomatoes, Turnips, Watermelon, Zucchini, Goat, Eggs, Baked Goods, Jams, Soup, bread, and cookie mixes in mason jars",Yes,,39.594658,-104.361333,Colorado Proud Farm Fresh Directory; Colorado Proud farmers market map
WolfNRabbit Honey,Agritourism,Agritourism,Meadows Blvd,Castle Rock,Douglas,80109,(720) 339-1370,wolfnrabbithoney@gmail.com,https://www.wolfnrabbithoney.com,https://www.facebook.com/local-raw-honey-wolfnrabbit-honey-104397320990019/,,,,,,,39.400046,-104.906369,USDA local food directories
Woodland Park Farmers Market,Farmers' Markets,Farmers' Market,117 Center Ave,Woodland Park,Teller,80863,(719) 229-3767,info@wpfarmersmarket.com,https://wpfarmersmarket.com,https://www.facebook.com/wpfarmersmarket,https://www.instagram.com/wpfarmersmarket,Fri: 8:00am - 1:00pm,"June, July, August, September","Local and regionally grown fruits & vegetables, local and regionally raised meats, plants, flowers & herbs, farm-fresh eggs & dairy products, baked goods, snacks, spices",Yes,,38.995722,-105.053867,Colorado Farmers Market Association; USDA local food directories
Woof n’ Wag Snack Shack LLC,Shops & Grocers,Bakery,PO Box 43,Coaldale,Fremont,81222,(719) 207-5107,,http://www.woofnwagsnackshack.com,https://www.facebook.com/share/1U3hYPBUPX/?mibextid=wwXIfr,https://www.instagram.com/woofnwagsnackshack?igsh=N3lrdHBzZGtzYjZp&utm_source=qr,,,Animal & Pet Food,,,38.359871,-105.755656,Colorado Proud member directory
"WorldWide Hot Dogs, LLC (Biker Jim's Gourmet Dogs)",Restaurants & Caterers,Restaurant,2148 Larimer Street,Denver,Denver,80205,(760) 525-5795,,https://bikerjimsdogs.com,https://www.facebook.com/BikerJimsGourmetDogs/,https://www.instagram.com/bikerjimsdogs/,,,"Antelope, Barbecue, Beef, Buffalo, Chicken (Prepared), Co-Packing, Elk, Meat, Poultry & Game, Ostrich, Rabbit, Sandwiches / Subs / Hoagies, Seasonal Events & Activities, Services - Food & Agricultural, Spices & Seasoning",,,39.754393,-104.990215,Colorado Proud member directory
"WR Premium Beef, LLC",Farms & Ranches,On-Farm / Ranch Sales,5567 South Perry Park Road,Sedalia,Douglas,80135,(303) 681-3831,,https://wiensranch.com,,,,,Beef,,,39.281165,-104.95684,Colorado Proud member directory
XLVII's Bakery/ 47 Bakery,Shops & Grocers,Bakery,11990 Grant Suite 312,Northglenn,Adams,80233,(470) 240-7776,,https://www.47bakery.com,,https://www.47bakery.com,,,Baked Goods,,,39.913427,-104.984066,Colorado Proud member directory
YA YA Farm & Orchard,Agritourism,Agritourism,914 Ute Hwy,Longmont,Boulder,80503,(303) 485-5585,info@yayafarmandorchard.com,http://www.yayafarmandorchard.com,https://www.facebook.com/yayafarmorchard/,,,,,,,40.216163,-105.256131,USDA local food directories
Yampa Valley Foods,Shops & Grocers,Grocery Store,35 11th Street,Steamboat Springs,Routt,80487,(970) 879-4370,katie@communityagalliance.org,https://communityagalliance.org/programs/valley-foods/,https://www.facebook.com/AgAlliance/,https://www.instagram.com/agalliance/,Mon: 10:00am - 5:30pm; Tue: 10:00am - 5:30pm; Wed: 10:00am - 5:30pm; Thu: 10:00am - 5:30pm; Fri: 10:00am - 5:30pm; Sat: 10:00am - 4:00pm,"January, February, March, April, May, June, July, August, September, October, November, December","Apples, Apricots, Beets, Bell Peppers, Brussels Sprouts, Cabbage, Carrots, Cauliflower, Celery, Cherries, Cucumbers, Garlic, Herbs, Kale, Leeks, Lettuce, Microgreens, Mushrooms, Onions, Peaches, Pears, Peas, Potatoes, Pumpkins, Radishes, Rhubarb, Spinach, Squash, Sweet Corn, Tomatoes, Turnips, Watermelon, Zucchini, Beef, Buffalo, Jerky, Lamb, Pork, Poultry, Sausage, Baked Goods, Cheese, Eggs, Honey, Jams, Jellies, Pickles, Popcorn, Juices, Handcrafted Gifts",,,40.487574,-106.838576,Colorado Proud Farm Fresh Directory; Colorado Proud farmers market map
Yampa Valley Made,Shops & Grocers,Bakery,,Steamboat Springs,Routt,80487,(970) 846-3575,,https://yampavalleymade.com,,,,,Bread,,,40.484977,-106.831716,Colorado Proud member directory
Yatri Chai,Shops & Grocers,Grocery Store,201 Milwaukee St Ste 200,Denver,Denver,80206,(303) 642-5754,,https://yatrichai.com,https://wew.facebook.com/yatri.chai,https://www.instagram.com/yatri.chai,,,"Beverage Products, Tea",,,39.719905,-104.952387,Colorado Proud member directory
"Young Roots, LLC",Farms & Ranches; Farm Stands; Agritourism; Shops & Grocers,On-Farm / Ranch Sales; Roadside Market; Agritourism; Grocery Store,22967 County Road 21 3/4,Milliken,Weld,80543,(720) 980-9728,,,https://www.facebook.com/profile.php?id=100095632264938,https://www.instagram.com/young_roots_farmstand/?fbclid=IwAR2aX5alxqbh5V18KbX2WeC6VHCr0EPwWaf3Nk2CCt8WNlXnWBSAxI8IXLs,,,"Bee Keeping, Eggs, Fruit, Herb & Spice Processing, Herbs, Honey & Honey Products, Hot Peppers (Chili Peppers), Jam, Jam, Jelly & Preserves, Lavender, Spice Blends, Vegetables",,,40.332433,-104.85383,Colorado Proud member directory
Young's Market & Garden Center,Garden Centers,Garden Center / Greenhouse,9400 w 44th Ave,Wheat Ridge,Jefferson,80033,(303) 422-8408,,,,,,,"Apples, Apricots, Artichokes, Asparagus, Avocados, Bananas, Basil, Beans, Beans (Field/Dry), Beets, Blackberries, Blueberries, Boysenberries, Broccoli, Brussels Sprouts, Cabbage, Carrots, Cauliflower, Celery, Chard, Cherries, Chives, Cider, Cilantro, Collards, Coriander, Corn, Corn Chips, Cranberries, Cucumbers, Currants, Dill, Dried Fruit, Elderberries, Fennel, Flowers, Fruit, Garlic, Ginger, Gooseberries, Grapefruit, Grapes, Grass, Greens, Herbs, Honey, Honey & Honey Products, Hot Peppers (Chili Peppers), Jam, Jam, Jelly & Preserves, Juice, Kale, Kohlrabi, Koi, Leeks, Lemon Balm, Lemon Verbena, Lemons, Lettuce, Limes, Mango, Maple Syrup, Marjoram, Mayhaw, Millet, Mint, Muskmelons, Nectarines, Nursery & Horticulture Products, Nuts, Okra, Olives, Onions, Oranges, Oregano, Papaya, Parsley, Parsnips, Passion Fruit, Peaches, Peanuts, Pears, Peas, Peas, Pecans, Peppers, Pickles & Pickled Products, Pineapple, Plums, Pomegranates, Popcorn & Popcorn Products, Potatoes, Pretzels, Pumpkins, Radishes, Raspberries, Rhubarb, Rosemary, Rue, Rutabaga, Sage, Salsa, Savory, Shallots, Snack Food Products, Soft Drinks, Spinach, Sprouts, Stevia, Strawberries, Summer Squash, Sunflower, Sweet Corn, Sweet Potatoes, Syrups, Tarragon, Thyme, Tomatillos, Tomatoes, Tortillas, Vegetables, Vinegar, Watermelon, Wheat, Winter Squash, Wreaths, Zucchini",,,39.778037,-105.10218,Colorado Proud member directory
Your Peak Energy,Shops & Grocers,Bakery,3350 Cortina Drive,Colorado Springs,El Paso,80918,(719) 822-1205,,https://yourpeakenergy.com,https://www.facebook.com/groups/1571206466407817,,,,Baked Goods,,,38.913256,-104.766085,Colorado Proud member directory
Z's Orchard,Farms & Ranches,On-Farm / Ranch Sales,315 33 34 Rd,Palisade,Mesa,81526,,zorchard@email.com,,,,,,,,,39.050159,-108.441157,USDA local food directories
Zen and the Art of Beeing,Farms & Ranches; Shops & Grocers,On-Farm / Ranch Sales; Food Maker,,,,,,,https://www.zenandtheartofbeeing.com,https://www.facebook.com/profile.php?id=100063553115779,https://www.instagram.com/zenandtheartofbeeing,,,"Bee Keeping, Honey & Honey Products, Value-Added Non-Food Products",,,,,Colorado Proud member directory
Zendo Greens LLC,Farms & Ranches,On-Farm / Ranch Sales,546 Starlite Drive,Pueblo,Pueblo,81005,(719) 242-3204,,https://www.zendogreens.com,https://www.facebook.com/zendogreens,https://www.instagram.com/zendogreens/,,,Microgreens,,,38.215711,-104.662039,Colorado Proud member directory
Zephyros Farm and Garden,Farms & Ranches,On-Farm / Ranch Sales,3725 Road,Paonia,,,,,,,,,,,,,,,USDA local food directories
Zero G Quail Farms LLC,Farm Stands,Roadside Market,,,,,(505) 227-6773,,,https://www.facebook.com/people/Zero-G-Quail-Farm/61558928976225/?_rdr,https://www.instagram.com/zerogquailfarms/,,,Quail,,,,,Colorado Proud member directory
"Zion Farms, LLC",Farms & Ranches,On-Farm / Ranch Sales,4092 County Road 510,Ignacio,La Plata,81137,(615) 397-2550,,,,,,,"Cucumbers, Eggplant, Garlic, Hemp-Cannabinoids, Onions, Pumpkins, Summer Squash, Sweet Corn, Tomatoes, Watermelon, Zucchini",,,37.193866,-107.711293,Colorado Proud member directory
Zippity Zoo Barnyard,Agritourism,Agritourism,6921 Ridge Valley Ct,Loveland,Larimer,80538,(970) 231-6444,zippityzoofun@gmail.com,,http://www.facebook.com/zippityzoobarnyard,,,,,,,40.431299,-105.178149,USDA local food directories
Zweck's Fresh,Farms & Ranches,On-Farm / Ranch Sales,10901 Airport Road,Longmont,Boulder,80503,,,,,,,,,,,40.172546,-105.154711,USDA local food directories
